date,followers,following,media,avg_likes,avg_comments
2025-08-31,21373,77,85,815.9375,26.625
2025-08-30,21371,77,85,815.9375,26.625
2025-08-29,21367,77,85,815.8125,26.625
2025-08-28,21371,77,85,815.75,26.625
2025-08-27,21373,77,85,815.75,26.625
2025-08-26,21368,77,85,815.625,26.625
2025-08-25,21362,77,85,815.625,26.625
2025-08-24,21362,77,85,815.625,26.625
2025-08-23,21363,77,85,815.625,26.625
2025-08-22,21365,77,85,815.625,26.5625
2025-08-21,21361,77,85,815.625,26.5625
2025-08-20,21365,77,85,815.75,26.5625
2025-08-19,21359,77,85,815.8125,26.5625
2025-08-18,21355,77,85,815.8125,26.5625
2025-08-17,21353,77,85,815.75,26.5625
2025-08-16,21356,77,85,814.8125,26.5625
2025-08-15,21360,77,85,814.8125,26.5625
2025-08-14,21358,77,85,814.8125,26.5625
2025-08-13,21357,78,85,814.75,26.5625
2025-08-12,21358,78,85,814.75,26.5625
2025-08-11,21357,78,85,814.4375,26.5625
2025-08-10,21345,78,85,814.3125,26.5625
2025-08-09,21344,78,85,814.3125,26.5625
2025-08-08,21343,78,85,814.375,26.5625
2025-08-07,21344,78,85,814.375,26.5625
2025-08-06,21346,78,85,814.625,26.5625
2025-08-05,21340,78,85,814.625,26.5625
2025-08-04,21333,78,85,814.5,26.5625
2025-08-03,21331,78,85,814.5,26.5625
2025-08-02,21335,78,85,814.5,26.5625
2025-08-01,21332,78,85,814.5,26.5625
2025-07-31,21333,78,85,814.3125,26.5625
2025-07-30,21331,78,85,814.625,26.5625
2025-07-29,21332,78,85,814.625,26.5625
2025-07-28,21329,78,85,814.5,26.5625
2025-07-27,21323,78,85,814.5625,26.5625
2025-07-26,21324,78,85,814.5625,26.5625
2025-07-25,21322,78,85,814.5625,26.5625
2025-07-24,21330,78,85,814.5625,26.5625
2025-07-23,21322,78,85,814.5625,26.5625
2025-07-22,21319,78,85,814.4375,26.5625
2025-07-21,21320,78,85,814.4375,26.5625
2025-07-20,21325,78,85,814.5625,26.5625
2025-07-19,21325,78,85,814.75,26.5625
2025-07-18,21326,78,85,814.75,26.5625
2025-07-17,21321,78,85,814.75,26.5625
2025-07-16,21323,78,85,814.75,26.5625
2025-07-15,21325,78,85,814.8125,26.5625
2025-07-14,21320,78,85,814.875,26.5625
2025-07-13,21317,78,85,814.875,26.5625
2025-07-12,21319,78,85,814.875,26.5625
2025-07-11,21315,78,85,814.875,26.625
2025-07-10,21315,78,85,814.875,26.625
2025-07-09,21313,78,85,814.875,26.625
2025-07-08,21318,78,85,814.3125,26.625
2025-07-07,21318,78,85,814.1875,26.625
2025-07-06,21323,78,85,813.5625,26.625
2025-07-05,21325,78,85,813.4375,26.625
2025-07-04,21329,78,85,814.0,26.625
2025-07-03,21333,78,85,814.0625,26.625
2025-07-02,21332,78,85,814.0,26.625
2025-07-01,21329,78,85,814.0625,26.625
2025-06-30,21334,78,85,814.0625,26.625
2025-06-29,21331,78,85,814.0625,26.625
2025-06-28,21332,78,85,814.1875,26.625
2025-06-27,21330,78,85,814.25,26.625
2025-06-26,21331,78,85,815.1875,26.625
2025-06-25,21333,78,85,815.1875,26.625
2025-06-24,21330,78,85,815.1875,26.625
2025-06-23,21330,78,85,815.1875,26.625
2025-06-22,21332,78,85,815.1875,26.625
2025-06-21,21332,78,85,815.25,26.625
2025-06-20,21332,78,85,815.1875,26.625
2025-06-19,21336,78,85,815.25,26.625
2025-06-18,21335,78,85,815.25,26.625
2025-06-17,21334,78,85,815.3125,26.625
2025-06-16,21328,78,85,815.3125,26.625
2025-06-15,21333,78,85,815.3125,26.625
2025-06-14,21331,78,85,815.4375,26.625
2025-06-13,21328,78,85,815.4375,26.625
2025-06-12,21336,78,85,815.4375,26.625
2025-06-11,21335,78,85,815.375,26.625
2025-06-10,21331,78,85,815.375,26.625
2025-06-09,21330,78,85,815.4375,26.625
2025-06-08,21329,78,85,815.4375,26.625
2025-06-07,21325,78,85,815.5,26.625
2025-06-06,21327,78,85,815.4375,26.625
2025-06-05,21326,78,85,815.375,26.625
2025-06-04,21323,78,85,815.4375,26.625
2025-06-03,21325,78,85,815.3125,26.625
2025-06-02,21327,78,85,815.25,26.6875
2025-06-01,21329,78,85,815.375,26.6875
2025-05-31,21328,78,85,815.375,26.6875
2025-05-30,21330,78,85,815.375,26.6875
2025-05-29,21321,78,85,815.375,26.6875
2025-05-28,21323,78,85,815.375,26.6875
2025-05-27,21318,78,85,815.3125,26.6875
2025-05-26,21316,78,85,614.4,20.08
2025-05-25,21313,78,85,815.3125,26.6875
2025-05-24,21315,78,85,815.3125,26.6875
2025-05-23,21313,78,85,815.375,26.6875
2025-05-22,21310,78,85,814.375,26.6875
2025-05-21,21305,78,85,814.5,26.6875
2025-05-20,21298,78,85,814.5,26.6875
2025-05-19,21299,78,85,814.5,26.6875
2025-05-18,21302,78,85,814.4375,26.6875
2025-05-17,21303,78,85,814.4375,26.6875
2025-05-16,21301,78,85,814.375,26.6875
2025-05-15,21298,78,85,814.3125,26.6875
2025-05-14,21301,78,85,814.375,26.6875
2025-05-13,21302,78,85,814.375,26.6875
2025-05-12,21306,78,85,814.375,26.6875
2025-05-11,21310,78,85,814.375,26.6875
2025-05-10,21305,78,85,0.0,0.0
2025-05-09,21301,78,85,814.4375,26.6875
2025-05-08,21302,78,85,814.375,26.6875
2025-05-07,21306,78,85,814.375,26.6875
2025-05-06,21306,78,85,814.4375,26.6875
2025-05-05,21306,78,85,814.4375,26.6875
2025-05-04,21296,78,85,814.4375,26.6875
2025-05-03,21297,78,85,814.375,26.625
2025-05-02,21294,78,85,814.3125,26.625
2025-05-01,21292,78,85,814.375,26.625
2025-04-30,21289,78,85,0.0,0.0
2025-04-29,21286,78,85,0.0,0.0
2025-04-28,21274,78,85,0.0,0.0
2025-04-25,21277,78,85,0.0,0.0
2025-04-24,21277,78,85,0.0,0.0
2025-04-23,21276,78,85,0.0,0.0
2025-04-22,21284,78,85,0.0,0.0
2025-04-21,21285,78,85,0.0,0.0
2025-04-20,21286,78,85,0.0,0.0
2025-04-19,21278,78,85,0.0,0.0
2025-04-18,21275,78,85,0.0,0.0
2025-04-17,21272,78,85,0.0,0.0
2025-04-16,21266,78,85,0.0,0.0
2025-04-15,21267,78,85,0.0,0.0
2025-04-14,21267,78,85,0.0,0.0
2025-04-13,21267,78,85,0.0,0.0
2025-04-12,21264,78,85,0.0,0.0
2025-04-11,21259,78,85,0.0,0.0
2025-04-10,21245,78,85,0.0,0.0
2025-04-09,21240,78,85,0.0,0.0
2025-04-08,21235,78,85,0.0,0.0
2025-04-07,21238,78,85,0.0,0.0
2025-04-06,21232,78,85,0.0,0.0
2025-04-05,21237,78,85,0.0,0.0
2025-04-04,21235,78,85,0.0,0.0
2025-04-03,21232,78,85,0.0,0.0
2025-04-02,21236,78,85,0.0,0.0
2025-04-01,21229,78,85,0.0,0.0
2025-03-31,21234,78,85,0.0,0.0
2025-03-30,21228,78,85,0.0,0.0
2025-03-29,21222,78,85,0.0,0.0
2025-03-28,21218,78,85,0.0,0.0
2025-03-27,21211,78,85,0.0,0.0
2025-03-26,21203,78,85,0.0,0.0
2025-03-25,21182,78,85,0.0,0.0
2025-03-24,21187,78,85,0.0,0.0
2025-03-23,21200,78,85,0.0,0.0
2025-03-22,21210,78,85,0.0,0.0
2025-03-21,21212,78,85,0.0,0.0
2025-03-17,21199,78,85,0.0,0.0
2025-03-15,21198,78,85,0.0,0.0
2025-03-14,21191,78,85,0.0,0.0
2025-03-13,21187,78,85,0.0,0.0
2025-03-12,21185,78,85,0.0,0.0
2025-03-11,21182,78,85,0.0,0.0
2025-03-10,21186,78,85,0.0,0.0
2025-03-09,21194,78,0,0.0,0.0
2025-03-08,21195,78,85,0.0,0.0
2025-03-07,21195,78,85,0.0,0.0
2025-03-06,21198,78,85,0.0,0.0
2025-03-05,21200,78,85,0.0,0.0
2025-03-04,21194,78,85,0.0,0.0
2025-03-03,21192,78,85,0.0,0.0
2025-03-02,21183,78,85,0.0,0.0
2025-03-01,21179,78,85,0.0,0.0
2025-02-28,21179,78,85,0.0,0.0
2025-02-27,21177,78,85,0.0,0.0
2025-02-26,21175,78,85,0.0,0.0
2025-02-25,21176,78,85,0.0,0.0
2025-02-24,21181,78,85,0.0,0.0
2025-02-23,21183,78,85,0.0,0.0
2025-02-22,21179,78,85,0.0,0.0
2025-02-21,21178,78,85,0.0,0.0
2025-02-20,21169,78,85,0.0,0.0
2025-02-19,21167,78,85,0.0,0.0
2025-02-18,21167,78,85,0.0,0.0
2025-02-17,21173,78,85,0.0,0.0
2025-02-16,21177,78,85,0.0,0.0
2025-02-15,21180,78,85,0.0,0.0
2025-02-14,21179,78,85,0.0,0.0
2025-02-13,21177,78,85,0.0,0.0
2025-02-12,21168,78,85,0.0,0.0
2025-02-11,21160,78,85,0.0,0.0
2025-02-10,21167,78,85,0.0,0.0
2025-02-09,21165,78,85,0.0,0.0
2025-02-08,21166,78,85,0.0,0.0
2025-02-07,21164,78,85,0.0,0.0
2025-02-06,21163,78,85,0.0,0.0
2025-02-05,21164,78,85,0.0,0.0
2025-02-04,21165,78,85,0.0,0.0
2025-02-03,21167,78,85,0.0,0.0
2025-02-02,21166,78,85,0.0,0.0
2025-02-01,21163,78,85,0.0,0.0
2025-01-31,21169,78,85,0.0,0.0
2025-01-30,21172,78,85,0.0,0.0
2025-01-29,21165,78,85,0.0,0.0
2025-01-28,21170,78,85,0.0,0.0
2025-01-27,21171,78,85,0.0,0.0
2025-01-26,21169,78,85,0.0,0.0
2025-01-25,21166,78,85,0.0,0.0
2025-01-24,21165,78,85,0.0,0.0
2025-01-23,21161,78,85,0.0,0.0
2025-01-22,21166,78,85,0.0,0.0
2025-01-21,21167,78,85,0.0,0.0
2025-01-20,21169,78,85,0.0,0.0
2025-01-19,21169,78,85,0.0,0.0
2025-01-18,21176,78,85,0.0,0.0
2025-01-17,21173,78,85,0.0,0.0
2025-01-16,21179,78,85,0.0,0.0
2025-01-15,21181,78,85,0.0,0.0
2025-01-14,21177,78,85,0.0,0.0
2025-01-13,21176,78,85,0.0,0.0
2025-01-12,21177,78,85,0.0,0.0
2025-01-11,21175,78,85,0.0,0.0
2025-01-10,21172,78,85,0.0,0.0
2025-01-09,21170,78,85,0.0,0.0
2025-01-08,21166,78,85,0.0,0.0
2025-01-07,21174,78,85,0.0,0.0
2025-01-06,21168,78,85,0.0,0.0
2025-01-05,21170,78,85,0.0,0.0
2025-01-04,21171,78,85,0.0,0.0
2025-01-03,21170,78,85,0.0,0.0
2025-01-02,21172,78,85,0.0,0.0
2025-01-01,21173,78,85,0.0,0.0
2024-12-31,21175,78,85,0.0,0.0
2024-12-30,21181,78,85,0.0,0.0
2024-12-29,21176,78,85,0.0,0.0
2024-12-28,21177,78,85,0.0,0.0
2024-12-27,21179,78,85,0.0,0.0
2024-12-26,21177,78,85,0.0,0.0
2024-12-25,21179,78,85,0.0,0.0
2024-12-24,21182,78,85,0.0,0.0
2024-12-23,21184,78,85,0.0,0.0
2024-12-22,21188,78,85,0.0,0.0
2024-12-21,21187,78,85,0.0,0.0
2024-12-20,21189,78,85,0.0,0.0
2024-12-19,21185,78,85,0.0,0.0
2024-12-18,21188,78,85,0.0,0.0
2024-12-17,21186,78,85,0.0,0.0
2024-12-16,21187,78,85,0.0,0.0
2024-12-15,21190,78,85,0.0,0.0
2024-12-14,21194,78,85,0.0,0.0
2024-12-13,21192,78,85,0.0,0.0
2024-12-12,21192,78,85,0.0,0.0
2024-12-11,21192,78,85,0.0,0.0
2024-12-10,21192,78,85,0.0,0.0
2024-12-09,21189,78,85,0.0,0.0
2024-12-08,21191,78,85,0.0,0.0
2024-12-07,21187,78,85,0.0,0.0
2024-12-06,21187,78,85,0.0,0.0
2024-12-05,21182,78,85,0.0,0.0
2024-12-04,21187,78,85,0.0,0.0
2024-12-03,21188,78,85,0.0,0.0
2024-12-02,21191,78,85,0.0,0.0
2024-12-01,21195,78,85,0.0,0.0
2024-11-30,21195,78,85,0.0,0.0
2024-11-29,21197,78,85,0.0,0.0
2024-11-28,21193,78,85,0.0,0.0
2024-11-27,21199,78,85,0.0,0.0
2024-11-26,21194,78,85,0.0,0.0
2024-11-25,21199,78,85,0.0,0.0
2024-11-24,21201,78,85,0.0,0.0
2024-11-23,21197,78,85,0.0,0.0
2024-11-22,21206,78,85,0.0,0.0
2024-11-21,21204,78,85,0.0,0.0
2024-11-20,21202,78,85,0.0,0.0
2024-11-19,21203,78,85,0.0,0.0
2024-11-18,21210,78,85,0.0,0.0
2024-11-17,21208,78,85,0.0,0.0
2024-11-16,21205,78,85,0.0,0.0
2024-11-15,21205,78,85,0.0,0.0
2024-11-14,21204,78,85,0.0,0.0
2024-11-13,21205,78,85,0.0,0.0
2024-11-12,21202,78,85,0.0,0.0
2024-11-11,21205,78,85,0.0,0.0
2024-11-10,21207,78,85,0.0,0.0
2024-11-09,21204,78,85,0.0,0.0
2024-11-08,21202,78,85,0.0,0.0
2024-11-07,21205,78,85,0.0,0.0
2024-11-06,21210,78,85,0.0,0.0
2024-11-05,21208,78,85,0.0,0.0
2024-11-04,21200,78,85,0.0,0.0
2024-11-03,21201,78,85,0.0,0.0
2024-11-02,21194,78,85,0.0,0.0
2024-11-01,21193,78,85,0.0,0.0
2024-10-31,21199,78,85,0.0,0.0
2024-10-30,21199,78,85,0.0,0.0
2024-10-29,21200,78,85,0.0,0.0
2024-10-28,21210,78,85,0.0,0.0
2024-10-27,21210,78,85,0.0,0.0
2024-10-26,21208,78,85,0.0,0.0
2024-10-25,21205,78,85,0.0,0.0
2024-10-24,21202,78,85,0.0,0.0
2024-10-23,21198,78,85,0.0,0.0
2024-10-22,21200,78,85,0.0,0.0
2024-10-21,21204,78,85,0.0,0.0
2024-10-20,21205,78,85,0.0,0.0
2024-10-19,21206,78,85,0.0,0.0
2024-10-18,21209,78,85,0.0,0.0
2024-10-17,21213,78,85,0.0,0.0
2024-10-16,21217,78,85,0.0,0.0
2024-10-15,21217,78,85,0.0,0.0
2024-10-14,21218,78,85,0.0,0.0
2024-10-13,21224,78,85,0.0,0.0
2024-10-12,21219,78,85,0.0,0.0
2024-10-11,21223,78,85,0.0,0.0
2024-10-10,21224,78,85,0.0,0.0
2024-10-09,21228,78,85,0.0,0.0
2024-10-08,21227,78,85,0.0,0.0
2024-10-07,21229,78,85,0.0,0.0
2024-10-06,21220,78,85,0.0,0.0
2024-10-05,21216,78,85,0.0,0.0
2024-10-04,21212,78,85,0.0,0.0
2024-10-03,21213,78,85,0.0,0.0
2024-10-02,21217,78,85,0.0,0.0
2024-10-01,21218,78,85,0.0,0.0
2024-09-30,21213,78,85,0.0,0.0
2024-09-29,21219,78,85,0.0,0.0
2024-09-28,21214,78,85,0.0,0.0
2024-09-27,21216,78,85,0.0,0.0
2024-09-26,21215,78,85,0.0,0.0
2024-09-25,21211,78,85,0.0,0.0
2024-09-24,21205,78,85,0.0,0.0
2024-09-23,21205,78,85,0.0,0.0
2024-09-22,21212,78,85,0.0,0.0
2024-09-21,21215,78,85,0.0,0.0
2024-09-20,21218,78,85,0.0,0.0
2024-09-19,21215,78,85,0.0,0.0
2024-09-18,21211,78,85,0.0,0.0
2024-09-17,21212,78,85,0.0,0.0
2024-09-16,21212,78,85,0.0,0.0
2024-09-15,21210,78,85,0.0,0.0
2024-09-14,21207,78,85,0.0,0.0
2024-09-13,21207,78,85,0.0,0.0
2024-09-12,21206,78,85,0.0,0.0
2024-09-11,21210,78,85,0.0,0.0
2024-09-10,21212,78,85,0.0,0.0
2024-09-09,21216,78,85,0.0,0.0
2024-09-08,21212,78,85,0.0,0.0
2024-09-07,21216,78,85,0.0,0.0
2024-09-06,21215,78,85,0.0,0.0
2024-09-05,21217,78,85,0.0,0.0
2024-09-04,21221,78,85,0.0,0.0
2024-09-03,21220,78,85,0.0,0.0
2024-09-02,21211,78,85,0.0,0.0
2024-09-01,21210,78,85,0.0,0.0
2024-08-31,21212,78,85,0.0,0.0
2024-08-30,21211,78,85,0.0,0.0
2024-08-29,21208,78,85,0.0,0.0
2024-08-28,21213,78,85,0.0,0.0
2024-08-27,21210,78,85,0.0,0.0
2024-08-26,21210,78,85,0.0,0.0
2024-08-25,21211,78,85,0.0,0.0
2024-08-24,21211,78,85,0.0,0.0
2024-08-23,21212,78,85,0.0,0.0
2024-08-22,21214,78,85,0.0,0.0
2024-08-21,21209,78,85,0.0,0.0
2024-08-20,21205,78,85,0.0,0.0
2024-08-19,21204,78,85,0.0,0.0
2024-08-18,21204,78,85,0.0,0.0
2024-08-17,21201,78,85,0.0,0.0
2024-08-16,21206,78,85,0.0,0.0
2024-08-15,21211,78,85,0.0,0.0
2024-08-14,21213,78,85,0.0,0.0
2024-08-13,21217,78,85,0.0,0.0
2024-08-12,21212,78,85,0.0,0.0
2024-08-11,21205,78,85,0.0,0.0
2024-08-10,21208,78,85,0.0,0.0
2024-08-09,21208,78,85,0.0,0.0
2024-08-08,21210,78,85,0.0,0.0
2024-08-07,21212,78,85,0.0,0.0
2024-08-06,21218,78,85,0.0,0.0
2024-08-05,21225,78,85,0.0,0.0
2024-08-04,21224,78,85,0.0,0.0
2024-08-03,21216,78,85,0.0,0.0
2024-08-02,21218,78,85,0.0,0.0
2024-08-01,21219,78,85,0.0,0.0
2024-07-31,21222,78,85,0.0,0.0
2024-07-30,21222,78,85,0.0,0.0
2024-07-29,21214,78,85,0.0,0.0
2024-07-28,21218,78,85,0.0,0.0
2024-07-27,21220,78,85,0.0,0.0
2024-07-26,21220,78,85,0.0,0.0
2024-07-25,21226,78,85,0.0,0.0
2024-07-24,21227,78,85,0.0,0.0
2024-07-23,21222,78,85,0.0,0.0
2024-07-22,21212,78,85,0.0,0.0
2024-07-21,21220,78,85,0.0,0.0
2024-07-20,21221,78,85,0.0,0.0
2024-07-19,21228,78,85,0.0,0.0
2024-07-18,21231,78,85,0.0,0.0
2024-07-17,21231,78,85,0.0,0.0
2024-07-16,21233,78,85,0.0,0.0
2024-07-15,21233,78,85,0.0,0.0
2024-07-14,21229,78,85,0.0,0.0
2024-07-13,21229,78,85,0.0,0.0
2024-07-12,21230,78,85,0.0,0.0
2024-07-11,21233,78,85,0.0,0.0
2024-07-10,21231,78,85,0.0,0.0
2024-07-09,21233,78,85,0.0,0.0
2024-07-08,21233,78,85,0.0,0.0
2024-07-07,21236,78,85,0.0,0.0
2024-07-06,21233,78,85,0.0,0.0
2024-07-05,21231,78,85,0.0,0.0
2024-07-04,21231,78,85,0.0,0.0
2024-07-03,21234,78,85,0.0,0.0
2024-07-02,21235,78,85,0.0,0.0
2024-07-01,21238,78,85,0.0,0.0
2024-06-30,21238,78,85,0.0,0.0
2024-06-29,21240,78,85,0.0,0.0
2024-06-28,21237,78,85,0.0,0.0
2024-06-27,21240,78,85,0.0,0.0
2024-06-26,21242,78,85,0.0,0.0
2024-06-25,21246,78,85,0.0,0.0
2024-06-24,21250,78,85,0.0,0.0
2024-06-23,21251,78,85,0.0,0.0
2024-06-22,21253,78,85,0.0,0.0
2024-06-21,21261,78,85,0.0,0.0
2024-06-20,21258,78,85,0.0,0.0
2024-06-19,21261,78,85,0.0,0.0
2024-06-18,21254,78,85,0.0,0.0
2024-06-17,21257,78,85,0.0,0.0
2024-06-16,21252,78,85,0.0,0.0
2024-06-15,21254,78,85,0.0,0.0
2024-06-14,21252,78,85,0.0,0.0
2024-06-13,21255,78,85,0.0,0.0
2024-06-12,21252,78,85,0.0,0.0
2024-06-11,21254,78,85,0.0,0.0
2024-06-10,21253,78,85,0.0,0.0
2024-06-09,21246,78,85,0.0,0.0
2024-06-08,21246,78,85,0.0,0.0
2024-06-07,21243,78,85,0.0,0.0
2024-06-06,21241,78,85,0.0,0.0
2024-06-05,21226,78,85,0.0,0.0
2024-06-04,21221,78,85,0.0,0.0
2024-06-03,21221,78,85,0.0,0.0
2024-06-02,21220,78,85,0.0,0.0
2024-06-01,21225,78,85,0.0,0.0
2024-05-31,21229,78,85,0.0,0.0
2024-05-30,21231,78,85,0.0,0.0
2024-05-29,21220,78,85,0.0,0.0
2024-05-28,21220,78,85,0.0,0.0
2024-05-27,21229,78,85,0.0,0.0
2024-05-26,21229,78,85,0.0,0.0
2024-05-25,21232,78,85,0.0,0.0
2024-05-24,21233,78,85,0.0,0.0
2024-05-23,21235,78,85,0.0,0.0
2024-05-22,21234,78,85,0.0,0.0
2024-05-21,21232,78,85,0.0,0.0
2024-05-20,21230,78,85,0.0,0.0
2024-05-19,21228,78,85,0.0,0.0
2024-05-18,21228,78,85,0.0,0.0
2024-05-17,21229,78,85,0.0,0.0
2024-05-16,21231,78,85,0.0,0.0
2024-05-15,21227,78,85,0.0,0.0
2024-05-14,21222,78,85,0.0,0.0
2024-05-13,21221,78,85,0.0,0.0
2024-05-12,21220,78,85,0.0,0.0
2024-05-11,21225,78,85,0.0,0.0
2024-05-10,21218,78,85,0.0,0.0
2024-05-09,21218,78,85,0.0,0.0
2024-05-08,21218,78,85,0.0,0.0
2024-05-07,21220,78,85,0.0,0.0
2024-05-06,21224,78,85,0.0,0.0
2024-05-05,21223,78,85,0.0,0.0
2024-05-04,21218,78,85,0.0,0.0
2024-05-03,21225,78,85,0.0,0.0
2024-05-02,21227,78,85,0.0,0.0
2024-05-01,21229,78,85,0.0,0.0
2024-04-30,21172,78,85,0.0,0.0
2024-04-29,21066,78,85,0.0,0.0
2024-04-28,21069,78,85,0.0,0.0
2024-04-27,21072,78,85,0.0,0.0
2024-04-26,21071,78,85,0.0,0.0
2024-04-25,21072,78,85,0.0,0.0
2024-04-24,21072,78,85,0.0,0.0
2024-04-23,21077,78,85,0.0,0.0
2024-04-22,21075,78,85,0.0,0.0
2024-04-21,21084,78,85,0.0,0.0
2024-04-20,21089,78,85,0.0,0.0
2024-04-19,21088,78,85,0.0,0.0
2024-04-18,21084,78,85,0.0,0.0
2024-04-17,21082,78,85,0.0,0.0
2024-04-16,21078,78,85,0.0,0.0
2024-04-15,21078,78,85,0.0,0.0
2024-04-14,21073,78,85,0.0,0.0
2024-04-13,21075,78,85,0.0,0.0
2024-04-12,21073,78,85,0.0,0.0
2024-04-11,21076,78,85,0.0,0.0
2024-04-10,21070,78,85,0.0,0.0
2024-04-09,21064,78,85,0.0,0.0
2024-04-08,21065,78,85,0.0,0.0
2024-04-07,21072,78,85,0.0,0.0
2024-04-06,21066,78,85,0.0,0.0
2024-04-05,21065,78,85,0.0,0.0
2024-04-04,21069,78,85,0.0,0.0
2024-04-03,21070,78,85,0.0,0.0
2024-04-02,21067,78,85,0.0,0.0
2024-04-01,21069,78,85,0.0,0.0
2024-03-31,21068,78,85,0.0,0.0
2024-03-30,21072,78,85,0.0,0.0
2024-03-29,21071,78,85,0.0,0.0
2024-03-28,21074,78,85,0.0,0.0
2024-03-27,21075,78,85,0.0,0.0
2024-03-26,21078,78,85,0.0,0.0
2024-03-25,21081,78,85,0.0,0.0
2024-03-24,21075,78,85,0.0,0.0
2024-03-23,21072,78,85,0.0,0.0
2024-03-22,21070,78,85,0.0,0.0
2024-03-21,21069,78,85,0.0,0.0
2024-03-20,21069,78,85,0.0,0.0
2024-03-19,21070,78,85,0.0,0.0
2024-03-18,21074,78,85,0.0,0.0
2024-03-17,21071,78,85,0.0,0.0
2024-03-16,21073,78,85,0.0,0.0
2024-03-15,21076,78,85,0.0,0.0
2024-03-14,21067,78,85,0.0,0.0
2024-03-13,21070,78,85,0.0,0.0
2024-03-12,21068,78,85,0.0,0.0
2024-03-11,21067,78,85,0.0,0.0
2024-03-10,21069,78,85,0.0,0.0
2024-03-09,21068,78,85,0.0,0.0
2024-03-08,21070,78,85,0.0,0.0
2024-03-07,21064,78,85,0.0,0.0
2024-03-06,21066,78,85,0.0,0.0
2024-03-05,21075,78,85,0.0,0.0
2024-03-04,21077,78,85,0.0,0.0
2024-03-03,21081,78,85,0.0,0.0
2024-03-02,21086,78,85,0.0,0.0
2024-03-01,21082,78,85,0.0,0.0
2024-02-29,21085,78,85,0.0,0.0
2024-02-28,21088,78,85,0.0,0.0
2024-02-27,21090,78,85,0.0,0.0
2024-02-26,21092,78,85,0.0,0.0
2024-02-25,21093,78,85,0.0,0.0
2024-02-24,21090,78,85,0.0,0.0
2024-02-23,21089,78,85,0.0,0.0
2024-02-22,21097,78,85,0.0,0.0
2024-02-21,21102,78,85,0.0,0.0
2024-02-20,21100,78,85,0.0,0.0
2024-02-19,21092,78,85,0.0,0.0
2024-02-18,21097,78,85,0.0,0.0
2024-02-17,21105,78,85,0.0,0.0
2024-02-16,21101,78,85,0.0,0.0
2024-02-15,21096,78,85,0.0,0.0
2024-02-14,21098,78,85,0.0,0.0
2024-02-13,21104,78,85,0.0,0.0
2024-02-12,21106,78,85,0.0,0.0
2024-02-11,21107,78,85,0.0,0.0
2024-02-10,21107,78,85,0.0,0.0
2024-02-09,21102,78,85,0.0,0.0
2024-02-08,21102,78,85,0.0,0.0
2024-02-07,21102,78,85,0.0,0.0
2024-02-06,21106,78,85,0.0,0.0
2024-02-05,21099,78,85,0.0,0.0
2024-02-04,21101,78,85,0.0,0.0
2024-02-03,21094,78,85,0.0,0.0
2024-02-02,21086,78,85,0.0,0.0
2024-02-01,21087,78,85,0.0,0.0
2024-01-31,21087,78,85,0.0,0.0
2024-01-30,21092,78,85,0.0,0.0
2024-01-29,21095,78,85,0.0,0.0
2024-01-28,21108,78,85,0.0,0.0
2024-01-27,21109,78,85,0.0,0.0
2024-01-26,21109,78,85,0.0,0.0
2024-01-25,21109,78,85,0.0,0.0
2024-01-24,21105,78,85,0.0,0.0
2024-01-23,21110,78,85,0.0,0.0
2024-01-22,21111,78,85,0.0,0.0
2024-01-21,21111,78,85,0.0,0.0
2024-01-20,21112,78,85,0.0,0.0
2024-01-19,21113,78,85,0.0,0.0
2024-01-18,21111,78,85,0.0,0.0
2024-01-17,21113,78,85,0.0,0.0
2024-01-16,21113,78,85,0.0,0.0
2024-01-15,21116,78,85,0.0,0.0
2024-01-14,21107,78,85,0.0,0.0
2024-01-13,21095,78,85,0.0,0.0
2024-01-12,21105,78,85,0.0,0.0
2024-01-11,21108,78,85,0.0,0.0
2024-01-10,21112,78,85,0.0,0.0
2024-01-09,21110,78,85,0.0,0.0
2024-01-08,21110,78,85,0.0,0.0
2024-01-07,21116,78,85,0.0,0.0
2024-01-06,21117,78,85,0.0,0.0
2024-01-05,21123,78,85,0.0,0.0
2024-01-04,21124,78,85,0.0,0.0
2024-01-03,21123,78,85,0.0,0.0
2024-01-02,21123,78,85,0.0,0.0
2024-01-01,21125,78,85,0.0,0.0
2023-12-31,21122,78,85,0.0,0.0
2023-12-30,21124,78,85,0.0,0.0
2023-12-29,21122,78,85,0.0,0.0
2023-12-28,21117,78,85,0.0,0.0
2023-12-27,21118,78,85,0.0,0.0
2023-12-26,21123,78,85,0.0,0.0
2023-12-25,21119,78,85,0.0,0.0
2023-12-24,21121,78,85,0.0,0.0
2023-12-23,21095,78,85,0.0,0.0
2023-12-22,21123,78,85,0.0,0.0
2023-12-21,21132,78,85,0.0,0.0
2023-12-20,21132,78,85,0.0,0.0
2023-12-19,21139,78,85,0.0,0.0
2023-12-18,21147,78,85,0.0,0.0
2023-12-17,21147,78,85,0.0,0.0
2023-12-16,21151,78,85,0.0,0.0
2023-12-15,21145,78,85,0.0,0.0
2023-12-14,21141,78,85,0.0,0.0
2023-12-13,21139,78,85,0.0,0.0
2023-12-12,21135,78,85,0.0,0.0
2023-12-11,21135,78,85,0.0,0.0
2023-12-10,21129,78,85,0.0,0.0
2023-12-09,21114,78,85,0.0,0.0
2023-12-08,21092,78,85,0.0,0.0
2023-12-07,21113,78,85,0.0,0.0
2023-12-06,21106,78,85,0.0,0.0
2023-12-05,21106,78,85,0.0,0.0
2023-12-04,21099,78,85,0.0,0.0
2023-12-03,21082,78,85,0.0,0.0
2023-12-02,21112,78,85,0.0,0.0
2023-12-01,21113,78,85,0.0,0.0
2023-11-30,21113,78,85,0.0,0.0
2023-11-29,21116,78,85,0.0,0.0
2023-11-28,21113,78,85,0.0,0.0
2023-11-27,21112,78,85,0.0,0.0
2023-11-26,21116,78,85,0.0,0.0
2023-11-25,21110,78,85,0.0,0.0
2023-11-24,21103,78,85,0.0,0.0
2023-11-23,21110,78,85,0.0,0.0
2023-11-22,21099,78,85,0.0,0.0
2023-11-21,21100,78,85,0.0,0.0
2023-11-20,21099,78,85,0.0,0.0
2023-11-19,21089,78,85,0.0,0.0
2023-11-18,21092,78,85,0.0,0.0
2023-11-17,21111,78,85,0.0,0.0
2023-11-16,21099,78,85,0.0,0.0
2023-11-15,21104,78,85,0.0,0.0
2023-11-14,21107,78,85,0.0,0.0
2023-11-13,21107,78,85,0.0,0.0
2023-11-12,21105,78,85,0.0,0.0
2023-11-11,21100,78,85,0.0,0.0
2023-11-10,21094,78,85,0.0,0.0
2023-11-09,21105,78,85,0.0,0.0
2023-11-08,21102,78,85,0.0,0.0
2023-11-07,21107,78,85,0.0,0.0
2023-11-06,21106,78,85,0.0,0.0
2023-11-05,21104,78,85,0.0,0.0
2023-11-04,21105,78,85,0.0,0.0
2023-11-03,21102,78,85,0.0,0.0
2023-11-02,21096,78,85,0.0,0.0
2023-11-01,21097,78,85,0.0,0.0
2023-10-31,21101,78,85,0.0,0.0
2023-10-30,21100,78,85,0.0,0.0
2023-10-29,21099,78,85,0.0,0.0
2023-10-28,21104,78,85,0.0,0.0
2023-10-27,21104,78,85,0.0,0.0
2023-10-26,21109,78,85,0.0,0.0
2023-10-25,21097,78,85,0.0,0.0
2023-10-24,21100,78,85,0.0,0.0
2023-10-23,21108,78,85,0.0,0.0
2023-10-22,21102,78,85,0.0,0.0
2023-10-21,21101,78,85,0.0,0.0
2023-10-20,21097,78,85,0.0,0.0
2023-10-19,21114,78,85,0.0,0.0
2023-10-18,21104,78,85,0.0,0.0
2023-10-17,21106,78,85,0.0,0.0
2023-10-16,21112,78,85,0.0,0.0
2023-10-15,21112,78,85,0.0,0.0
2023-10-14,21108,78,85,0.0,0.0
2023-10-13,21108,78,85,0.0,0.0
2023-10-12,21108,78,85,0.0,0.0
2023-10-11,21109,78,85,0.0,0.0
2023-10-10,21113,78,85,0.0,0.0
2023-10-09,21102,78,85,0.0,0.0
2023-10-08,21103,78,85,0.0,0.0
2023-10-07,21103,78,85,0.0,0.0
2023-10-06,21104,78,85,0.0,0.0
2023-10-05,21105,78,85,0.0,0.0
2023-10-04,21100,78,85,0.0,0.0
2023-10-03,21096,78,85,0.0,0.0
2023-10-02,21101,78,85,0.0,0.0
2023-10-01,21105,78,85,0.0,0.0
2023-09-30,21102,78,85,0.0,0.0
2023-09-29,21102,78,85,0.0,0.0
2023-09-28,21100,78,85,0.0,0.0
2023-09-27,21100,78,85,0.0,0.0
2023-09-26,21099,78,85,0.0,0.0
2023-09-25,21093,78,85,0.0,0.0
2023-09-24,21097,78,85,0.0,0.0
2023-09-23,21106,78,85,0.0,0.0
2023-09-22,21106,78,85,0.0,0.0
2023-09-21,21106,78,85,0.0,0.0
2023-09-20,21103,78,85,0.0,0.0
2023-09-19,21104,78,85,0.0,0.0
2023-09-18,21102,78,85,0.0,0.0
2023-09-17,21108,78,85,0.0,0.0
2023-09-16,21109,78,85,0.0,0.0
2023-09-15,21102,78,85,0.0,0.0
2023-09-14,21109,78,85,0.0,0.0
2023-09-13,21066,78,85,0.0,0.0
2023-09-12,21061,78,85,0.0,0.0
2023-09-11,21067,78,85,0.0,0.0
2023-09-10,21072,78,85,0.0,0.0
2023-09-09,21076,78,85,0.0,0.0
2023-09-08,21070,78,85,0.0,0.0
2023-09-07,21070,78,85,0.0,0.0
2023-09-06,21079,78,85,0.0,0.0
2023-09-05,21073,78,85,0.0,0.0
2023-09-04,21078,78,85,0.0,0.0
2023-09-03,21079,78,85,0.0,0.0
2023-09-02,21089,78,85,0.0,0.0
2023-09-01,21081,78,85,0.0,0.0
2023-08-31,21078,78,85,0.0,0.0
2023-08-30,21078,78,85,0.0,0.0
2023-08-29,21077,78,85,0.0,0.0
2023-08-28,21088,78,85,0.0,0.0
2023-08-27,21081,78,85,0.0,0.0
2023-08-26,21084,78,85,0.0,0.0
2023-08-25,21086,78,85,0.0,0.0
2023-08-24,21091,78,85,0.0,0.0
2023-08-23,21095,78,85,0.0,0.0
2023-08-22,21090,78,85,0.0,0.0
2023-08-21,21058,78,85,0.0,0.0
2023-08-20,21057,78,85,0.0,0.0
2023-08-19,21055,78,85,0.0,0.0
2023-08-18,21055,78,85,0.0,0.0
2023-08-17,21056,78,85,0.0,0.0
2023-08-16,21060,78,85,0.0,0.0
2023-08-15,21058,78,85,0.0,0.0
2023-08-14,21061,78,85,0.0,0.0
2023-08-13,21069,78,85,0.0,0.0
2023-08-12,21072,78,85,0.0,0.0
2023-08-11,21065,78,85,0.0,0.0
2023-08-10,21063,78,85,0.0,0.0
2023-08-09,21064,78,85,0.0,0.0
2023-08-08,21067,78,85,0.0,0.0
2023-08-07,21069,78,85,0.0,0.0
2023-08-06,21065,78,85,0.0,0.0
2023-08-05,21067,78,85,0.0,0.0
2023-08-04,21065,78,85,0.0,0.0
2023-08-03,21066,78,85,0.0,0.0
2023-08-02,21066,78,85,0.0,0.0
2023-08-01,21065,78,85,0.0,0.0
2023-07-31,21066,78,85,0.0,0.0
2023-07-30,21068,78,85,0.0,0.0
2023-07-29,21070,78,85,0.0,0.0
2023-07-28,21065,78,85,0.0,0.0
2023-07-27,21067,78,85,0.0,0.0
2023-07-26,21065,78,85,0.0,0.0
2023-07-25,21072,78,85,0.0,0.0
2023-07-24,21073,78,85,0.0,0.0
2023-07-23,21072,78,85,0.0,0.0
2023-07-22,21075,78,85,0.0,0.0
2023-07-21,21070,78,85,0.0,0.0
2023-07-20,21074,78,85,0.0,0.0
2023-07-19,21076,78,85,0.0,0.0
2023-07-18,21079,78,85,0.0,0.0
2023-07-17,21083,78,85,0.0,0.0
2023-07-16,21076,78,85,0.0,0.0
2023-07-15,21079,78,85,0.0,0.0
2023-07-14,21072,78,85,0.0,0.0
2023-07-13,21072,78,85,0.0,0.0
2023-07-12,21063,78,85,0.0,0.0
2023-07-11,21056,78,85,0.0,0.0
2023-07-10,21053,78,85,0.0,0.0
2023-07-09,21058,78,85,0.0,0.0
2023-07-08,21062,78,85,0.0,0.0
2023-07-07,21066,78,85,0.0,0.0
2023-07-06,21055,78,85,0.0,0.0
2023-07-05,21061,78,85,0.0,0.0
2023-07-04,21069,78,85,0.0,0.0
2023-07-03,21066,78,85,0.0,0.0
2023-07-02,21065,78,85,0.0,0.0
2023-07-01,21063,78,85,0.0,0.0
2023-06-30,21064,78,85,0.0,0.0
2023-06-29,21064,78,85,0.0,0.0
2023-06-28,21064,78,85,0.0,0.0
2023-06-27,21065,78,85,0.0,0.0
2023-06-26,21069,78,85,0.0,0.0
2023-06-25,21066,78,85,0.0,0.0
2023-06-24,21063,78,85,0.0,0.0
2023-06-23,21065,78,85,0.0,0.0
2023-06-22,21062,78,85,0.0,0.0
2023-06-21,21060,78,85,0.0,0.0
2023-06-20,21057,78,85,0.0,0.0
2023-06-19,21052,78,85,0.0,0.0
2023-06-18,21049,78,85,0.0,0.0
2023-06-17,21050,78,85,0.0,0.0
2023-06-16,21046,78,85,0.0,0.0
2023-06-15,21049,78,85,0.0,0.0
2023-06-14,21049,78,85,0.0,0.0
2023-06-13,21047,78,85,0.0,0.0
2023-06-12,21050,78,85,0.0,0.0
2023-06-11,21047,78,85,0.0,0.0
2023-06-10,21050,78,85,0.0,0.0
2023-06-09,21052,78,85,0.0,0.0
2023-06-08,21050,78,85,0.0,0.0
2023-06-07,21057,78,85,0.0,0.0
2023-06-06,21051,78,85,0.0,0.0
2023-06-05,21049,78,85,0.0,0.0
2023-06-04,21044,78,85,0.0,0.0
2023-06-03,21038,78,85,0.0,0.0
2023-06-02,21041,78,85,0.0,0.0
2023-06-01,21039,78,85,0.0,0.0
2023-05-31,21037,78,85,0.0,0.0
2023-05-30,21038,78,85,0.0,0.0
2023-05-29,21037,78,85,0.0,0.0
2023-05-28,21036,78,85,0.0,0.0
2023-05-27,21035,78,85,0.0,0.0
2023-05-26,21043,78,85,0.0,0.0
2023-05-25,21049,78,85,0.0,0.0
2023-05-24,21049,78,85,0.0,0.0
2023-05-23,21048,78,85,0.0,0.0
2023-05-22,21048,78,85,0.0,0.0
2023-05-21,21055,78,85,0.0,0.0
2023-05-20,21062,78,85,0.0,0.0
2023-05-19,21062,78,85,0.0,0.0
2023-05-18,21063,78,85,0.0,0.0
2023-05-17,21065,78,85,0.0,0.0
2023-05-16,21063,78,85,0.0,0.0
2023-05-15,21066,78,85,0.0,0.0
2023-05-14,21067,78,85,0.0,0.0
2023-05-13,21065,78,85,0.0,0.0
2023-05-12,21063,78,85,0.0,0.0
2023-05-11,21068,78,85,0.0,0.0
2023-05-10,21068,78,85,0.0,0.0
2023-05-09,21065,78,85,0.0,0.0
2023-05-08,21069,78,85,0.0,0.0
2023-05-07,21068,78,85,0.0,0.0
2023-05-06,21066,78,85,0.0,0.0
2023-05-05,21070,78,85,0.0,0.0
2023-05-04,21068,78,85,0.0,0.0
2023-05-03,21067,78,85,0.0,0.0
2023-05-02,21069,78,85,0.0,0.0
2023-05-01,21071,78,85,0.0,0.0
2023-04-30,21070,78,85,0.0,0.0
2023-04-29,21078,78,85,0.0,0.0
2023-04-28,21075,78,85,0.0,0.0
2023-04-27,21075,78,85,0.0,0.0
2023-04-26,21073,78,85,0.0,0.0
2023-04-25,21072,78,85,0.0,0.0
2023-04-24,21072,78,85,0.0,0.0
2023-04-23,21076,78,85,0.0,0.0
2023-04-22,21082,78,85,0.0,0.0
2023-04-21,21083,78,85,0.0,0.0
2023-04-20,21088,78,85,0.0,0.0
2023-04-19,21086,78,85,0.0,0.0
2023-04-18,21087,78,85,0.0,0.0
2023-04-17,21085,78,85,0.0,0.0
2023-04-16,21083,78,85,0.0,0.0
2023-04-15,21078,78,85,0.0,0.0
2023-04-14,21076,78,85,0.0,0.0
2023-04-13,21076,78,85,0.0,0.0
2023-04-12,21076,78,85,0.0,0.0
2023-04-11,21082,78,85,0.0,0.0
2023-04-10,21083,78,85,0.0,0.0
2023-04-09,21087,78,85,0.0,0.0
2023-04-08,21093,78,85,0.0,0.0
2023-04-07,21086,78,85,0.0,0.0
2023-04-06,21090,78,85,0.0,0.0
2023-04-05,21092,78,85,0.0,0.0
2023-04-04,21084,78,85,0.0,0.0
2023-04-03,21078,78,85,0.0,0.0
2023-04-02,21088,78,85,0.0,0.0
2023-04-01,21083,78,85,0.0,0.0
2023-03-31,21080,78,85,0.0,0.0
2023-03-30,21083,78,85,0.0,0.0
2023-03-29,21084,78,85,0.0,0.0
2023-03-28,21086,78,85,0.0,0.0
2023-03-27,21083,78,85,0.0,0.0
2023-03-26,21085,78,85,0.0,0.0
2023-03-25,21086,78,85,0.0,0.0
2023-03-24,21090,78,85,0.0,0.0
2023-03-23,21092,78,85,0.0,0.0
2023-03-22,21091,78,85,0.0,0.0
2023-03-21,21089,78,85,0.0,0.0
2023-03-20,21086,78,85,0.0,0.0
2023-03-19,21089,78,85,0.0,0.0
2023-03-18,21089,78,85,0.0,0.0
2023-03-17,21091,78,85,0.0,0.0
2023-03-16,21092,78,85,0.0,0.0
2023-03-15,21097,78,85,0.0,0.0
2023-03-14,21100,78,85,0.0,0.0
2023-03-13,21103,78,85,0.0,0.0
2023-03-12,21112,78,85,0.0,0.0
2023-03-11,21117,78,85,0.0,0.0
2023-03-10,21124,78,85,0.0,0.0
2023-03-09,21120,78,85,0.0,0.0
2023-03-08,21121,78,85,0.0,0.0
2023-03-07,21120,78,85,0.0,0.0
2023-03-06,21118,78,85,0.0,0.0
2023-03-05,21127,78,85,0.0,0.0
2023-03-04,21127,78,85,0.0,0.0
2023-03-03,21127,78,85,0.0,0.0
2023-03-02,21131,78,85,0.0,0.0
2023-03-01,21138,78,85,0.0,0.0
2023-02-28,21134,78,85,0.0,0.0
2023-02-27,21135,78,85,0.0,0.0
2023-02-26,21138,78,85,0.0,0.0
2023-02-25,21134,78,85,0.0,0.0
2023-02-24,21128,78,85,0.0,0.0
2023-02-23,21128,78,85,0.0,0.0
2023-02-22,21134,78,85,0.0,0.0
2023-02-21,21130,78,85,0.0,0.0
2023-02-20,21140,78,85,0.0,0.0
2023-02-19,21136,78,85,0.0,0.0
2023-02-18,21134,78,85,0.0,0.0
2023-02-17,21138,78,85,0.0,0.0
2023-02-16,21135,78,85,0.0,0.0
2023-02-15,21135,78,85,0.0,0.0
2023-02-14,21131,78,85,0.0,0.0
2023-02-13,21130,78,85,0.0,0.0
2023-02-12,21123,78,85,0.0,0.0
2023-02-11,21085,78,85,0.0,0.0
2023-02-10,21086,78,85,0.0,0.0
2023-02-09,21094,78,85,0.0,0.0
2023-02-08,21102,78,85,0.0,0.0
2023-02-07,21096,78,85,0.0,0.0
2023-02-06,21096,78,85,0.0,0.0
2023-02-05,21100,78,85,0.0,0.0
2023-02-04,21102,78,85,0.0,0.0
2023-02-03,21108,78,85,0.0,0.0
2023-02-02,21110,78,85,0.0,0.0
2023-02-01,21112,78,85,0.0,0.0
2023-01-31,21105,78,85,0.0,0.0
2023-01-30,21111,78,85,0.0,0.0
2023-01-29,21108,78,85,0.0,0.0
2023-01-28,21102,78,85,0.0,0.0
2023-01-27,21104,78,85,0.0,0.0
2023-01-26,21109,78,85,0.0,0.0
2023-01-25,21113,78,85,0.0,0.0
2023-01-24,21104,77,85,0.0,0.0
2023-01-23,21101,77,85,0.0,0.0
2023-01-22,21099,77,85,0.0,0.0
2023-01-21,21098,77,85,0.0,0.0
2023-01-20,21095,77,85,0.0,0.0
2023-01-19,21087,77,85,0.0,0.0
2023-01-18,21065,77,85,0.0,0.0
2023-01-17,21070,77,85,0.0,0.0
2023-01-16,21065,77,85,0.0,0.0
2023-01-15,21057,77,85,0.0,0.0
2023-01-14,21048,77,85,0.0,0.0
2023-01-13,21046,77,85,0.0,0.0
2023-01-12,21063,77,85,0.0,0.0
2023-01-11,21070,78,85,0.0,0.0
2023-01-10,21076,78,85,0.0,0.0
2023-01-09,21081,78,85,0.0,0.0
2023-01-08,21081,78,85,0.0,0.0
2023-01-07,21088,78,85,0.0,0.0
2023-01-06,21088,78,85,0.0,0.0
2023-01-05,21089,78,85,0.0,0.0
2023-01-04,21088,78,85,0.0,0.0
2023-01-03,21093,78,85,0.0,0.0
2023-01-02,21095,78,85,0.0,0.0
2023-01-01,21101,78,85,0.0,0.0
2022-12-31,21106,78,85,0.0,0.0
2022-12-30,21107,78,85,0.0,0.0
2022-12-29,21108,78,85,0.0,0.0
2022-12-28,21106,78,85,0.0,0.0
2022-12-27,21112,78,85,0.0,0.0
2022-12-26,21115,78,85,0.0,0.0
2022-12-25,21111,78,85,0.0,0.0
2022-12-24,21111,78,85,0.0,0.0
2022-12-23,21115,78,85,0.0,0.0
2022-12-22,21112,78,85,0.0,0.0
2022-12-21,21117,78,85,0.0,0.0
2022-12-20,21121,78,85,0.0,0.0
2022-12-19,21124,78,85,0.0,0.0
2022-12-18,21129,78,85,0.0,0.0
2022-12-17,21136,78,85,0.0,0.0
2022-12-16,21134,78,85,0.0,0.0
2022-12-15,21132,78,85,0.0,0.0
2022-12-14,21135,78,85,0.0,0.0
2022-12-13,21142,78,85,0.0,0.0
2022-12-12,21144,78,85,0.0,0.0
2022-12-11,21142,78,85,0.0,0.0
2022-12-10,21141,78,85,0.0,0.0
2022-12-09,21144,78,85,0.0,0.0
2022-12-08,21142,78,85,0.0,0.0
2022-12-07,21141,78,85,0.0,0.0
2022-12-06,21149,78,85,0.0,0.0
2022-12-05,21152,78,85,0.0,0.0
2022-12-04,21158,78,85,0.0,0.0
2022-12-03,21162,78,85,0.0,0.0
2022-12-02,21165,78,85,0.0,0.0
2022-12-01,21169,78,85,0.0,0.0
2022-11-30,21177,78,85,0.0,0.0
2022-11-29,21175,78,85,0.0,0.0
2022-11-28,21181,78,85,0.0,0.0
2022-11-27,21184,78,85,0.0,0.0
2022-11-26,21190,78,85,0.0,0.0
2022-11-25,21189,78,85,0.0,0.0
2022-11-24,21189,78,85,0.0,0.0
2022-11-23,21186,78,85,0.0,0.0
2022-11-22,21183,78,85,0.0,0.0
2022-11-21,21189,78,85,0.0,0.0
2022-11-20,21192,78,85,0.0,0.0
2022-11-19,21194,78,85,0.0,0.0
2022-11-18,21195,78,85,0.0,0.0
2022-11-17,21186,78,85,0.0,0.0
2022-11-16,21172,77,85,0.0,0.0
2022-11-15,21161,77,85,0.0,0.0
2022-11-14,21134,77,85,0.0,0.0
2022-11-13,21124,77,85,0.0,0.0
2022-11-12,21107,77,85,0.0,0.0
2022-11-11,21097,78,85,0.0,0.0
2022-11-10,21083,78,85,0.0,0.0
2022-11-09,21070,78,85,0.0,0.0
2022-11-08,21069,78,85,0.0,0.0
2022-11-07,21057,78,85,0.0,0.0
2022-11-06,21039,78,85,0.0,0.0
2022-11-05,21031,78,85,0.0,0.0
2022-11-04,21015,78,85,0.0,0.0
2022-11-03,21000,78,85,0.0,0.0
2022-11-02,20984,78,85,0.0,0.0
2022-11-01,20970,78,85,0.0,0.0
2022-10-31,20957,78,85,0.0,0.0
2022-10-30,20954,78,85,0.0,0.0
2022-10-29,20946,78,85,0.0,0.0
2022-10-28,20930,78,85,0.0,0.0
2022-10-27,20926,78,85,0.0,0.0
2022-10-26,20919,78,85,0.0,0.0
2022-10-25,20894,78,85,0.0,0.0
2022-10-24,20887,78,85,0.0,0.0
2022-10-23,20881,78,85,0.0,0.0
2022-10-22,20857,78,85,0.0,0.0
2022-10-21,20834,78,85,0.0,0.0
2022-10-20,20825,78,85,0.0,0.0
2022-10-19,20809,78,85,0.0,0.0
2022-10-18,20787,78,85,0.0,0.0
2022-10-17,20777,78,85,0.0,0.0
2022-10-16,20763,78,85,0.0,0.0
2022-10-15,20746,78,85,0.0,0.0
2022-10-14,20725,78,85,0.0,0.0
2022-10-13,20714,78,85,0.0,0.0
2022-10-12,20699,78,85,0.0,0.0
2022-10-11,20689,78,85,0.0,0.0
2022-10-10,20692,78,85,0.0,0.0
2022-10-09,20687,78,85,0.0,0.0
2022-10-08,20680,78,85,0.0,0.0
2022-10-07,20659,78,85,0.0,0.0
2022-10-06,20648,78,85,0.0,0.0
2022-10-05,20635,78,85,0.0,0.0
2022-10-04,20624,78,85,0.0,0.0
2022-10-03,20608,78,85,0.0,0.0
2022-10-02,20596,78,85,0.0,0.0
2022-10-01,20578,78,85,0.0,0.0
2022-09-30,20562,78,85,0.0,0.0
2022-09-29,20529,78,85,0.0,0.0
2022-09-28,20528,78,85,0.0,0.0
2022-09-27,20519,78,85,0.0,0.0
2022-09-26,20509,78,85,0.0,0.0
2022-09-25,20499,78,85,0.0,0.0
2022-09-24,20487,78,85,0.0,0.0
2022-09-23,20474,78,85,0.0,0.0
2022-09-22,20460,78,85,0.0,0.0
2022-09-21,20445,78,85,0.0,0.0
2022-09-20,20436,78,85,0.0,0.0
2022-09-19,20407,78,85,0.0,0.0
2022-09-18,20378,78,85,0.0,0.0
2022-09-17,20349,78,85,0.0,0.0
2022-09-16,20323,78,85,0.0,0.0
2022-09-15,20307,78,85,0.0,0.0
2022-09-14,20302,78,85,0.0,0.0
2022-09-13,20287,78,85,0.0,0.0
2022-09-12,20281,78,85,0.0,0.0
2022-09-11,20270,78,85,0.0,0.0
2022-09-10,20256,78,85,0.0,0.0
2022-09-09,20227,78,85,0.0,0.0
2022-09-08,20221,78,85,0.0,0.0
2022-09-07,20203,78,85,0.0,0.0
2022-09-06,20187,78,85,0.0,0.0
2022-09-05,20167,78,85,0.0,0.0
2022-09-04,20155,78,85,0.0,0.0
2022-09-03,20145,78,85,0.0,0.0
2022-09-02,20134,78,85,0.0,0.0
2022-09-01,20106,78,85,0.0,0.0
2022-08-31,20094,78,85,0.0,0.0
2022-08-30,20063,78,85,0.0,0.0
2022-08-29,20046,78,85,0.0,0.0
2022-08-28,20036,78,85,0.0,0.0
2022-08-27,20030,78,85,0.0,0.0
2022-08-26,20021,78,85,0.0,0.0
2022-08-25,20010,78,85,0.0,0.0
2022-08-24,20007,78,85,0.0,0.0
2022-08-23,19997,78,85,0.0,0.0
2022-08-22,19995,78,85,0.0,0.0
2022-08-21,19989,78,85,0.0,0.0
2022-08-20,19989,78,85,0.0,0.0
2022-08-19,19989,78,85,0.0,0.0
2022-08-18,19991,78,85,0.0,0.0
2022-08-17,19984,78,85,0.0,0.0
2022-08-16,19980,78,85,0.0,0.0
2022-08-15,19968,78,85,0.0,0.0
2022-08-14,19958,78,85,0.0,0.0
2022-08-13,19948,78,85,0.0,0.0
2022-08-12,19939,78,85,0.0,0.0
2022-08-11,19936,78,85,0.0,0.0
2022-08-10,19925,78,85,0.0,0.0
2022-08-09,19922,78,85,0.0,0.0
2022-08-08,19915,78,85,0.0,0.0
2022-08-07,19905,78,85,0.0,0.0
2022-08-06,19894,78,85,0.0,0.0
2022-08-05,19885,78,85,0.0,0.0
2022-08-04,19876,78,85,0.0,0.0
2022-08-03,19869,78,85,0.0,0.0
2022-08-02,19847,78,85,0.0,0.0
2022-08-01,19836,78,85,0.0,0.0
2022-07-31,19770,78,85,0.0,0.0
2022-07-30,19771,78,85,0.0,0.0
2022-07-29,19762,78,85,0.0,0.0
2022-07-28,19750,78,85,0.0,0.0
2022-07-27,19749,78,85,0.0,0.0
2022-07-26,19737,78,85,0.0,0.0
2022-07-25,19720,78,85,0.0,0.0
2022-07-24,19715,78,85,0.0,0.0
2022-07-23,19704,78,85,0.0,0.0
2022-07-22,19687,78,85,0.0,0.0
2022-07-21,19669,78,85,0.0,0.0
2022-07-20,19660,78,85,0.0,0.0
2022-07-19,19652,78,85,0.0,0.0
2022-07-18,19638,78,85,0.0,0.0
2022-07-17,19627,78,85,0.0,0.0
2022-07-16,19615,78,85,0.0,0.0
2022-07-15,19604,78,85,0.0,0.0
2022-07-14,19602,78,85,0.0,0.0
2022-07-13,19581,78,85,0.0,0.0
2022-07-12,19579,78,85,0.0,0.0
2022-07-11,19567,78,85,0.0,0.0
2022-07-10,19547,78,85,0.0,0.0
2022-07-09,19536,78,85,0.0,0.0
2022-07-08,19535,78,85,0.0,0.0
2022-07-07,19528,78,85,0.0,0.0
2022-07-06,19522,78,85,0.0,0.0
2022-07-05,19521,78,85,0.0,0.0
2022-07-04,19523,78,85,0.0,0.0
2022-07-03,19513,78,85,0.0,0.0
2022-07-02,19506,78,85,0.0,0.0
2022-07-01,19500,78,85,0.0,0.0
2022-06-30,19500,78,85,0.0,0.0
2022-06-29,19503,78,85,0.0,0.0
2022-06-28,19508,78,85,0.0,0.0
2022-06-27,19513,78,85,0.0,0.0
2022-06-26,19522,78,85,0.0,0.0
2022-06-25,19527,78,85,0.0,0.0
2022-06-24,19530,78,85,0.0,0.0
2022-06-23,19533,78,85,0.0,0.0
2022-06-22,19530,78,85,0.0,0.0
2022-06-21,19537,78,85,0.0,0.0
2022-06-20,19540,78,85,0.0,0.0
2022-06-19,19547,78,85,0.0,0.0
2022-06-18,19547,78,85,0.0,0.0
2022-06-17,19548,78,85,0.0,0.0
2022-06-16,19543,78,85,0.0,0.0
2022-06-15,19545,78,85,0.0,0.0
2022-06-14,19542,78,85,0.0,0.0
2022-06-13,19540,78,85,0.0,0.0
2022-06-12,19544,78,85,0.0,0.0
2022-06-11,19544,78,85,0.0,0.0
2022-06-10,19543,78,85,0.0,0.0
2022-06-09,19538,78,85,0.0,0.0
2022-06-08,19539,78,85,0.0,0.0
2022-06-07,19533,78,85,0.0,0.0
2022-06-06,19520,78,85,0.0,0.0
2022-06-05,19522,78,85,0.0,0.0
2022-06-04,19528,78,85,0.0,0.0
2022-06-03,19524,78,85,0.0,0.0
2022-06-02,19516,78,85,0.0,0.0
2022-06-01,19509,78,85,0.0,0.0
2022-05-31,19508,78,85,0.0,0.0
2022-05-30,19505,78,85,0.0,0.0
2022-05-29,19490,78,85,0.0,0.0
2022-05-28,19502,78,85,0.0,0.0
2022-05-27,19523,78,85,0.0,0.0
2022-05-26,19517,78,85,0.0,0.0
2022-05-25,19511,78,85,0.0,0.0
2022-05-24,19510,78,85,0.0,0.0
2022-05-23,19503,78,85,0.0,0.0
2022-05-22,19498,78,85,0.0,0.0
2022-05-21,19498,78,85,0.0,0.0
2022-05-20,19486,78,85,0.0,0.0
2022-05-18,19479,78,85,0.0,0.0
2022-05-17,19477,78,85,0.0,0.0
2022-05-16,19463,78,85,0.0,0.0
2022-05-15,19465,78,85,0.0,0.0
2022-05-14,19464,78,85,0.0,0.0
2022-05-13,19443,78,85,0.0,0.0
2022-05-12,19440,78,85,0.0,0.0
2022-05-11,19434,78,85,0.0,0.0
2022-05-10,19428,78,85,0.0,0.0
2022-05-09,19424,78,85,0.0,0.0
2022-05-08,19421,78,85,0.0,0.0
2022-05-07,19414,78,85,0.0,0.0
2022-05-06,19408,78,85,0.0,0.0
2022-05-05,19397,78,85,0.0,0.0
2022-05-04,19387,78,85,0.0,0.0
2022-05-03,19376,78,85,0.0,0.0
2022-05-02,19378,78,85,0.0,0.0
2022-05-01,19369,78,85,0.0,0.0
2022-04-30,19365,78,85,0.0,0.0
2022-04-29,19359,78,85,0.0,0.0
2022-04-28,19358,78,85,0.0,0.0
2022-04-27,19357,78,85,0.0,0.0
2022-04-26,19344,78,85,0.0,0.0
2022-04-25,19331,78,85,0.0,0.0
2022-04-24,19327,78,85,0.0,0.0
2022-04-23,19311,78,85,0.0,0.0
2022-04-22,19307,78,85,0.0,0.0
2022-04-21,19303,78,85,0.0,0.0
2022-04-20,19290,78,85,0.0,0.0
2022-04-19,19280,78,85,0.0,0.0
2022-04-18,19279,78,85,0.0,0.0
2022-04-17,19281,78,85,0.0,0.0
2022-04-16,19275,78,85,0.0,0.0
2022-04-15,19265,78,85,0.0,0.0
2022-04-14,19259,78,85,0.0,0.0
2022-04-13,19248,78,85,0.0,0.0
2022-04-12,19248,78,85,0.0,0.0
2022-04-11,19246,78,85,0.0,0.0
2022-04-10,19239,78,85,0.0,0.0
2022-04-09,19237,78,85,0.0,0.0
2022-04-08,19229,78,85,0.0,0.0
2022-04-07,19222,78,85,0.0,0.0
2022-04-06,19210,78,85,0.0,0.0
2022-04-05,19206,78,85,0.0,0.0
2022-04-04,19207,78,85,0.0,0.0
2022-04-03,19200,78,85,0.0,0.0
2022-04-02,19194,78,85,0.0,0.0
2022-04-01,19193,78,85,0.0,0.0
2022-03-31,19178,78,85,0.0,0.0
2022-03-30,19161,78,85,0.0,0.0
2022-03-29,19153,78,85,0.0,0.0
2022-03-28,19150,78,85,0.0,0.0
2022-03-27,19145,78,85,0.0,0.0
2022-03-26,19140,78,85,0.0,0.0
2022-03-25,19130,78,85,0.0,0.0
2022-03-24,19116,78,85,0.0,0.0
2022-03-23,19104,78,85,0.0,0.0
2022-03-22,19097,78,85,0.0,0.0
2022-03-21,19094,78,85,0.0,0.0
2022-03-20,19076,78,85,0.0,0.0
2022-03-19,19071,78,85,0.0,0.0
2022-03-18,19065,78,85,0.0,0.0
2022-03-17,19060,78,85,0.0,0.0
2022-03-16,19041,78,85,0.0,0.0
2022-03-15,19036,78,85,0.0,0.0
2022-03-14,19029,78,85,0.0,0.0
2022-03-13,19008,78,85,0.0,0.0
2022-03-12,19002,78,85,0.0,0.0
2022-03-11,18994,78,85,0.0,0.0
2022-03-10,18993,78,85,0.0,0.0
2022-03-09,18987,78,85,0.0,0.0
2022-03-08,18979,78,85,0.0,0.0
2022-03-07,18972,78,85,0.0,0.0
2022-03-06,18975,78,85,0.0,0.0
2022-03-05,18970,78,85,0.0,0.0
2022-03-04,18962,78,85,0.0,0.0
2022-03-03,18956,78,85,0.0,0.0
2022-03-02,18954,78,85,0.0,0.0
2022-03-01,18952,78,85,0.0,0.0
2022-02-28,18947,78,85,0.0,0.0
2022-02-27,18949,78,85,0.0,0.0
2022-02-26,18933,78,85,0.0,0.0
2022-02-25,18928,78,85,0.0,0.0
2022-02-24,18924,78,85,0.0,0.0
2022-02-23,18928,78,85,0.0,0.0
2022-02-22,18911,78,85,0.0,0.0
2022-02-21,18903,78,85,0.0,0.0
2022-02-20,18894,78,85,0.0,0.0
2022-02-19,18881,78,85,0.0,0.0
2022-02-18,18877,78,85,0.0,0.0
2022-02-17,18866,78,85,0.0,0.0
2022-02-16,18859,78,85,0.0,0.0
2022-02-15,18855,78,85,0.0,0.0
2022-02-14,18846,78,85,0.0,0.0
2022-02-13,18851,78,85,0.0,0.0
2022-02-12,18847,78,85,0.0,0.0
2022-02-11,18839,78,85,0.0,0.0
2022-02-10,18835,78,85,0.0,0.0
2022-02-09,18820,78,85,0.0,0.0
2022-02-08,18801,78,85,0.0,0.0
2022-02-07,18790,78,85,0.0,0.0
2022-02-06,18780,78,85,0.0,0.0
2022-02-05,18775,78,85,0.0,0.0
2022-02-04,18761,78,85,0.0,0.0
2022-02-03,18748,78,85,0.0,0.0
2022-02-02,18736,78,85,0.0,0.0
2022-02-01,18718,78,85,0.0,0.0
2022-01-31,18627,78,85,0.0,0.0
2022-01-30,18621,78,85,0.0,0.0
2022-01-29,18617,78,85,0.0,0.0
2022-01-28,18612,78,85,0.0,0.0
2022-01-27,18606,78,85,0.0,0.0
2022-01-26,18604,78,85,0.0,0.0
2022-01-25,18599,78,85,0.0,0.0
2022-01-24,18589,78,85,0.0,0.0
2022-01-23,18580,78,85,0.0,0.0
2022-01-22,18573,78,85,0.0,0.0
2022-01-21,18562,78,85,0.0,0.0
2022-01-20,18547,78,85,0.0,0.0
2022-01-19,18542,78,85,0.0,0.0
2022-01-18,18532,78,85,0.0,0.0
2022-01-17,18524,77,85,0.0,0.0
2022-01-16,18516,77,85,0.0,0.0
2022-01-15,18511,78,85,0.0,0.0
2022-01-14,18507,78,85,0.0,0.0
2022-01-13,18501,78,85,0.0,0.0
2022-01-12,18480,78,85,0.0,0.0
2022-01-11,18472,78,85,0.0,0.0
2022-01-10,18456,78,85,0.0,0.0
2022-01-09,18449,78,85,0.0,0.0
2022-01-08,18439,78,85,0.0,0.0
2022-01-07,18431,78,85,0.0,0.0
2022-01-06,18423,78,85,0.0,0.0
2022-01-05,18415,78,85,0.0,0.0
2022-01-04,18405,78,85,0.0,0.0
2022-01-03,18403,78,85,0.0,0.0
2022-01-02,18404,78,85,0.0,0.0
2022-01-01,18400,78,85,0.0,0.0
2021-12-31,18399,78,85,0.0,0.0
2021-12-30,18400,78,85,0.0,0.0
2021-12-29,18373,79,85,0.0,0.0
2021-12-28,18364,79,85,0.0,0.0
2021-12-27,18346,79,85,0.0,0.0
2021-12-26,18340,79,85,0.0,0.0
2021-12-25,18337,79,85,0.0,0.0
2021-12-24,18335,79,85,0.0,0.0
2021-12-23,18329,79,85,0.0,0.0
2021-12-22,18323,79,85,0.0,0.0
2021-12-21,18307,79,85,0.0,0.0
2021-12-20,18297,79,85,0.0,0.0
2021-12-19,18291,79,85,0.0,0.0
2021-12-18,18290,79,85,0.0,0.0
2021-12-17,18286,79,85,0.0,0.0
2021-12-16,18274,79,85,0.0,0.0
2021-12-15,18265,79,85,0.0,0.0
2021-12-14,18254,79,85,0.0,0.0
2021-12-13,18247,79,85,0.0,0.0
2021-12-12,18251,79,85,0.0,0.0
2021-12-11,18245,79,85,0.0,0.0
2021-12-10,18234,79,85,0.0,0.0
2021-12-09,18230,79,85,0.0,0.0
2021-12-08,18221,79,85,0.0,0.0
2021-12-07,18214,79,85,0.0,0.0
2021-12-06,18202,79,85,0.0,0.0
2021-12-05,18188,79,85,0.0,0.0
2021-12-04,18172,79,85,0.0,0.0
2021-12-03,18171,79,85,0.0,0.0
2021-12-02,18163,79,85,0.0,0.0
2021-12-01,18157,79,85,0.0,0.0
2021-11-30,18154,79,85,0.0,0.0
2021-11-29,18139,79,85,0.0,0.0
2021-11-28,18120,79,85,0.0,0.0
2021-11-27,18112,79,85,0.0,0.0
2021-11-26,18111,79,85,0.0,0.0
2021-11-25,18110,79,85,0.0,0.0
2021-11-24,18091,79,85,0.0,0.0
2021-11-23,18082,79,85,0.0,0.0
2021-11-22,18077,79,85,0.0,0.0
2021-11-21,18073,79,85,0.0,0.0
2021-11-20,18075,79,85,0.0,0.0
2021-11-19,18069,79,85,0.0,0.0
2021-11-18,18072,79,85,0.0,0.0
2021-11-17,18064,79,85,0.0,0.0
2021-11-16,18063,79,85,0.0,0.0
2021-11-15,18057,79,85,0.0,0.0
2021-11-14,18054,79,85,0.0,0.0
2021-11-13,18054,79,85,0.0,0.0
2021-11-12,18048,79,85,0.0,0.0
2021-11-11,18046,79,85,0.0,0.0
2021-11-10,18046,79,85,0.0,0.0
2021-11-09,18036,79,85,0.0,0.0
2021-11-08,18017,79,85,0.0,0.0
2021-11-07,18011,79,85,0.0,0.0
2021-11-06,18003,79,85,0.0,0.0
2021-11-05,18002,79,85,0.0,0.0
2021-11-04,18000,79,85,0.0,0.0
2021-11-03,17999,79,85,0.0,0.0
2021-11-02,18006,79,85,0.0,0.0
2021-11-01,18010,79,85,0.0,0.0
2021-10-31,18010,79,85,0.0,0.0
2021-10-30,18015,79,84,0.0,0.0
2021-10-29,18010,79,84,0.0,0.0
2021-10-28,18012,79,84,0.0,0.0
2021-10-27,18008,79,84,0.0,0.0
2021-10-26,18008,79,84,0.0,0.0
2021-10-25,18015,79,84,0.0,0.0
2021-10-24,18011,79,84,0.0,0.0
2021-10-23,18020,79,84,0.0,0.0
2021-10-22,18017,79,84,0.0,0.0
2021-10-21,18017,79,84,0.0,0.0
2021-10-20,18016,79,84,0.0,0.0
2021-10-19,18016,79,84,0.0,0.0
2021-10-18,18003,79,84,0.0,0.0
2021-10-17,18002,79,84,0.0,0.0
2021-10-16,18008,79,84,0.0,0.0
2021-10-15,18002,79,84,0.0,0.0
2021-10-14,18002,79,84,0.0,0.0
2021-10-13,18001,79,84,0.0,0.0
2021-10-12,18002,79,84,0.0,0.0
2021-10-11,17997,79,84,0.0,0.0
2021-10-10,17996,79,84,0.0,0.0
2021-10-09,17998,79,84,0.0,0.0
2021-10-08,17998,79,84,0.0,0.0
2021-10-07,17998,79,84,0.0,0.0
2021-10-06,18001,79,84,0.0,0.0
2021-10-05,18002,79,84,0.0,0.0
2021-10-04,18002,79,84,0.0,0.0
2021-10-03,17993,79,84,0.0,0.0
2021-10-02,17989,79,84,0.0,0.0
2021-10-01,17983,79,84,0.0,0.0
2021-09-30,17982,79,84,0.0,0.0
2021-09-29,17980,79,84,0.0,0.0
2021-09-28,17982,79,84,0.0,0.0
2021-09-27,17981,79,84,0.0,0.0
2021-09-26,17988,79,84,0.0,0.0
2021-09-25,17992,79,84,0.0,0.0
2021-09-24,17998,79,84,0.0,0.0
2021-09-23,17996,79,84,0.0,0.0
2021-09-22,17990,79,84,0.0,0.0
2021-09-21,17989,79,84,0.0,0.0
2021-09-20,17992,79,84,0.0,0.0
2021-09-19,17989,79,84,0.0,0.0
2021-09-18,17998,79,84,0.0,0.0
2021-09-17,17994,79,84,0.0,0.0
2021-09-16,17988,79,84,0.0,0.0
2021-09-15,17988,79,84,0.0,0.0
2021-09-14,17986,79,84,0.0,0.0
2021-09-13,17989,79,84,0.0,0.0
2021-09-12,17988,79,84,0.0,0.0
2021-09-11,17989,79,84,0.0,0.0
2021-09-10,17990,79,84,0.0,0.0
2021-09-09,17995,79,84,0.0,0.0
2021-09-08,17993,79,84,0.0,0.0
2021-09-07,18000,79,84,0.0,0.0
2021-09-06,18005,79,84,0.0,0.0
2021-09-05,17989,79,84,0.0,0.0
2021-09-04,17990,79,84,0.0,0.0
2021-09-03,17992,79,84,0.0,0.0
2021-09-02,17989,79,84,0.0,0.0
2021-09-01,17983,79,84,0.0,0.0
2021-08-31,17975,79,84,0.0,0.0
2021-08-30,17980,79,84,0.0,0.0
2021-08-29,17985,79,84,0.0,0.0
2021-08-28,17989,79,84,0.0,0.0
2021-08-27,17988,79,84,0.0,0.0
2021-08-26,17985,79,84,0.0,0.0
2021-08-25,17986,79,84,0.0,0.0
2021-08-24,17985,79,84,0.0,0.0
2021-08-22,17979,79,84,0.0,0.0
2021-08-21,17982,79,84,0.0,0.0
2021-08-20,17985,79,84,0.0,0.0
2021-08-19,17983,79,84,0.0,0.0
2021-08-16,17976,79,84,0.0,0.0
2021-08-15,17982,79,84,0.0,0.0
2021-08-14,17992,79,84,0.0,0.0
2021-08-13,17989,79,84,0.0,0.0
2021-08-12,17989,79,84,0.0,0.0
2021-08-11,17994,79,84,0.0,0.0
2021-08-10,17995,79,84,0.0,0.0
2021-08-08,17995,79,84,0.0,0.0
2021-08-06,17997,79,84,0.0,0.0
2021-08-05,18008,79,84,0.0,0.0
2021-08-04,18010,79,84,0.0,0.0
2021-08-03,18011,79,84,0.0,0.0
2021-07-30,18018,79,84,0.0,0.0
2021-07-28,18027,79,84,0.0,0.0
2021-07-27,18029,79,84,0.0,0.0
2021-07-26,18039,79,84,0.0,0.0
2021-07-25,18039,79,84,0.0,0.0
2021-07-24,18033,79,84,0.0,0.0
2021-07-23,18035,79,84,0.0,0.0
2021-07-22,18031,79,84,0.0,0.0
2021-07-21,18029,79,84,0.0,0.0
2021-07-20,18021,79,84,0.0,0.0
2021-07-19,18025,79,84,0.0,0.0
2021-07-18,18025,79,84,0.0,0.0
2021-07-17,18028,79,84,0.0,0.0
2021-07-16,18027,79,84,0.0,0.0
2021-07-15,18024,79,84,0.0,0.0
2021-07-14,18023,79,84,0.0,0.0
2021-07-13,18021,79,84,0.0,0.0
2021-07-12,18019,79,84,0.0,0.0
2021-07-10,18008,79,84,0.0,0.0
2021-07-09,18003,79,84,0.0,0.0
2021-07-07,18010,79,84,0.0,0.0
2021-07-06,18009,79,84,0.0,0.0
2021-07-05,18015,79,84,0.0,0.0
2021-07-04,18015,79,84,0.0,0.0
2021-07-02,18013,79,84,0.0,0.0
2021-07-01,18009,79,84,0.0,0.0
2021-06-30,18003,79,84,0.0,0.0
2021-06-29,17989,79,84,0.0,0.0
2021-06-28,17984,79,84,0.0,0.0
2021-06-27,17983,79,84,0.0,0.0
2021-06-26,17980,79,84,0.0,0.0
2021-06-24,17980,79,84,0.0,0.0
2021-06-23,17975,79,84,0.0,0.0
2021-06-22,17970,79,84,0.0,0.0
2021-06-21,17969,79,84,0.0,0.0
2021-06-20,17968,79,84,0.0,0.0
2021-06-19,17969,79,84,0.0,0.0
2021-06-18,17967,79,84,0.0,0.0
2021-06-17,17963,79,84,0.0,0.0
2021-06-16,17971,79,84,0.0,0.0
2021-06-15,17961,79,84,0.0,0.0
2021-06-14,17959,79,84,0.0,0.0
2021-06-13,17959,79,84,0.0,0.0
2021-06-11,17956,79,84,0.0,0.0
2021-06-10,17952,79,84,0.0,0.0
2021-06-09,17958,79,84,0.0,0.0
2021-06-08,17960,79,84,0.0,0.0
2021-06-07,17956,79,84,0.0,0.0
2021-06-06,17961,79,84,0.0,0.0
2021-06-05,17958,79,84,0.0,0.0
2021-06-04,17948,79,84,0.0,0.0
2021-06-03,17933,79,84,0.0,0.0
2021-06-02,17927,79,84,0.0,0.0
2021-06-01,17925,79,84,0.0,0.0
2021-05-31,17924,79,84,0.0,0.0
2021-05-30,17917,79,84,0.0,0.0
2021-05-29,17912,79,84,0.0,0.0
2021-05-28,17907,79,84,0.0,0.0
2021-05-27,17903,79,84,0.0,0.0
2021-05-26,17906,79,84,0.0,0.0
2021-05-25,17904,79,84,0.0,0.0
2021-05-24,17900,79,84,0.0,0.0
2021-05-23,17899,79,84,0.0,0.0
2021-05-22,17909,79,84,0.0,0.0
2021-05-21,17920,79,84,0.0,0.0
2021-05-20,17914,79,84,0.0,0.0
2021-05-19,17913,79,84,0.0,0.0
2021-05-18,17905,79,84,0.0,0.0
2021-05-17,17903,79,84,0.0,0.0
2021-05-16,17908,79,84,0.0,0.0
2021-05-15,17921,79,84,0.0,0.0
2021-05-14,17923,79,84,0.0,0.0
2021-05-13,17915,79,84,0.0,0.0
2021-05-12,17917,79,84,0.0,0.0
2021-05-11,17921,79,84,0.0,0.0
2021-05-10,17924,79,84,0.0,0.0
2021-05-09,17924,79,84,0.0,0.0
2021-05-08,17920,79,84,0.0,0.0
2021-05-07,17915,79,84,0.0,0.0
2021-05-06,17916,79,84,0.0,0.0
2021-05-05,17914,79,84,0.0,0.0
2021-05-04,17916,79,84,0.0,0.0
2021-05-03,17911,79,84,0.0,0.0
2021-05-02,17911,79,84,0.0,0.0
2021-05-01,17906,79,84,0.0,0.0
2021-04-30,17907,79,84,0.0,0.0
2021-04-29,17908,79,84,0.0,0.0
2021-04-28,17898,79,84,0.0,0.0
2021-04-27,17908,79,84,0.0,0.0
2021-04-26,17912,79,84,0.0,0.0
2021-04-25,17915,79,84,0.0,0.0
2021-04-24,17911,79,84,0.0,0.0
2021-04-23,17910,79,84,0.0,0.0
2021-04-22,17920,79,84,0.0,0.0
2021-04-21,17912,79,84,0.0,0.0
2021-04-20,17910,79,84,0.0,0.0
2021-04-19,17909,79,84,0.0,0.0
2021-04-18,17906,79,84,0.0,0.0
2021-04-17,17897,79,84,0.0,0.0
2021-04-16,17894,79,84,0.0,0.0
2021-04-14,17904,79,84,0.0,0.0
2021-04-13,17895,79,84,0.0,0.0
2021-04-12,17901,79,84,0.0,0.0
2021-04-11,17898,79,84,0.0,0.0
2021-04-10,17901,79,84,0.0,0.0
2021-04-09,17897,79,84,0.0,0.0
2021-04-07,17871,79,84,0.0,0.0
2021-04-06,17868,79,84,0.0,0.0
2021-04-05,17863,79,84,0.0,0.0
2021-04-04,17859,79,84,0.0,0.0
2021-04-03,17855,79,84,0.0,0.0
2021-04-02,17851,79,84,0.0,0.0
2021-04-01,17845,79,84,0.0,0.0
2021-03-31,17839,79,84,0.0,0.0
2021-03-30,17835,79,84,0.0,0.0
2021-03-28,17818,79,84,0.0,0.0
2021-03-27,17803,79,84,0.0,0.0
2021-03-26,17800,79,84,0.0,0.0
2021-03-25,17800,79,84,0.0,0.0
2021-03-24,17803,79,84,0.0,0.0
2021-03-23,17796,79,84,0.0,0.0
2021-03-22,17795,79,84,0.0,0.0
2021-03-20,17788,79,84,0.0,0.0
2021-03-19,17788,79,84,0.0,0.0
2021-03-18,17782,79,84,0.0,0.0
2021-03-17,17781,79,84,0.0,0.0
2021-03-16,17776,79,84,0.0,0.0
2021-03-15,17781,79,84,0.0,0.0
2021-03-14,17787,79,84,0.0,0.0
2021-03-13,17798,79,84,0.0,0.0
2021-03-12,17801,79,84,0.0,0.0
2021-03-11,17800,79,84,0.0,0.0
2021-03-09,17788,79,84,0.0,0.0
2021-03-08,17783,79,84,0.0,0.0
2021-03-07,17694,79,84,0.0,0.0
2021-03-06,17691,79,84,0.0,0.0
2021-03-05,17689,79,84,0.0,0.0
2021-03-04,17676,79,84,0.0,0.0
2021-03-03,17667,79,84,0.0,0.0
2021-03-02,17646,79,84,0.0,0.0
2021-03-01,17634,79,84,0.0,0.0
2021-02-28,17655,79,84,0.0,0.0
2021-02-27,17661,79,84,0.0,0.0
2021-02-26,17657,79,84,0.0,0.0
2021-02-25,17657,79,84,0.0,0.0
2021-02-24,17650,79,84,0.0,0.0
2021-02-23,17643,79,84,0.0,0.0
2021-02-22,17643,79,84,0.0,0.0
2021-02-21,17637,79,84,0.0,0.0
2021-02-20,17639,79,84,0.0,0.0
2021-02-19,17638,79,84,0.0,0.0
2021-02-18,17632,79,84,0.0,0.0
2021-02-17,17632,80,84,0.0,0.0
2021-02-16,17610,80,84,0.0,0.0
2021-02-15,17603,80,84,0.0,0.0
2021-02-14,17605,80,84,0.0,0.0
2021-02-13,17615,80,84,0.0,0.0
2021-02-12,17618,80,84,0.0,0.0
2021-02-11,17603,80,84,0.0,0.0
2021-02-10,17601,80,84,0.0,0.0
2021-02-09,17603,79,84,0.0,0.0
2021-02-08,17595,79,84,0.0,0.0
2021-02-07,17590,79,84,0.0,0.0
2021-02-06,17590,79,84,0.0,0.0
2021-02-04,17592,79,84,0.0,0.0
2021-02-03,17598,79,84,0.0,0.0
2021-02-02,17593,79,84,0.0,0.0
2021-02-01,17585,79,84,0.0,0.0
2021-01-31,17577,79,84,0.0,0.0
2021-01-30,17578,79,84,0.0,0.0
2021-01-29,17577,79,84,0.0,0.0
2021-01-28,17562,79,84,0.0,0.0
2021-01-27,17542,79,84,0.0,0.0
2021-01-26,17529,79,84,0.0,0.0
2021-01-25,17524,79,84,0.0,0.0
2021-01-24,17522,79,84,0.0,0.0
2021-01-23,17521,79,84,0.0,0.0
2021-01-22,17519,79,84,0.0,0.0
2021-01-21,17480,79,84,0.0,0.0
2021-01-20,17473,79,84,0.0,0.0
2021-01-19,17471,79,84,0.0,0.0
2021-01-18,17472,79,84,0.0,0.0
2021-01-17,17467,79,84,0.0,0.0
2021-01-16,17446,79,84,0.0,0.0
2021-01-15,17422,79,84,0.0,0.0
2021-01-14,17424,79,84,0.0,0.0
2021-01-13,17408,79,84,0.0,0.0
2021-01-12,17410,79,84,0.0,0.0
2021-01-10,17405,79,84,0.0,0.0
2021-01-09,17401,79,84,0.0,0.0
2021-01-08,17406,79,84,0.0,0.0
2021-01-06,17408,79,84,0.0,0.0
2021-01-05,17406,79,84,0.0,0.0
2021-01-04,17361,79,84,0.0,0.0
2021-01-03,17351,79,84,0.0,0.0
2021-01-02,17346,79,84,0.0,0.0
2021-01-01,17334,79,84,0.0,0.0
2020-12-31,17335,79,84,0.0,0.0
2020-12-30,17335,79,84,0.0,0.0
2020-12-29,17340,79,84,0.0,0.0
2020-12-28,17343,79,84,0.0,0.0
2020-12-27,17343,79,84,0.0,0.0
2020-12-26,17345,79,84,0.0,0.0
2020-12-25,17348,79,84,0.0,0.0
2020-12-24,17344,79,84,0.0,0.0
2020-12-23,17346,79,84,0.0,0.0
2020-12-22,17338,79,84,0.0,0.0
2020-12-21,17337,79,84,0.0,0.0
2020-12-20,17338,79,84,0.0,0.0
2020-12-19,17335,79,84,0.0,0.0
2020-12-18,17324,79,84,0.0,0.0
2020-12-17,17298,79,84,0.0,0.0
2020-12-16,17289,79,84,0.0,0.0
2020-12-15,17295,79,84,0.0,0.0
2020-12-14,17303,79,84,0.0,0.0
2020-12-13,17309,79,84,0.0,0.0
2020-12-12,17303,79,84,0.0,0.0
2020-12-11,17308,79,84,0.0,0.0
2020-12-10,17294,79,84,0.0,0.0
2020-12-09,17293,79,84,0.0,0.0
2020-12-08,17296,79,84,0.0,0.0
2020-12-07,17295,79,84,0.0,0.0
2020-12-06,17285,79,84,0.0,0.0
2020-12-05,17279,79,84,0.0,0.0
2020-12-04,17275,79,84,0.0,0.0
2020-12-03,17271,79,84,0.0,0.0
2020-12-02,17240,79,84,0.0,0.0
2020-11-30,17235,79,84,0.0,0.0
2020-11-29,17243,79,84,0.0,0.0
2020-11-28,17242,79,84,0.0,0.0
2020-11-27,17239,79,84,0.0,0.0
2020-11-26,17227,79,84,0.0,0.0
2020-11-25,17219,79,84,0.0,0.0
2020-11-24,17195,79,84,0.0,0.0
2020-11-23,17198,80,84,0.0,0.0
2020-11-22,17194,80,84,0.0,0.0
2020-11-21,17204,80,84,0.0,0.0
2020-11-20,17207,80,84,0.0,0.0
2020-11-19,17205,80,84,0.0,0.0
2020-11-18,17194,80,84,0.0,0.0
2020-11-17,17175,80,84,0.0,0.0
2020-11-16,17176,80,84,0.0,0.0
2020-11-15,17172,80,84,0.0,0.0
2020-11-14,17167,80,84,0.0,0.0
2020-11-13,17163,80,84,0.0,0.0
2020-11-12,17155,80,84,0.0,0.0
2020-11-11,17148,80,84,0.0,0.0
2020-11-10,17156,80,84,0.0,0.0
2020-11-08,17135,80,84,0.0,0.0
2020-11-07,17142,80,84,0.0,0.0
2020-11-06,17133,80,84,0.0,0.0
2020-11-05,17137,80,84,0.0,0.0
2020-11-04,17131,80,84,0.0,0.0
2020-11-03,17126,80,84,0.0,0.0
2020-11-02,17136,80,84,0.0,0.0
2020-11-01,17131,80,84,0.0,0.0
2020-10-31,17129,80,84,0.0,0.0
2020-10-30,17137,80,84,0.0,0.0
2020-10-29,17133,80,84,0.0,0.0
2020-10-28,17123,80,84,0.0,0.0
2020-10-27,17126,80,84,0.0,0.0
2020-10-26,17117,80,84,0.0,0.0
2020-10-25,17125,80,84,0.0,0.0
2020-10-24,17129,80,84,0.0,0.0
2020-10-23,17119,80,84,0.0,0.0
2020-10-22,17120,80,84,0.0,0.0
2020-10-21,17116,80,84,0.0,0.0
2020-10-20,17110,80,84,0.0,0.0
2020-10-19,17110,80,84,0.0,0.0
2020-10-18,17107,80,84,0.0,0.0
2020-10-17,17097,80,84,0.0,0.0
2020-10-16,17073,80,84,0.0,0.0
2020-10-15,17075,80,84,0.0,0.0
2020-10-14,17075,80,84,0.0,0.0
2020-10-13,17079,80,84,0.0,0.0
2020-10-12,17070,80,84,0.0,0.0
2020-10-11,17075,80,84,0.0,0.0
2020-10-10,17073,80,84,0.0,0.0
2020-10-09,17067,80,84,0.0,0.0
2020-10-08,17072,80,84,0.0,0.0
2020-10-07,17072,80,84,0.0,0.0
2020-10-06,17071,80,84,0.0,0.0
2020-10-05,17069,80,84,0.0,0.0
2020-10-04,17064,80,84,0.0,0.0
2020-10-03,17056,80,84,0.0,0.0
2020-10-02,17053,80,84,0.0,0.0
2020-10-01,17052,80,84,0.0,0.0
2020-09-30,17054,80,84,0.0,0.0
2020-09-29,17048,80,84,0.0,0.0
2020-09-28,17037,80,84,0.0,0.0
2020-09-27,17035,80,84,0.0,0.0
2020-09-26,17033,80,84,0.0,0.0
2020-09-25,17036,80,84,0.0,0.0
2020-09-24,17025,80,84,0.0,0.0
2020-09-23,17028,79,84,0.0,0.0
2020-09-22,17028,79,84,0.0,0.0
2020-09-21,17031,79,84,0.0,0.0
2020-09-20,17032,79,84,0.0,0.0
2020-09-19,17031,79,84,0.0,0.0
2020-09-18,17034,79,84,0.0,0.0
2020-09-17,17021,79,84,0.0,0.0
2020-09-16,17024,79,84,0.0,0.0
2020-09-15,17028,79,84,0.0,0.0
2020-09-14,17025,80,84,0.0,0.0
2020-09-13,17025,80,84,0.0,0.0
2020-09-12,17026,80,84,0.0,0.0
2020-09-11,17016,80,84,0.0,0.0
2020-09-10,17014,80,84,0.0,0.0
2020-09-09,17012,80,84,0.0,0.0
2020-09-08,17022,80,84,0.0,0.0
2020-09-07,17015,80,84,0.0,0.0
2020-09-06,17012,80,84,0.0,0.0
2020-09-05,17011,80,84,0.0,0.0
2020-09-04,17010,80,84,0.0,0.0
2020-09-03,17002,80,84,0.0,0.0
2020-09-02,17004,80,84,0.0,0.0
2020-09-01,17004,80,84,0.0,0.0
2020-08-31,17000,80,84,0.0,0.0
2020-08-30,16993,80,84,0.0,0.0
2020-08-29,16989,80,84,0.0,0.0
2020-08-28,16995,80,84,0.0,0.0
2020-08-27,16997,80,84,0.0,0.0
2020-08-26,17000,80,84,0.0,0.0
2020-08-25,16994,80,84,0.0,0.0
2020-08-24,16989,80,84,0.0,0.0
2020-08-23,16983,80,84,0.0,0.0
2020-08-22,16979,80,84,0.0,0.0
2020-08-21,16984,80,84,0.0,0.0
2020-08-20,16981,80,84,0.0,0.0
2020-08-19,16974,80,84,0.0,0.0
2020-08-18,16968,80,84,0.0,0.0
2020-08-17,16965,80,84,0.0,0.0
2020-08-16,16961,80,84,0.0,0.0
2020-08-15,16953,80,84,0.0,0.0
2020-08-14,16946,80,84,0.0,0.0
2020-08-13,16944,80,84,0.0,0.0
2020-08-12,16936,80,84,0.0,0.0
2020-08-11,16913,80,84,0.0,0.0
2020-08-10,16902,80,84,0.0,0.0
2020-08-09,16880,80,84,0.0,0.0
2020-08-08,16871,80,84,0.0,0.0
2020-08-07,16869,80,84,0.0,0.0
2020-08-06,16851,80,84,0.0,0.0
2020-08-05,16823,80,84,0.0,0.0
2020-08-04,16821,80,84,0.0,0.0
2020-08-03,16812,80,84,0.0,0.0
2020-08-02,16787,80,84,0.0,0.0
2020-08-01,16777,80,84,0.0,0.0
2020-07-31,16773,80,84,0.0,0.0
2020-07-30,16766,80,84,0.0,0.0
2020-07-29,16763,80,84,0.0,0.0
2020-07-28,16758,80,84,0.0,0.0
2020-07-27,16746,80,84,0.0,0.0
2020-07-26,16735,80,84,0.0,0.0
2020-07-25,16731,80,84,0.0,0.0
2020-07-24,16730,80,84,0.0,0.0
2020-07-23,16724,80,84,0.0,0.0
2020-07-22,16715,80,84,0.0,0.0
2020-07-21,16710,80,84,0.0,0.0
2020-07-20,16702,80,84,0.0,0.0
2020-07-19,16691,80,84,0.0,0.0
2020-07-18,16686,80,84,0.0,0.0
2020-07-17,16683,80,84,0.0,0.0
2020-07-16,16677,80,84,0.0,0.0
2020-07-15,16667,80,84,0.0,0.0
2020-07-14,16666,80,84,0.0,0.0
2020-07-13,16653,80,84,0.0,0.0
2020-07-12,16657,80,84,0.0,0.0
2020-07-11,16659,80,84,0.0,0.0
2020-07-10,16654,80,84,0.0,0.0
2020-07-09,16656,80,84,0.0,0.0
2020-07-08,16643,80,84,0.0,0.0
2020-07-07,16634,80,84,0.0,0.0
2020-07-06,16631,80,84,0.0,0.0
2020-07-05,16632,80,84,0.0,0.0
2020-07-04,16639,80,84,0.0,0.0
2020-07-03,16635,80,84,0.0,0.0
2020-07-02,16629,80,84,0.0,0.0
2020-07-01,16634,80,84,0.0,0.0
2020-06-30,16624,80,84,0.0,0.0
2020-06-29,16632,80,84,0.0,0.0
2020-06-28,16625,80,84,0.0,0.0
2020-06-27,16609,80,84,0.0,0.0
2020-06-26,16606,80,84,0.0,0.0
2020-06-25,16601,80,84,0.0,0.0
2020-06-24,16597,80,84,0.0,0.0
2020-06-23,16590,80,84,0.0,0.0
2020-06-22,16575,80,84,0.0,0.0
2020-06-21,16573,80,84,0.0,0.0
2020-06-20,16575,80,84,0.0,0.0
2020-06-19,16578,80,84,0.0,0.0
2020-06-18,16581,80,84,0.0,0.0
2020-06-17,16576,80,84,0.0,0.0
2020-06-16,16567,80,84,0.0,0.0
2020-06-15,16566,80,84,0.0,0.0
2020-06-14,16558,80,84,0.0,0.0
2020-06-13,16557,80,84,0.0,0.0
2020-06-12,16555,80,84,0.0,0.0
2020-06-11,16559,80,84,0.0,0.0
2020-06-09,16535,80,84,0.0,0.0
2020-06-08,16527,80,84,0.0,0.0
2020-06-07,16527,80,84,0.0,0.0
2020-06-05,16511,80,84,0.0,0.0
2020-06-01,16444,80,84,0.0,0.0
2020-05-31,16439,80,84,0.0,0.0
2020-05-30,16433,80,84,0.0,0.0
2020-05-29,16400,80,84,0.0,0.0
2020-05-28,16379,80,84,0.0,0.0
2020-05-27,16370,80,84,0.0,0.0
2020-05-26,16365,80,84,0.0,0.0
2020-05-25,16347,80,84,0.0,0.0
2020-05-24,16286,80,84,0.0,0.0
2020-05-23,16289,80,84,0.0,0.0
2020-05-22,16277,80,84,0.0,0.0
2020-05-21,16240,80,84,0.0,0.0
2020-05-20,16230,80,84,0.0,0.0
2020-05-19,16223,80,84,0.0,0.0
2020-05-18,16225,80,84,0.0,0.0
2020-05-17,16213,80,84,0.0,0.0
2020-05-16,16214,80,84,0.0,0.0
2020-05-15,16210,80,84,0.0,0.0
2020-05-14,16199,80,84,0.0,0.0
2020-05-13,16193,80,84,0.0,0.0
2020-05-12,16175,80,84,0.0,0.0
2020-05-11,16160,80,84,0.0,0.0
2020-05-10,16162,80,84,0.0,0.0
2020-05-09,16154,80,84,0.0,0.0
2020-05-08,16149,80,84,0.0,0.0
2020-05-07,16137,80,84,0.0,0.0
2020-05-05,16104,80,84,0.0,0.0
2020-05-04,16105,80,84,0.0,0.0
2020-05-03,16098,80,84,0.0,0.0
2020-05-02,16087,80,84,0.0,0.0
2020-05-01,16063,80,84,0.0,0.0
2020-04-30,16020,80,84,0.0,0.0
2020-04-29,16014,80,84,0.0,0.0
2020-04-28,15998,80,84,0.0,0.0
2020-04-27,15989,80,84,0.0,0.0
2020-04-26,15983,80,84,0.0,0.0
2020-04-25,15982,80,84,0.0,0.0
2020-04-24,15974,80,84,0.0,0.0
2020-04-23,15970,80,84,0.0,0.0
2020-04-22,15973,80,84,0.0,0.0
2020-04-21,15961,80,84,0.0,0.0
2020-04-20,15957,80,84,0.0,0.0
2020-04-19,15953,80,84,0.0,0.0
2020-04-18,15952,80,84,0.0,0.0
2020-04-17,15956,80,84,0.0,0.0
2020-04-16,15947,80,84,0.0,0.0
2020-04-15,15931,80,84,0.0,0.0
2020-04-14,15933,80,84,0.0,0.0
2020-04-13,15932,80,84,0.0,0.0
2020-04-12,15933,80,84,0.0,0.0
2020-04-11,15929,80,84,0.0,0.0
2020-04-10,15931,80,84,0.0,0.0
2020-04-09,15933,80,84,0.0,0.0
2020-04-08,15934,80,84,0.0,0.0
2020-04-07,15922,80,84,0.0,0.0
2020-04-06,15921,80,84,0.0,0.0
2020-04-05,15929,80,84,0.0,0.0
2020-04-04,15925,80,84,0.0,0.0
2020-04-03,15926,80,84,0.0,0.0
2020-04-02,15923,80,84,0.0,0.0
2020-04-01,15923,80,84,0.0,0.0
2020-03-31,15921,80,84,0.0,0.0
2020-03-30,15926,80,84,0.0,0.0
2020-03-29,15923,80,84,0.0,0.0
2020-03-28,15927,80,84,0.0,0.0
2020-03-27,15927,80,84,0.0,0.0
2020-03-26,15928,80,84,0.0,0.0
2020-03-25,15922,80,84,0.0,0.0
2020-03-24,15925,80,84,0.0,0.0
2020-03-23,15934,80,84,0.0,0.0
2020-03-22,15932,80,84,0.0,0.0
2020-03-21,15930,80,84,0.0,0.0
2020-03-20,15929,80,84,0.0,0.0
2020-03-19,15936,80,84,0.0,0.0
2020-03-18,15937,80,84,0.0,0.0
2020-03-17,15937,80,84,0.0,0.0
2020-03-16,15936,80,84,0.0,0.0
2020-03-15,15923,80,84,0.0,0.0
2020-03-14,15883,80,84,0.0,0.0
2020-03-13,15855,80,84,0.0,0.0
2020-03-12,15845,80,84,0.0,0.0
2020-03-11,15852,80,84,0.0,0.0
2020-03-10,15852,80,84,0.0,0.0
2020-03-09,15851,80,84,0.0,0.0
2020-03-08,15844,80,84,0.0,0.0
2020-03-07,15843,80,84,0.0,0.0
2020-03-06,15844,80,84,0.0,0.0
2020-03-05,15844,80,84,0.0,0.0
2020-03-04,15838,80,84,0.0,0.0
2020-03-03,15836,80,84,0.0,0.0
2020-03-02,15833,80,84,0.0,0.0
2020-03-01,15836,80,84,0.0,0.0
2020-02-29,15832,80,84,0.0,0.0
2020-02-28,15826,80,84,0.0,0.0
2020-02-27,15810,80,84,0.0,0.0
2020-02-26,15808,80,84,0.0,0.0
2020-02-25,15805,80,84,0.0,0.0
2020-02-24,15799,80,84,0.0,0.0
2020-02-23,15791,80,84,0.0,0.0
2020-02-22,15793,80,84,0.0,0.0
2020-02-21,15786,79,84,0.0,0.0
2020-02-20,15785,79,84,0.0,0.0
2020-02-19,15784,80,84,0.0,0.0
2020-02-18,15785,80,84,0.0,0.0
2020-02-17,15784,80,84,0.0,0.0
2020-02-16,15784,80,84,0.0,0.0
2020-02-15,15783,80,84,0.0,0.0
2020-02-14,15784,80,84,0.0,0.0
2020-02-13,15786,80,84,0.0,0.0
2020-02-12,15792,79,84,0.0,0.0
2020-02-11,15795,79,84,0.0,0.0
2020-02-10,15790,79,84,0.0,0.0
2020-02-09,15793,79,84,0.0,0.0
2020-02-08,15803,79,84,0.0,0.0
2020-02-07,15803,79,84,0.0,0.0
2020-02-06,15791,79,84,0.0,0.0
2020-02-05,15797,79,84,0.0,0.0
2020-02-04,15792,80,84,0.0,0.0
2020-02-03,15787,80,84,0.0,0.0
2020-02-02,15784,80,84,0.0,0.0
2020-02-01,15789,80,84,0.0,0.0
2020-01-31,15797,80,84,0.0,0.0
2020-01-30,15784,80,84,0.0,0.0
2020-01-29,15782,80,84,0.0,0.0
2020-01-28,15777,80,84,0.0,0.0
2020-01-27,15773,80,84,0.0,0.0
2020-01-26,15766,79,84,0.0,0.0
2020-01-25,15763,80,84,0.0,0.0
2020-01-24,15765,80,84,0.0,0.0
2020-01-23,15766,80,84,0.0,0.0
2020-01-22,15772,79,84,0.0,0.0
2020-01-21,15777,80,84,0.0,0.0
2020-01-20,15780,80,84,0.0,0.0
2020-01-19,15783,80,84,0.0,0.0
2020-01-18,15785,80,84,0.0,0.0
2020-01-17,15785,80,84,0.0,0.0
2020-01-16,15789,80,84,0.0,0.0
2020-01-15,15790,80,84,0.0,0.0
2020-01-14,15786,80,84,0.0,0.0
2020-01-13,15785,80,84,0.0,0.0
2020-01-12,15783,80,84,0.0,0.0
2020-01-11,15784,80,84,0.0,0.0
2020-01-10,15782,80,84,0.0,0.0
2020-01-09,15776,80,84,0.0,0.0
2020-01-08,15765,81,84,0.0,0.0
2020-01-07,15765,81,84,0.0,0.0
2020-01-06,15754,81,84,0.0,0.0
2020-01-05,15754,81,84,0.0,0.0
2020-01-04,15755,81,84,0.0,0.0
2020-01-03,15765,81,84,0.0,0.0
2020-01-02,15760,81,84,0.0,0.0
2020-01-01,15764,81,84,0.0,0.0
2019-12-31,15771,81,84,0.0,0.0
2019-12-30,15767,81,84,0.0,0.0
2019-12-29,15763,81,84,0.0,0.0
2019-12-28,15739,81,84,0.0,0.0
2019-12-27,15731,81,84,0.0,0.0
2019-12-26,15740,81,84,0.0,0.0
2019-12-25,15735,81,84,0.0,0.0
2019-12-24,15736,81,84,0.0,0.0
2019-12-23,15731,81,84,0.0,0.0
2019-12-22,15728,81,84,0.0,0.0
2019-12-21,15731,81,84,0.0,0.0
2019-12-20,15731,81,84,0.0,0.0
2019-12-19,15732,81,84,0.0,0.0
2019-12-18,15726,81,84,0.0,0.0
2019-12-17,15726,81,84,0.0,0.0
2019-12-16,15725,81,84,0.0,0.0
2019-12-15,15731,81,84,0.0,0.0
2019-12-14,15733,81,84,0.0,0.0
2019-12-13,15743,81,84,0.0,0.0
2019-12-12,15738,81,84,0.0,0.0
2019-12-11,15736,81,84,0.0,0.0
2019-12-10,15730,81,84,0.0,0.0
2019-12-09,15729,81,84,0.0,0.0
2019-12-08,15725,81,84,0.0,0.0
2019-12-07,15724,81,84,0.0,0.0
2019-12-06,15727,81,84,0.0,0.0
2019-12-05,15726,81,84,0.0,0.0
2019-12-04,15754,81,84,0.0,0.0
2019-12-03,15751,81,84,0.0,0.0
2019-12-02,15734,81,84,0.0,0.0
2019-12-01,15732,81,84,0.0,0.0
2019-11-30,15731,81,84,0.0,0.0
2019-11-29,15735,81,84,0.0,0.0
2019-11-28,15726,81,84,0.0,0.0
2019-11-27,15731,81,84,0.0,0.0
2019-11-26,15735,81,84,0.0,0.0
2019-11-25,15638,81,84,0.0,0.0
2019-11-24,15155,81,84,0.0,0.0
2019-11-23,15158,81,84,0.0,0.0
2019-11-22,15146,81,84,0.0,0.0
2019-11-21,15151,81,84,0.0,0.0
2019-11-20,15148,81,84,0.0,0.0
2019-11-19,15144,81,84,0.0,0.0
2019-11-18,15142,81,84,0.0,0.0
2019-11-17,15139,80,84,0.0,0.0
2019-11-16,15140,80,84,0.0,0.0
2019-11-15,15143,80,84,0.0,0.0
2019-11-14,15137,80,84,0.0,0.0
2019-11-13,15137,80,84,0.0,0.0
2019-11-12,15140,80,84,0.0,0.0
2019-11-11,15141,80,84,0.0,0.0
2019-11-10,15137,80,84,0.0,0.0
2019-11-09,15128,80,84,0.0,0.0
2019-11-08,15118,80,84,0.0,0.0
2019-11-07,15119,80,84,0.0,0.0
2019-11-06,15115,80,84,0.0,0.0
2019-11-05,15108,80,84,0.0,0.0
2019-11-04,15111,80,84,0.0,0.0
2019-11-03,15110,80,84,0.0,0.0
2019-11-02,15109,80,84,0.0,0.0
2019-11-01,15106,80,84,0.0,0.0
2019-10-31,15106,80,84,0.0,0.0
2019-10-30,15100,80,84,0.0,0.0
2019-10-29,15092,80,84,0.0,0.0
2019-10-28,15092,80,84,0.0,0.0
2019-10-27,15097,80,84,0.0,0.0
2019-10-26,15096,80,84,0.0,0.0
2019-10-25,15090,80,84,0.0,0.0
2019-10-24,15085,80,84,0.0,0.0
2019-10-23,15078,80,84,0.0,0.0
2019-10-22,15076,79,84,0.0,0.0
2019-10-21,15076,80,84,0.0,0.0
2019-10-20,15065,80,84,0.0,0.0
2019-10-19,15062,80,84,0.0,0.0
2019-10-18,15061,80,84,0.0,0.0
2019-10-17,15025,80,84,0.0,0.0
2019-10-16,14991,80,84,0.0,0.0
2019-10-15,14990,80,84,0.0,0.0
2019-10-14,14999,80,84,0.0,0.0
2019-10-13,14994,80,84,0.0,0.0
2019-10-12,14987,80,84,0.0,0.0
2019-10-11,14997,80,84,0.0,0.0
2019-10-10,15003,80,84,0.0,0.0
2019-10-09,14986,80,84,0.0,0.0
2019-10-08,14981,80,84,0.0,0.0
2019-10-07,14977,80,84,0.0,0.0
2019-10-06,14972,80,84,0.0,0.0
2019-10-05,14962,80,84,0.0,0.0
2019-10-04,14953,80,84,0.0,0.0
2019-10-03,14962,80,84,0.0,0.0
2019-10-02,14950,80,84,0.0,0.0
2019-10-01,14947,80,84,0.0,0.0
2019-09-30,14941,80,84,0.0,0.0
2019-09-29,14939,80,84,0.0,0.0
2019-09-28,14928,80,84,0.0,0.0
2019-09-27,14924,80,84,0.0,0.0
2019-09-26,14922,80,84,0.0,0.0
2019-09-25,14920,80,84,0.0,0.0
2019-09-24,14911,80,84,0.0,0.0
2019-09-23,14909,80,84,0.0,0.0
2019-09-22,14903,80,84,0.0,0.0
2019-09-21,14900,80,84,0.0,0.0
2019-09-20,14898,80,84,0.0,0.0
2019-09-19,14875,80,84,0.0,0.0
2019-09-18,14877,80,84,0.0,0.0
2019-09-17,14874,80,84,0.0,0.0
2019-09-16,14872,80,84,0.0,0.0
2019-09-15,14861,80,84,0.0,0.0
2019-09-14,14857,80,84,0.0,0.0
2019-09-13,14856,80,84,0.0,0.0
2019-09-12,14854,80,84,0.0,0.0
2019-09-11,14836,80,84,0.0,0.0
2019-09-10,14798,80,84,0.0,0.0
2019-09-09,14779,80,84,0.0,0.0
2019-09-08,14783,80,84,0.0,0.0
2019-09-07,14777,80,84,0.0,0.0
2019-09-06,14775,80,84,0.0,0.0
2019-09-05,14778,80,84,0.0,0.0
2019-09-04,14779,80,84,0.0,0.0
2019-09-03,14780,80,84,0.0,0.0
2019-09-02,14780,80,84,0.0,0.0
2019-09-01,14784,80,84,0.0,0.0
2019-08-31,14790,80,84,0.0,0.0
2019-08-30,14784,80,84,0.0,0.0
2019-08-29,14784,80,84,0.0,0.0
2019-08-28,14776,80,84,0.0,0.0
2019-08-27,14775,80,84,0.0,0.0
2019-08-26,14749,80,84,0.0,0.0
2019-08-25,14729,80,84,0.0,0.0
2019-08-24,14713,80,84,0.0,0.0
2019-08-23,14718,80,84,0.0,0.0
2019-08-22,14703,80,84,0.0,0.0
2019-08-21,14693,80,84,0.0,0.0
2019-08-20,14692,80,84,0.0,0.0
2019-08-19,14691,80,84,0.0,0.0
2019-08-14,14709,80,84,0.0,0.0
2019-08-13,14708,80,84,0.0,0.0
2019-08-12,14701,80,84,0.0,0.0
2019-08-11,14700,80,84,0.0,0.0
2019-08-10,14697,80,84,0.0,0.0
2019-08-09,14692,80,84,0.0,0.0
2019-08-08,14681,80,84,0.0,0.0
2019-08-07,14663,80,84,0.0,0.0
2019-08-06,14629,80,84,0.0,0.0
2019-08-05,14629,80,84,0.0,0.0
2019-08-04,14631,80,84,0.0,0.0
2019-08-03,14622,80,84,0.0,0.0
2019-08-02,14621,80,84,0.0,0.0
2019-08-01,14614,80,84,0.0,0.0
2019-07-31,14616,80,84,0.0,0.0
2019-07-30,14614,80,84,0.0,0.0
2019-07-29,14610,80,84,0.0,0.0
2019-07-28,14613,80,84,0.0,0.0
2019-07-27,14614,80,84,0.0,0.0
2019-07-26,14616,80,84,0.0,0.0
2019-07-25,14613,80,84,0.0,0.0
2019-07-24,14607,80,84,0.0,0.0
2019-07-23,14608,80,84,0.0,0.0
2019-07-22,14607,80,84,0.0,0.0
2019-07-21,14615,80,84,0.0,0.0
2019-07-20,14617,80,84,0.0,0.0
2019-07-19,14620,80,84,0.0,0.0
2019-07-18,14623,80,84,0.0,0.0
2019-07-17,14628,80,84,0.0,0.0
2019-07-16,14634,80,84,0.0,0.0
2019-07-15,14627,80,84,0.0,0.0
2019-07-14,14632,80,84,0.0,0.0
2019-07-13,14639,80,84,0.0,0.0
2019-07-12,14630,80,84,0.0,0.0
2019-07-11,14629,80,84,0.0,0.0
2019-07-10,14634,80,84,0.0,0.0
2019-07-09,14623,80,84,0.0,0.0
2019-07-08,14625,80,84,0.0,0.0
2019-07-07,14628,80,84,0.0,0.0
2019-07-06,14619,80,84,0.0,0.0
2019-07-05,14616,80,84,0.0,0.0
2019-07-04,14613,80,84,0.0,0.0
2019-07-03,14606,80,84,0.0,0.0
2019-07-02,14581,80,84,0.0,0.0
2019-07-01,14513,80,84,0.0,0.0
2019-06-30,14524,80,84,0.0,0.0
2019-06-29,14520,80,84,0.0,0.0
2019-06-28,14523,79,84,0.0,0.0
2019-06-27,14520,79,84,0.0,0.0
2019-06-26,14513,79,84,0.0,0.0
2019-06-25,14495,79,84,0.0,0.0
2019-06-24,14504,78,84,0.0,0.0
2019-06-23,14492,78,84,0.0,0.0
2019-06-22,14493,78,84,0.0,0.0
2019-06-21,14501,78,84,0.0,0.0
2019-06-20,14499,78,84,0.0,0.0
2019-06-19,14489,78,84,0.0,0.0
2019-06-18,14481,78,84,0.0,0.0
2019-06-17,14483,78,84,0.0,0.0
2019-06-16,14477,79,84,0.0,0.0
2019-06-15,14476,79,84,0.0,0.0
2019-06-14,14472,79,84,0.0,0.0
2019-06-13,14475,79,84,0.0,0.0
2019-06-12,14467,79,84,0.0,0.0
2019-06-11,14466,79,84,0.0,0.0
2019-06-10,14473,79,84,0.0,0.0
2019-06-09,14477,79,84,0.0,0.0
2019-06-08,14472,78,84,0.0,0.0
2019-06-07,14477,78,84,0.0,0.0
2019-06-06,14474,78,84,0.0,0.0
2019-06-05,14475,78,84,0.0,0.0
2019-06-04,14471,78,84,0.0,0.0
2019-06-03,14462,78,84,0.0,0.0
2019-06-02,14459,78,84,0.0,0.0
2019-06-01,14449,78,84,0.0,0.0
2019-05-31,14454,78,84,0.0,0.0
2019-05-30,14439,78,84,0.0,0.0
2019-05-29,14438,78,84,0.0,0.0
2019-05-28,14424,78,84,0.0,0.0
2019-05-27,14398,78,84,0.0,0.0
2019-05-26,14384,78,84,0.0,0.0
2019-05-24,14316,78,84,0.0,0.0
2019-05-23,14307,78,84,0.0,0.0
2019-05-22,14287,79,84,0.0,0.0
2019-05-21,14276,79,84,0.0,0.0
2019-05-20,14277,79,84,0.0,0.0
2019-05-19,14261,79,84,0.0,0.0
2019-05-18,14251,79,84,0.0,0.0
2019-05-17,14237,79,84,0.0,0.0
2019-05-16,14219,78,84,0.0,0.0
2019-05-15,14204,79,84,0.0,0.0
2019-05-13,14173,79,84,0.0,0.0
2019-05-12,14117,78,84,0.0,0.0
2019-05-11,14083,78,84,0.0,0.0
2019-05-10,14069,78,84,0.0,0.0
2019-05-09,14075,78,84,0.0,0.0
2019-05-08,14062,78,84,0.0,0.0
2019-05-07,14065,78,84,0.0,0.0
2019-05-06,14061,78,84,0.0,0.0
2019-05-05,14053,78,84,0.0,0.0
2019-05-04,14051,78,84,0.0,0.0
2019-05-03,14046,79,84,0.0,0.0
2019-05-02,14034,79,84,0.0,0.0
2019-05-01,14030,79,84,0.0,0.0
2019-04-28,14029,79,84,0.0,0.0
2019-04-27,14018,79,84,0.0,0.0
2019-04-26,13965,79,84,0.0,0.0
2019-04-25,13953,79,84,0.0,0.0
2019-04-24,13928,79,84,0.0,0.0
2019-04-23,13919,79,84,0.0,0.0
2019-04-22,13917,79,84,0.0,0.0
2019-04-21,13795,79,84,0.0,0.0
2019-04-20,13686,79,84,0.0,0.0
2019-04-19,13572,79,83,0.0,0.0
2019-04-18,13563,79,83,0.0,0.0
2019-04-17,13547,79,83,0.0,0.0
2019-04-16,13545,79,83,0.0,0.0
2019-04-15,13534,79,83,0.0,0.0
2019-04-14,13524,79,83,0.0,0.0
2019-04-13,13515,79,83,0.0,0.0
2019-04-12,13510,79,83,0.0,0.0
2019-04-11,13508,79,83,0.0,0.0
2019-04-10,13496,79,83,0.0,0.0
2019-04-09,13485,79,83,0.0,0.0
2019-04-08,13463,79,83,0.0,0.0
2019-04-07,13462,79,83,0.0,0.0
2019-04-06,13457,79,83,0.0,0.0
2019-04-05,13459,79,83,0.0,0.0
2019-04-04,13444,79,83,0.0,0.0
2019-04-03,13436,79,83,0.0,0.0
2019-04-02,13431,79,83,0.0,0.0
2019-04-01,13425,78,83,0.0,0.0
2019-03-31,13418,79,83,0.0,0.0
2019-03-30,13412,79,83,0.0,0.0
2019-03-29,13411,79,83,0.0,0.0
2019-03-28,13409,79,83,0.0,0.0
2019-03-27,13406,79,83,0.0,0.0
2019-03-26,13400,79,83,0.0,0.0
2019-03-25,13389,79,83,0.0,0.0
2019-03-24,13362,79,83,0.0,0.0
2019-03-23,13353,79,83,0.0,0.0
2019-03-22,13349,79,83,0.0,0.0
2019-03-21,13323,79,83,0.0,0.0
2019-03-20,13308,79,83,0.0,0.0
2019-03-19,13301,79,83,0.0,0.0
2019-03-18,13297,79,83,0.0,0.0
2019-03-17,13303,79,83,0.0,0.0
2019-03-16,13294,79,83,0.0,0.0
2019-03-15,13284,79,83,0.0,0.0
2019-03-14,13285,79,83,0.0,0.0
2019-03-13,13280,79,83,0.0,0.0
2019-03-12,13262,79,83,0.0,0.0
2019-03-11,13257,79,83,0.0,0.0
2019-03-10,13239,79,83,0.0,0.0
2019-03-09,13241,79,83,0.0,0.0
2019-03-08,13245,79,83,0.0,0.0
2019-03-07,13232,79,83,0.0,0.0
2019-03-06,13231,79,83,0.0,0.0
2019-03-05,13239,79,83,0.0,0.0
2019-03-04,13232,79,83,0.0,0.0
2019-03-03,13226,79,83,0.0,0.0
2019-03-02,13221,79,83,0.0,0.0
2019-03-01,13223,79,83,0.0,0.0
2019-02-28,13169,79,83,0.0,0.0
2019-02-27,13110,79,83,0.0,0.0
2019-02-26,13103,79,83,0.0,0.0
2019-02-25,13095,79,83,0.0,0.0
2019-02-24,13094,79,83,0.0,0.0
2019-02-23,13074,79,83,0.0,0.0
2019-02-22,13067,79,83,0.0,0.0
2019-02-21,13050,79,83,0.0,0.0
2019-02-20,13047,79,83,0.0,0.0
2019-02-19,13024,79,83,0.0,0.0
2019-02-18,13006,79,83,0.0,0.0
2019-02-17,12998,79,83,0.0,0.0
2019-02-16,12988,79,83,0.0,0.0
2019-02-15,12989,79,83,0.0,0.0
2019-02-14,12969,79,83,0.0,0.0
2019-02-13,12496,79,83,0.0,0.0
2019-02-12,12913,79,83,0.0,0.0
2019-02-11,12904,79,83,0.0,0.0
2019-02-10,12890,79,83,0.0,0.0
2019-02-09,12879,79,83,0.0,0.0
2019-02-07,12845,78,83,0.0,0.0
2019-02-06,12827,79,83,0.0,0.0
2019-02-05,12821,79,83,0.0,0.0
2019-02-03,12713,78,83,0.0,0.0
2019-02-02,12683,78,83,0.0,0.0
2019-02-01,12679,78,83,0.0,0.0
2019-01-31,12665,78,83,0.0,0.0
2019-01-30,12645,78,83,0.0,0.0
2019-01-29,12635,78,83,0.0,0.0
2019-01-28,12637,78,83,0.0,0.0
2019-01-27,12616,78,83,0.0,0.0
2019-01-26,12586,78,83,0.0,0.0
2019-01-25,12585,78,83,0.0,0.0
2019-01-24,12564,78,83,0.0,0.0
2019-01-23,12566,78,83,0.0,0.0
2019-01-22,12556,78,83,0.0,0.0
2019-01-14,12497,78,83,0.0,0.0
2019-01-13,12487,78,83,0.0,0.0
2019-01-12,12487,78,83,0.0,0.0
2019-01-11,12488,78,83,0.0,0.0
2019-01-10,12461,78,83,0.0,0.0
2019-01-09,12452,78,83,0.0,0.0
2019-01-08,12455,78,83,0.0,0.0
2019-01-07,12446,78,83,0.0,0.0
2019-01-06,12428,78,83,0.0,0.0
2019-01-05,12411,78,83,0.0,0.0
2019-01-04,12393,78,83,0.0,0.0
2019-01-03,12376,78,83,0.0,0.0
2019-01-02,12372,79,83,0.0,0.0
2019-01-01,12378,79,83,0.0,0.0
2018-12-31,12379,79,83,0.0,0.0
2018-12-30,12362,79,83,0.0,0.0
2018-12-29,12357,79,83,0.0,0.0
2018-12-28,12345,79,83,0.0,0.0
2018-12-27,12344,79,83,0.0,0.0
2018-12-26,12334,79,83,0.0,0.0
2018-12-25,12329,79,83,0.0,0.0
2018-12-24,12317,77,83,0.0,0.0
2018-12-23,12288,77,83,0.0,0.0
2018-12-22,12286,77,83,0.0,0.0
2018-12-21,12290,77,83,0.0,0.0
2018-12-20,12279,77,83,0.0,0.0
2018-12-19,12276,77,83,0.0,0.0
2018-12-18,12259,77,83,0.0,0.0
2018-12-17,12268,77,83,0.0,0.0
2018-12-16,12271,77,83,0.0,0.0
2018-12-15,12259,77,83,0.0,0.0
2018-12-14,12248,77,83,0.0,0.0
2018-12-13,12236,77,83,0.0,0.0
2018-12-12,12226,77,83,0.0,0.0
2018-12-11,12219,77,83,0.0,0.0
2018-12-10,12213,77,83,0.0,0.0
2018-12-09,12186,77,83,0.0,0.0
2018-12-08,12165,77,83,0.0,0.0
2018-12-07,12147,77,83,0.0,0.0
2018-12-06,12130,77,83,0.0,0.0
2018-12-05,12119,77,83,0.0,0.0
2018-12-04,12120,77,83,0.0,0.0
2018-12-03,12090,77,83,0.0,0.0
2018-12-02,12068,77,83,0.0,0.0
2018-12-01,12016,77,83,0.0,0.0
2018-11-30,12012,77,83,0.0,0.0
2018-11-29,12000,77,83,0.0,0.0
2018-11-28,11998,77,83,0.0,0.0
2018-11-27,11998,77,83,0.0,0.0
2018-11-24,11941,77,83,0.0,0.0
2018-11-23,11919,76,83,0.0,0.0
2018-11-22,11927,76,83,0.0,0.0
2018-11-21,11806,75,83,0.0,0.0
2018-11-19,11776,75,83,0.0,0.0
2018-11-18,11785,75,83,0.0,0.0
2018-11-17,11782,75,83,0.0,0.0
2018-11-16,11733,75,83,0.0,0.0
2018-11-15,11723,75,83,0.0,0.0
2018-11-14,11723,75,83,0.0,0.0
2018-11-13,11714,75,82,0.0,0.0
2018-11-12,11660,75,82,0.0,0.0
2018-11-11,11615,75,82,0.0,0.0
2018-11-10,11594,75,82,0.0,0.0
2018-11-09,11593,75,82,0.0,0.0
2018-11-08,11520,75,82,0.0,0.0
2018-11-07,11437,75,82,0.0,0.0
2018-11-05,11399,75,82,0.0,0.0
2018-11-04,11399,75,82,0.0,0.0
2018-11-03,11384,75,82,0.0,0.0
2018-11-02,11437,75,80,0.0,0.0
2018-11-01,11432,75,80,0.0,0.0
2018-10-31,11410,75,80,0.0,0.0
2018-10-30,11395,75,80,0.0,0.0
2018-10-29,11394,75,80,0.0,0.0
2018-10-28,11387,75,80,0.0,0.0
2018-10-27,11378,75,80,0.0,0.0
2018-10-26,11396,75,80,0.0,0.0
2018-10-24,11386,75,80,0.0,0.0
2018-10-23,11361,75,80,0.0,0.0
2018-10-21,11342,75,80,0.0,0.0
2018-10-20,11342,75,80,0.0,0.0
2018-10-19,11330,75,80,0.0,0.0
2018-10-18,11299,75,80,0.0,0.0
2018-10-16,11288,75,80,0.0,0.0
2018-10-15,11285,75,80,0.0,0.0
2018-10-14,11288,75,80,0.0,0.0
2018-10-13,11285,75,80,0.0,0.0
2018-10-11,11288,75,80,0.0,0.0
2018-10-09,11267,75,80,0.0,0.0
2018-10-08,11266,75,80,0.0,0.0
2018-10-07,11253,75,80,0.0,0.0
2018-10-06,11240,75,80,0.0,0.0
2018-10-05,11243,75,80,0.0,0.0
2018-10-04,11249,75,80,0.0,0.0
2018-10-03,11248,75,80,0.0,0.0
2018-10-02,11243,75,80,0.0,0.0
2018-10-01,11246,75,80,0.0,0.0
2018-09-30,11238,75,80,0.0,0.0
2018-09-29,11240,75,80,0.0,0.0
2018-09-28,11238,75,80,0.0,0.0
2018-09-27,11238,75,80,0.0,0.0
2018-09-25,11214,75,80,0.0,0.0
2018-09-24,11214,75,80,0.0,0.0
2018-09-22,11220,75,80,0.0,0.0
2018-09-21,11215,75,80,0.0,0.0
2018-09-20,11209,75,80,0.0,0.0
2018-09-17,11204,75,80,0.0,0.0
2018-09-15,11199,75,80,0.0,0.0
2018-09-14,11199,75,80,0.0,0.0
2018-09-13,11194,75,80,0.0,0.0
2018-09-12,11182,75,80,0.0,0.0
2018-09-11,11177,75,80,0.0,0.0
2018-09-10,11173,75,80,0.0,0.0
2018-09-09,11163,75,80,0.0,0.0
2018-09-07,11169,75,80,0.0,0.0
2018-09-05,11114,75,80,0.0,0.0
2018-09-03,11091,75,80,0.0,0.0
2018-09-02,11083,75,80,0.0,0.0
2018-09-01,11081,75,80,0.0,0.0
2018-08-31,11090,75,80,0.0,0.0
2018-08-30,11069,75,80,0.0,0.0
2018-08-29,11056,75,80,0.0,0.0
2018-08-28,11053,75,80,0.0,0.0
2018-08-27,11049,75,80,0.0,0.0
2018-08-26,11052,75,80,0.0,0.0
2018-08-25,11051,75,80,0.0,0.0
2018-08-24,11054,75,80,0.0,0.0
2018-08-23,11030,75,80,0.0,0.0
2018-08-22,11028,75,80,0.0,0.0
2018-08-20,11011,75,80,0.0,0.0
2018-08-19,10998,75,80,0.0,0.0
2018-08-18,10992,75,80,0.0,0.0
2018-08-17,10988,75,80,0.0,0.0
2018-08-16,10991,75,80,0.0,0.0
2018-08-15,10981,75,80,0.0,0.0
2018-08-14,10976,75,80,0.0,0.0
2018-08-13,10978,75,80,0.0,0.0
2018-08-12,10977,75,80,0.0,0.0
2018-08-11,10981,75,80,0.0,0.0
2018-08-10,10975,75,80,0.0,0.0
2018-08-09,10989,75,80,0.0,0.0
2018-08-08,10993,75,80,0.0,0.0
2018-08-07,10998,75,80,0.0,0.0
2018-08-06,11037,74,80,0.0,0.0
2018-08-05,10999,74,80,0.0,0.0
2018-08-04,11043,74,80,0.0,0.0
2018-08-03,11035,74,80,0.0,0.0
2018-08-02,11033,74,80,0.0,0.0
2018-08-01,11036,74,80,0.0,0.0
2018-07-31,11010,74,80,0.0,0.0
2018-07-30,11019,74,80,0.0,0.0
2018-07-29,11020,74,80,0.0,0.0
2018-07-28,11004,74,80,0.0,0.0
2018-07-27,11002,74,80,0.0,0.0
2018-07-26,11035,74,80,0.0,0.0
2018-07-25,11033,74,80,0.0,0.0
2018-07-24,11007,74,80,0.0,0.0
2018-07-23,10998,74,80,0.0,0.0
2018-07-22,10994,74,80,0.0,0.0
2018-07-21,10980,74,80,0.0,0.0
2018-07-20,11007,74,80,0.0,0.0
