,date,artist,song_id,platform,release_date,followers,following,uploads,likes,was_inserted,tt_followers_diff_12m,tt_followers_diff_6m,tt_followers_diff_3m,tt_followers_diff_1m,tt_likes_diff_12m,tt_likes_diff_6m,tt_likes_diff_3m,tt_likes_diff_1m,tt_followers_diff_daily,tt_likes_diff_daily,tt_uploads_diff_daily
8784,2024-07-18,Alex Warren,Eternity — Alex Warren,tiktok,2025-07-18,16300000.0,5100.0,1781.0,1000000000.0,False,,,,,,,,,,,
8785,2024-07-19,Alex Warren,Eternity — Alex Warren,tiktok,2025-07-18,16300000.0,5100.0,1781.0,1000000000.0,False,,,,,,,,,0.0,0.0,0.0
8786,2024-07-20,Alex Warren,Eternity — Alex Warren,tiktok,2025-07-18,16300000.0,5100.0,1781.0,1000000000.0,False,,,,,,,,,0.0,0.0,0.0
8787,2024-07-21,Alex Warren,Eternity — Alex Warren,tiktok,2025-07-18,16300000.0,5100.0,1781.0,1000000000.0,False,,,,,,,,,0.0,0.0,0.0
8788,2024-07-22,Alex Warren,Eternity — Alex Warren,tiktok,2025-07-18,16300000.0,5100.0,1781.0,1000000000.0,False,,,,,,,,,0.0,0.0,0.0
8789,2024-07-23,Alex Warren,Eternity — Alex Warren,tiktok,2025-07-18,16300000.0,5100.0,1781.0,1000000000.0,False,,,,,,,,,0.0,0.0,0.0
8790,2024-07-24,Alex Warren,Eternity — Alex Warren,tiktok,2025-07-18,16300000.0,5100.0,1781.0,1000000000.0,False,,,,,,,,,0.0,0.0,0.0
8791,2024-07-25,Alex Warren,Eternity — Alex Warren,tiktok,2025-07-18,16300000.0,5100.0,1781.0,1000000000.0,False,,,,,,,,,0.0,0.0,0.0
8792,2024-07-26,Alex Warren,Eternity — Alex Warren,tiktok,2025-07-18,16300000.0,5100.0,1781.0,1000000000.0,False,,,,,,,,,0.0,0.0,0.0
8793,2024-07-27,Alex Warren,Eternity — Alex Warren,tiktok,2025-07-18,16300000.0,5100.0,1781.0,1000000000.0,False,,,,,,,,,0.0,0.0,0.0
8794,2024-07-28,Alex Warren,Eternity — Alex Warren,tiktok,2025-07-18,16300000.0,5100.0,1781.0,1000000000.0,False,,,,,,,,,0.0,0.0,0.0
8795,2024-07-29,Alex Warren,Eternity — Alex Warren,tiktok,2025-07-18,16300000.0,5100.0,1781.0,1000000000.0,False,,,,,,,,,0.0,0.0,0.0
8796,2024-07-30,Alex Warren,Eternity — Alex Warren,tiktok,2025-07-18,16300000.0,5100.0,1781.0,1000000000.0,False,,,,,,,,,0.0,0.0,0.0
8797,2024-07-31,Alex Warren,Eternity — Alex Warren,tiktok,2025-07-18,16300000.0,5100.0,1781.0,1000000000.0,False,,,,,,,,,0.0,0.0,0.0
8798,2024-08-01,Alex Warren,Eternity — Alex Warren,tiktok,2025-07-18,16300000.0,5100.0,1781.0,1000000000.0,False,,,,,,,,,0.0,0.0,0.0
8799,2024-08-02,Alex Warren,Eternity — Alex Warren,tiktok,2025-07-18,16300000.0,5100.0,1781.0,1000000000.0,False,,,,,,,,,0.0,0.0,0.0
8800,2024-08-03,Alex Warren,Eternity — Alex Warren,tiktok,2025-07-18,16300000.0,5101.0,1781.0,1000000000.0,False,,,,,,,,,0.0,0.0,0.0
8801,2024-08-04,Alex Warren,Eternity — Alex Warren,tiktok,2025-07-18,16300000.0,5101.0,1781.0,1000000000.0,False,,,,,,,,,0.0,0.0,0.0
8802,2024-08-05,Alex Warren,Eternity — Alex Warren,tiktok,2025-07-18,16300000.0,5102.0,1781.0,1000000000.0,False,,,,,,,,,0.0,0.0,0.0
8803,2024-08-06,Alex Warren,Eternity — Alex Warren,tiktok,2025-07-18,16300000.0,5102.0,1781.0,1000000000.0,False,,,,,,,,,0.0,0.0,0.0
8804,2024-08-07,Alex Warren,Eternity — Alex Warren,tiktok,2025-07-18,16300000.0,5102.0,1781.0,1000000000.0,False,,,,,,,,,0.0,0.0,0.0
8805,2024-08-08,Alex Warren,Eternity — Alex Warren,tiktok,2025-07-18,16300000.0,5102.0,1781.0,1000000000.0,False,,,,,,,,,0.0,0.0,0.0
8806,2024-08-09,Alex Warren,Eternity — Alex Warren,tiktok,2025-07-18,16300000.0,5101.0,1781.0,1000000000.0,False,,,,,,,,,0.0,0.0,0.0
8807,2024-08-10,Alex Warren,Eternity — Alex Warren,tiktok,2025-07-18,16300000.0,5102.0,1781.0,1000000000.0,False,,,,,,,,,0.0,0.0,0.0
8808,2024-08-11,Alex Warren,Eternity — Alex Warren,tiktok,2025-07-18,16300000.0,5102.0,1781.0,1000000000.0,False,,,,,,,,,0.0,0.0,0.0
8809,2024-08-12,Alex Warren,Eternity — Alex Warren,tiktok,2025-07-18,16300000.0,5102.0,1781.0,1000000000.0,False,,,,,,,,,0.0,0.0,0.0
8810,2024-08-13,Alex Warren,Eternity — Alex Warren,tiktok,2025-07-18,16300000.0,5102.0,1781.0,1000000000.0,False,,,,,,,,,0.0,0.0,0.0
8811,2024-08-14,Alex Warren,Eternity — Alex Warren,tiktok,2025-07-18,16300000.0,5102.0,1781.0,1000000000.0,False,,,,,,,,,0.0,0.0,0.0
8812,2024-08-15,Alex Warren,Eternity — Alex Warren,tiktok,2025-07-18,16300000.0,5102.0,1781.0,1000000000.0,False,,,,,,,,,0.0,0.0,0.0
8813,2024-08-16,Alex Warren,Eternity — Alex Warren,tiktok,2025-07-18,16300000.0,5102.0,1781.0,1000000000.0,False,,,,,,,,,0.0,0.0,0.0
8814,2024-08-17,Alex Warren,Eternity — Alex Warren,tiktok,2025-07-18,16300000.0,5102.0,1781.0,1000000000.0,False,,,,0.0,,,,0.0,0.0,0.0,0.0
8815,2024-08-18,Alex Warren,Eternity — Alex Warren,tiktok,2025-07-18,16300000.0,5102.0,1781.0,1000000000.0,False,,,,0.0,,,,0.0,0.0,0.0,0.0
8816,2024-08-19,Alex Warren,Eternity — Alex Warren,tiktok,2025-07-18,16300000.0,5102.0,1781.0,1000000000.0,False,,,,0.0,,,,0.0,0.0,0.0,0.0
8817,2024-08-20,Alex Warren,Eternity — Alex Warren,tiktok,2025-07-18,16300000.0,5102.0,1781.0,1000000000.0,False,,,,0.0,,,,0.0,0.0,0.0,0.0
8818,2024-08-21,Alex Warren,Eternity — Alex Warren,tiktok,2025-07-18,16300000.0,5102.0,1781.0,1000000000.0,False,,,,0.0,,,,0.0,0.0,0.0,0.0
8819,2024-08-22,Alex Warren,Eternity — Alex Warren,tiktok,2025-07-18,16300000.0,5102.0,1781.0,1000000000.0,False,,,,0.0,,,,0.0,0.0,0.0,0.0
8820,2024-08-23,Alex Warren,Eternity — Alex Warren,tiktok,2025-07-18,16300000.0,5103.0,1781.0,1000000000.0,False,,,,0.0,,,,0.0,0.0,0.0,0.0
8821,2024-08-24,Alex Warren,Eternity — Alex Warren,tiktok,2025-07-18,16300000.0,5103.0,1781.0,1000000000.0,False,,,,0.0,,,,0.0,0.0,0.0,0.0
8822,2024-08-25,Alex Warren,Eternity — Alex Warren,tiktok,2025-07-18,16300000.0,5103.0,1781.0,1000000000.0,False,,,,0.0,,,,0.0,0.0,0.0,0.0
8823,2024-08-26,Alex Warren,Eternity — Alex Warren,tiktok,2025-07-18,16300000.0,5103.0,1781.0,1000000000.0,False,,,,0.0,,,,0.0,0.0,0.0,0.0
8824,2024-08-27,Alex Warren,Eternity — Alex Warren,tiktok,2025-07-18,16300000.0,5103.0,1781.0,1000000000.0,False,,,,0.0,,,,0.0,0.0,0.0,0.0
8825,2024-08-28,Alex Warren,Eternity — Alex Warren,tiktok,2025-07-18,16300000.0,5103.0,1781.0,1000000000.0,False,,,,0.0,,,,0.0,0.0,0.0,0.0
8826,2024-08-29,Alex Warren,Eternity — Alex Warren,tiktok,2025-07-18,16300000.0,5103.0,1781.0,1000000000.0,False,,,,0.0,,,,0.0,0.0,0.0,0.0
8827,2024-08-30,Alex Warren,Eternity — Alex Warren,tiktok,2025-07-18,16300000.0,5103.0,1781.0,1000000000.0,False,,,,0.0,,,,0.0,0.0,0.0,0.0
8828,2024-08-31,Alex Warren,Eternity — Alex Warren,tiktok,2025-07-18,16300000.0,5104.0,1781.0,1000000000.0,False,,,,0.0,,,,0.0,0.0,0.0,0.0
8829,2024-09-01,Alex Warren,Eternity — Alex Warren,tiktok,2025-07-18,16300000.0,5104.0,1781.0,1000000000.0,False,,,,0.0,,,,0.0,0.0,0.0,0.0
8830,2024-09-02,Alex Warren,Eternity — Alex Warren,tiktok,2025-07-18,16300000.0,5105.0,1781.0,1000000000.0,False,,,,0.0,,,,0.0,0.0,0.0,0.0
8831,2024-09-03,Alex Warren,Eternity — Alex Warren,tiktok,2025-07-18,16300000.0,5106.0,1781.0,1000000000.0,False,,,,0.0,,,,0.0,0.0,0.0,0.0
8832,2024-09-04,Alex Warren,Eternity — Alex Warren,tiktok,2025-07-18,16300000.0,5107.0,1781.0,1000000000.0,False,,,,0.0,,,,0.0,0.0,0.0,0.0
8833,2024-09-05,Alex Warren,Eternity — Alex Warren,tiktok,2025-07-18,16300000.0,5108.0,1781.0,1000000000.0,False,,,,0.0,,,,0.0,0.0,0.0,0.0
8834,2024-09-06,Alex Warren,Eternity — Alex Warren,tiktok,2025-07-18,16300000.0,5109.0,1781.0,1000000000.0,False,,,,0.0,,,,0.0,0.0,0.0,0.0
8835,2024-09-07,Alex Warren,Eternity — Alex Warren,tiktok,2025-07-18,16300000.0,5110.0,1781.0,1000000000.0,False,,,,0.0,,,,0.0,0.0,0.0,0.0
8836,2024-09-08,Alex Warren,Eternity — Alex Warren,tiktok,2025-07-18,16300000.0,5110.0,1781.0,1000000000.0,False,,,,0.0,,,,0.0,0.0,0.0,0.0
8837,2024-09-09,Alex Warren,Eternity — Alex Warren,tiktok,2025-07-18,16300000.0,5111.0,1781.0,1000000000.0,False,,,,0.0,,,,0.0,0.0,0.0,0.0
8838,2024-09-10,Alex Warren,Eternity — Alex Warren,tiktok,2025-07-18,16300000.0,5112.0,1781.0,1000000000.0,False,,,,0.0,,,,0.0,0.0,0.0,0.0
8839,2024-09-11,Alex Warren,Eternity — Alex Warren,tiktok,2025-07-18,16300000.0,5112.0,1781.0,1000000000.0,False,,,,0.0,,,,0.0,0.0,0.0,0.0
8840,2024-09-12,Alex Warren,Eternity — Alex Warren,tiktok,2025-07-18,16300000.0,5112.0,1781.0,1000000000.0,False,,,,0.0,,,,0.0,0.0,0.0,0.0
8841,2024-09-13,Alex Warren,Eternity — Alex Warren,tiktok,2025-07-18,16300000.0,5112.0,1781.0,1000000000.0,False,,,,0.0,,,,0.0,0.0,0.0,0.0
8842,2024-09-14,Alex Warren,Eternity — Alex Warren,tiktok,2025-07-18,16300000.0,5113.0,1781.0,1000000000.0,False,,,,0.0,,,,0.0,0.0,0.0,0.0
8843,2024-09-15,Alex Warren,Eternity — Alex Warren,tiktok,2025-07-18,16300000.0,5113.0,1781.0,1000000000.0,False,,,,0.0,,,,0.0,0.0,0.0,0.0
8844,2024-09-16,Alex Warren,Eternity — Alex Warren,tiktok,2025-07-18,16300000.0,5113.0,1781.0,1000000000.0,False,,,,0.0,,,,0.0,0.0,0.0,0.0
8845,2024-09-17,Alex Warren,Eternity — Alex Warren,tiktok,2025-07-18,16300000.0,5113.0,1781.0,1000000000.0,False,,,,0.0,,,,0.0,0.0,0.0,0.0
8846,2024-09-18,Alex Warren,Eternity — Alex Warren,tiktok,2025-07-18,16300000.0,5113.0,1781.0,1000000000.0,False,,,,0.0,,,,0.0,0.0,0.0,0.0
8847,2024-09-19,Alex Warren,Eternity — Alex Warren,tiktok,2025-07-18,16300000.0,5113.0,1781.0,1000000000.0,False,,,,0.0,,,,0.0,0.0,0.0,0.0
8848,2024-09-20,Alex Warren,Eternity — Alex Warren,tiktok,2025-07-18,16300000.0,5113.0,1781.0,1000000000.0,False,,,,0.0,,,,0.0,0.0,0.0,0.0
8849,2024-09-21,Alex Warren,Eternity — Alex Warren,tiktok,2025-07-18,16300000.0,5113.0,1781.0,1000000000.0,False,,,,0.0,,,,0.0,0.0,0.0,0.0
8850,2024-09-22,Alex Warren,Eternity — Alex Warren,tiktok,2025-07-18,16300000.0,5113.0,1781.0,1000000000.0,False,,,,0.0,,,,0.0,0.0,0.0,0.0
8851,2024-09-23,Alex Warren,Eternity — Alex Warren,tiktok,2025-07-18,16300000.0,5113.0,1781.0,1000000000.0,False,,,,0.0,,,,0.0,0.0,0.0,0.0
8852,2024-09-24,Alex Warren,Eternity — Alex Warren,tiktok,2025-07-18,16300000.0,5113.0,1781.0,1000000000.0,False,,,,0.0,,,,0.0,0.0,0.0,0.0
8853,2024-09-25,Alex Warren,Eternity — Alex Warren,tiktok,2025-07-18,16300000.0,5113.0,1781.0,1000000000.0,False,,,,0.0,,,,0.0,0.0,0.0,0.0
8854,2024-09-26,Alex Warren,Eternity — Alex Warren,tiktok,2025-07-18,16300000.0,5113.0,1781.0,1000000000.0,False,,,,0.0,,,,0.0,0.0,0.0,0.0
8855,2024-09-27,Alex Warren,Eternity — Alex Warren,tiktok,2025-07-18,16300000.0,5113.0,1781.0,1000000000.0,False,,,,0.0,,,,0.0,0.0,0.0,0.0
8856,2024-09-28,Alex Warren,Eternity — Alex Warren,tiktok,2025-07-18,16300000.0,5113.0,1781.0,1000000000.0,False,,,,0.0,,,,0.0,0.0,0.0,0.0
8857,2024-09-29,Alex Warren,Eternity — Alex Warren,tiktok,2025-07-18,16300000.0,5113.0,1781.0,1000000000.0,False,,,,0.0,,,,0.0,0.0,0.0,0.0
8858,2024-09-30,Alex Warren,Eternity — Alex Warren,tiktok,2025-07-18,16300000.0,5114.0,1781.0,1000000000.0,False,,,,0.0,,,,0.0,0.0,0.0,0.0
8859,2024-10-01,Alex Warren,Eternity — Alex Warren,tiktok,2025-07-18,16300000.0,5116.0,1781.0,1000000000.0,False,,,,0.0,,,,0.0,0.0,0.0,0.0
8860,2024-10-02,Alex Warren,Eternity — Alex Warren,tiktok,2025-07-18,16300000.0,5117.0,1781.0,1000000000.0,False,,,,0.0,,,,0.0,0.0,0.0,0.0
8861,2024-10-03,Alex Warren,Eternity — Alex Warren,tiktok,2025-07-18,16300000.0,5117.0,1781.0,1000000000.0,False,,,,0.0,,,,0.0,0.0,0.0,0.0
8862,2024-10-04,Alex Warren,Eternity — Alex Warren,tiktok,2025-07-18,16300000.0,5119.0,1781.0,1000000000.0,False,,,,0.0,,,,0.0,0.0,0.0,0.0
8863,2024-10-05,Alex Warren,Eternity — Alex Warren,tiktok,2025-07-18,16300000.0,5119.0,1781.0,1000000000.0,False,,,,0.0,,,,0.0,0.0,0.0,0.0
8864,2024-10-06,Alex Warren,Eternity — Alex Warren,tiktok,2025-07-18,16300000.0,5119.0,1781.0,1000000000.0,False,,,,0.0,,,,0.0,0.0,0.0,0.0
8865,2024-10-07,Alex Warren,Eternity — Alex Warren,tiktok,2025-07-18,16300000.0,5119.0,1781.0,1000000000.0,False,,,,0.0,,,,0.0,0.0,0.0,0.0
8866,2024-10-08,Alex Warren,Eternity — Alex Warren,tiktok,2025-07-18,16300000.0,5119.0,1781.0,1000000000.0,False,,,,0.0,,,,0.0,0.0,0.0,0.0
8867,2024-10-09,Alex Warren,Eternity — Alex Warren,tiktok,2025-07-18,16300000.0,5119.0,1781.0,1000000000.0,False,,,,0.0,,,,0.0,0.0,0.0,0.0
8868,2024-10-10,Alex Warren,Eternity — Alex Warren,tiktok,2025-07-18,16300000.0,5119.0,1781.0,1000000000.0,False,,,,0.0,,,,0.0,0.0,0.0,0.0
8869,2024-10-11,Alex Warren,Eternity — Alex Warren,tiktok,2025-07-18,16300000.0,5121.0,1781.0,1000000000.0,False,,,,0.0,,,,0.0,0.0,0.0,0.0
8870,2024-10-12,Alex Warren,Eternity — Alex Warren,tiktok,2025-07-18,16300000.0,5121.0,1781.0,1000000000.0,False,,,,0.0,,,,0.0,0.0,0.0,0.0
8871,2024-10-13,Alex Warren,Eternity — Alex Warren,tiktok,2025-07-18,16300000.0,5121.0,1781.0,1000000000.0,False,,,,0.0,,,,0.0,0.0,0.0,0.0
8872,2024-10-14,Alex Warren,Eternity — Alex Warren,tiktok,2025-07-18,16300000.0,5121.0,1781.0,1000000000.0,False,,,,0.0,,,,0.0,0.0,0.0,0.0
8873,2024-10-15,Alex Warren,Eternity — Alex Warren,tiktok,2025-07-18,16300000.0,5123.0,1781.0,1000000000.0,False,,,,0.0,,,,0.0,0.0,0.0,0.0
8874,2024-10-16,Alex Warren,Eternity — Alex Warren,tiktok,2025-07-18,16300000.0,5123.0,1781.0,1000000000.0,False,,,,0.0,,,,0.0,0.0,0.0,0.0
8875,2024-10-17,Alex Warren,Eternity — Alex Warren,tiktok,2025-07-18,16300000.0,5124.0,1781.0,1000000000.0,False,,,0.0,0.0,,,0.0,0.0,0.0,0.0,0.0
8876,2024-10-18,Alex Warren,Eternity — Alex Warren,tiktok,2025-07-18,16300000.0,5125.0,1781.0,1000000000.0,False,,,0.0,0.0,,,0.0,0.0,0.0,0.0,0.0
8877,2024-10-19,Alex Warren,Eternity — Alex Warren,tiktok,2025-07-18,16300000.0,5125.0,1781.0,1000000000.0,False,,,0.0,0.0,,,0.0,0.0,0.0,0.0,0.0
8878,2024-10-20,Alex Warren,Eternity — Alex Warren,tiktok,2025-07-18,16300000.0,5126.0,1781.0,1000000000.0,False,,,0.0,0.0,,,0.0,0.0,0.0,0.0,0.0
8879,2024-10-21,Alex Warren,Eternity — Alex Warren,tiktok,2025-07-18,16300000.0,5126.0,1781.0,1000000000.0,False,,,0.0,0.0,,,0.0,0.0,0.0,0.0,0.0
8880,2024-10-22,Alex Warren,Eternity — Alex Warren,tiktok,2025-07-18,16300000.0,5126.0,1781.0,1000000000.0,False,,,0.0,0.0,,,0.0,0.0,0.0,0.0,0.0
8881,2024-10-23,Alex Warren,Eternity — Alex Warren,tiktok,2025-07-18,16300000.0,5129.0,1781.0,1000000000.0,False,,,0.0,0.0,,,0.0,0.0,0.0,0.0,0.0
8882,2024-10-24,Alex Warren,Eternity — Alex Warren,tiktok,2025-07-18,16300000.0,5130.0,1781.0,1000000000.0,False,,,0.0,0.0,,,0.0,0.0,0.0,0.0,0.0
8883,2024-10-25,Alex Warren,Eternity — Alex Warren,tiktok,2025-07-18,16300000.0,5132.0,1781.0,1000000000.0,False,,,0.0,0.0,,,0.0,0.0,0.0,0.0,0.0
8884,2024-10-26,Alex Warren,Eternity — Alex Warren,tiktok,2025-07-18,16300000.0,5132.0,1781.0,1000000000.0,False,,,0.0,0.0,,,0.0,0.0,0.0,0.0,0.0
8885,2024-10-27,Alex Warren,Eternity — Alex Warren,tiktok,2025-07-18,16300000.0,5132.0,1781.0,1000000000.0,False,,,0.0,0.0,,,0.0,0.0,0.0,0.0,0.0
8886,2024-10-28,Alex Warren,Eternity — Alex Warren,tiktok,2025-07-18,16300000.0,5132.0,1781.0,1000000000.0,False,,,0.0,0.0,,,0.0,0.0,0.0,0.0,0.0
8887,2024-10-29,Alex Warren,Eternity — Alex Warren,tiktok,2025-07-18,16300000.0,5133.0,1781.0,1000000000.0,False,,,0.0,0.0,,,0.0,0.0,0.0,0.0,0.0
8888,2024-10-30,Alex Warren,Eternity — Alex Warren,tiktok,2025-07-18,16300000.0,5136.0,1781.0,1000000000.0,False,,,0.0,0.0,,,0.0,0.0,0.0,0.0,0.0
8889,2024-10-31,Alex Warren,Eternity — Alex Warren,tiktok,2025-07-18,16300000.0,5136.0,1781.0,1000000000.0,False,,,0.0,0.0,,,0.0,0.0,0.0,0.0,0.0
8890,2024-11-01,Alex Warren,Eternity — Alex Warren,tiktok,2025-07-18,16300000.0,5137.0,1781.0,1000000000.0,False,,,0.0,0.0,,,0.0,0.0,0.0,0.0,0.0
8891,2024-11-02,Alex Warren,Eternity — Alex Warren,tiktok,2025-07-18,16300000.0,5138.0,1781.0,1000000000.0,False,,,0.0,0.0,,,0.0,0.0,0.0,0.0,0.0
8892,2024-11-03,Alex Warren,Eternity — Alex Warren,tiktok,2025-07-18,16300000.0,5139.0,1781.0,1000000000.0,False,,,0.0,0.0,,,0.0,0.0,0.0,0.0,0.0
8893,2024-11-04,Alex Warren,Eternity — Alex Warren,tiktok,2025-07-18,16300000.0,5143.0,1781.0,1000000000.0,False,,,0.0,0.0,,,0.0,0.0,0.0,0.0,0.0
8894,2024-11-05,Alex Warren,Eternity — Alex Warren,tiktok,2025-07-18,16300000.0,5143.0,1781.0,1000000000.0,False,,,0.0,0.0,,,0.0,0.0,0.0,0.0,0.0
8895,2024-11-06,Alex Warren,Eternity — Alex Warren,tiktok,2025-07-18,16300000.0,5143.0,1781.0,1000000000.0,False,,,0.0,0.0,,,0.0,0.0,0.0,0.0,0.0
8896,2024-11-07,Alex Warren,Eternity — Alex Warren,tiktok,2025-07-18,16300000.0,5143.0,1781.0,1000000000.0,False,,,0.0,0.0,,,0.0,0.0,0.0,0.0,0.0
8897,2024-11-08,Alex Warren,Eternity — Alex Warren,tiktok,2025-07-18,16300000.0,5147.0,1781.0,1000000000.0,False,,,0.0,0.0,,,0.0,0.0,0.0,0.0,0.0
8898,2024-11-09,Alex Warren,Eternity — Alex Warren,tiktok,2025-07-18,16300000.0,,,1000000000.0,True,,,0.0,0.0,,,0.0,0.0,0.0,0.0,
8899,2024-11-10,Alex Warren,Eternity — Alex Warren,tiktok,2025-07-18,16300000.0,,,1000000000.0,True,,,0.0,0.0,,,0.0,0.0,0.0,0.0,
8900,2024-11-11,Alex Warren,Eternity — Alex Warren,tiktok,2025-07-18,16300000.0,,,1000000000.0,True,,,0.0,0.0,,,0.0,0.0,0.0,0.0,
8901,2024-11-12,Alex Warren,Eternity — Alex Warren,tiktok,2025-07-18,16300000.0,,,1000000000.0,True,,,0.0,0.0,,,0.0,0.0,0.0,0.0,
8902,2024-11-13,Alex Warren,Eternity — Alex Warren,tiktok,2025-07-18,16300000.0,,,1000000000.0,True,,,0.0,0.0,,,0.0,0.0,0.0,0.0,
8903,2024-11-14,Alex Warren,Eternity — Alex Warren,tiktok,2025-07-18,16300000.0,,,1000000000.0,True,,,0.0,0.0,,,0.0,0.0,0.0,0.0,
8904,2024-11-15,Alex Warren,Eternity — Alex Warren,tiktok,2025-07-18,16300000.0,,,1000000000.0,True,,,0.0,0.0,,,0.0,0.0,0.0,0.0,
8905,2024-11-16,Alex Warren,Eternity — Alex Warren,tiktok,2025-07-18,16300000.0,,,1000000000.0,True,,,0.0,0.0,,,0.0,0.0,0.0,0.0,
8906,2024-11-17,Alex Warren,Eternity — Alex Warren,tiktok,2025-07-18,16300000.0,,,1000000000.0,True,,,0.0,0.0,,,0.0,0.0,0.0,0.0,
8907,2024-11-18,Alex Warren,Eternity — Alex Warren,tiktok,2025-07-18,16300000.0,5153.0,1781.0,1000000000.0,False,,,0.0,0.0,,,0.0,0.0,0.0,0.0,
8908,2024-11-19,Alex Warren,Eternity — Alex Warren,tiktok,2025-07-18,16300000.0,,,1000000000.0,True,,,0.0,0.0,,,0.0,0.0,0.0,0.0,
8909,2024-11-20,Alex Warren,Eternity — Alex Warren,tiktok,2025-07-18,16300000.0,5152.0,1781.0,1000000000.0,False,,,0.0,0.0,,,0.0,0.0,0.0,0.0,
8910,2024-11-21,Alex Warren,Eternity — Alex Warren,tiktok,2025-07-18,16300000.0,5153.0,1781.0,1000000000.0,False,,,0.0,0.0,,,0.0,0.0,0.0,0.0,0.0
8911,2024-11-22,Alex Warren,Eternity — Alex Warren,tiktok,2025-07-18,16300000.0,,,1000000000.0,True,,,0.0,0.0,,,0.0,0.0,0.0,0.0,
8912,2024-11-23,Alex Warren,Eternity — Alex Warren,tiktok,2025-07-18,16300000.0,5153.0,1781.0,1000000000.0,False,,,0.0,0.0,,,0.0,0.0,0.0,0.0,
8913,2024-11-24,Alex Warren,Eternity — Alex Warren,tiktok,2025-07-18,16300000.0,5153.0,1781.0,1000000000.0,False,,,0.0,0.0,,,0.0,0.0,0.0,0.0,0.0
8914,2024-11-25,Alex Warren,Eternity — Alex Warren,tiktok,2025-07-18,16300000.0,5153.0,1781.0,1000000000.0,False,,,0.0,0.0,,,0.0,0.0,0.0,0.0,0.0
8915,2024-11-26,Alex Warren,Eternity — Alex Warren,tiktok,2025-07-18,16300000.0,5153.0,1801.0,1000000000.0,False,,,0.0,0.0,,,0.0,0.0,0.0,0.0,20.0
8916,2024-11-27,Alex Warren,Eternity — Alex Warren,tiktok,2025-07-18,16300000.0,5153.0,1801.0,1000000000.0,False,,,0.0,0.0,,,0.0,0.0,0.0,0.0,0.0
8917,2024-11-28,Alex Warren,Eternity — Alex Warren,tiktok,2025-07-18,16400000.0,5154.0,1801.0,1000000000.0,False,,,100000.0,100000.0,,,0.0,0.0,100000.0,0.0,0.0
8918,2024-11-29,Alex Warren,Eternity — Alex Warren,tiktok,2025-07-18,16400000.0,5154.0,1802.0,1000000000.0,False,,,100000.0,100000.0,,,0.0,0.0,0.0,0.0,1.0
8919,2024-11-30,Alex Warren,Eternity — Alex Warren,tiktok,2025-07-18,16400000.0,5154.0,1802.0,1000000000.0,False,,,100000.0,100000.0,,,0.0,0.0,0.0,0.0,0.0
8920,2024-12-01,Alex Warren,Eternity — Alex Warren,tiktok,2025-07-18,16400000.0,5154.0,1802.0,1000000000.0,False,,,100000.0,100000.0,,,0.0,0.0,0.0,0.0,0.0
8921,2024-12-02,Alex Warren,Eternity — Alex Warren,tiktok,2025-07-18,16400000.0,5155.0,1802.0,1000000000.0,False,,,100000.0,100000.0,,,0.0,0.0,0.0,0.0,0.0
8922,2024-12-03,Alex Warren,Eternity — Alex Warren,tiktok,2025-07-18,16400000.0,5155.0,1803.0,1000000000.0,False,,,100000.0,100000.0,,,0.0,0.0,0.0,0.0,1.0
8923,2024-12-04,Alex Warren,Eternity — Alex Warren,tiktok,2025-07-18,16400000.0,5157.0,1803.0,1000000000.0,False,,,100000.0,100000.0,,,0.0,0.0,0.0,0.0,0.0
8924,2024-12-05,Alex Warren,Eternity — Alex Warren,tiktok,2025-07-18,16400000.0,5158.0,1803.0,1000000000.0,False,,,100000.0,100000.0,,,0.0,0.0,0.0,0.0,0.0
8925,2024-12-06,Alex Warren,Eternity — Alex Warren,tiktok,2025-07-18,16400000.0,5161.0,1804.0,1000000000.0,False,,,100000.0,100000.0,,,0.0,0.0,0.0,0.0,1.0
8926,2024-12-07,Alex Warren,Eternity — Alex Warren,tiktok,2025-07-18,16400000.0,0.0,1804.0,1000000000.0,False,,,100000.0,100000.0,,,0.0,0.0,0.0,0.0,0.0
8927,2024-12-08,Alex Warren,Eternity — Alex Warren,tiktok,2025-07-18,16400000.0,5162.0,1805.0,1000000000.0,False,,,100000.0,100000.0,,,0.0,0.0,0.0,0.0,1.0
8928,2024-12-09,Alex Warren,Eternity — Alex Warren,tiktok,2025-07-18,16400000.0,5162.0,1805.0,1000000000.0,False,,,100000.0,100000.0,,,0.0,0.0,0.0,0.0,0.0
8929,2024-12-10,Alex Warren,Eternity — Alex Warren,tiktok,2025-07-18,16400000.0,5162.0,1805.0,1000000000.0,False,,,100000.0,100000.0,,,0.0,0.0,0.0,0.0,0.0
8930,2024-12-11,Alex Warren,Eternity — Alex Warren,tiktok,2025-07-18,16400000.0,5162.0,1805.0,1000000000.0,False,,,100000.0,100000.0,,,0.0,0.0,0.0,0.0,0.0
8931,2024-12-12,Alex Warren,Eternity — Alex Warren,tiktok,2025-07-18,16400000.0,5162.0,1805.0,1000000000.0,False,,,100000.0,100000.0,,,0.0,0.0,0.0,0.0,0.0
8932,2024-12-13,Alex Warren,Eternity — Alex Warren,tiktok,2025-07-18,16400000.0,5163.0,1805.0,1000000000.0,False,,,100000.0,100000.0,,,0.0,0.0,0.0,0.0,0.0
8933,2024-12-14,Alex Warren,Eternity — Alex Warren,tiktok,2025-07-18,16400000.0,5163.0,1805.0,1000000000.0,False,,,100000.0,100000.0,,,0.0,0.0,0.0,0.0,0.0
8934,2024-12-15,Alex Warren,Eternity — Alex Warren,tiktok,2025-07-18,16400000.0,5164.0,1805.0,1000000000.0,False,,,100000.0,100000.0,,,0.0,0.0,0.0,0.0,0.0
8935,2024-12-16,Alex Warren,Eternity — Alex Warren,tiktok,2025-07-18,16400000.0,5163.0,1805.0,1000000000.0,False,,,100000.0,100000.0,,,0.0,0.0,0.0,0.0,0.0
8936,2024-12-17,Alex Warren,Eternity — Alex Warren,tiktok,2025-07-18,16400000.0,5163.0,1805.0,1000000000.0,False,,,100000.0,100000.0,,,0.0,0.0,0.0,0.0,0.0
8937,2024-12-18,Alex Warren,Eternity — Alex Warren,tiktok,2025-07-18,16400000.0,5163.0,1805.0,1000000000.0,False,,,100000.0,100000.0,,,0.0,0.0,0.0,0.0,0.0
8938,2024-12-19,Alex Warren,Eternity — Alex Warren,tiktok,2025-07-18,16400000.0,5163.0,1806.0,1000000000.0,False,,,100000.0,100000.0,,,0.0,0.0,0.0,0.0,1.0
8939,2024-12-20,Alex Warren,Eternity — Alex Warren,tiktok,2025-07-18,16400000.0,5163.0,1806.0,1000000000.0,False,,,100000.0,100000.0,,,0.0,0.0,0.0,0.0,0.0
8940,2024-12-21,Alex Warren,Eternity — Alex Warren,tiktok,2025-07-18,16400000.0,5163.0,1806.0,1000000000.0,False,,,100000.0,100000.0,,,0.0,0.0,0.0,0.0,0.0
8941,2024-12-22,Alex Warren,Eternity — Alex Warren,tiktok,2025-07-18,16400000.0,5163.0,1806.0,1000000000.0,False,,,100000.0,100000.0,,,0.0,0.0,0.0,0.0,0.0
8942,2024-12-23,Alex Warren,Eternity — Alex Warren,tiktok,2025-07-18,16400000.0,5164.0,1806.0,1000000000.0,False,,,100000.0,100000.0,,,0.0,0.0,0.0,0.0,0.0
8943,2024-12-24,Alex Warren,Eternity — Alex Warren,tiktok,2025-07-18,16400000.0,5164.0,1806.0,1000000000.0,False,,,100000.0,100000.0,,,0.0,0.0,0.0,0.0,0.0
8944,2024-12-25,Alex Warren,Eternity — Alex Warren,tiktok,2025-07-18,16400000.0,5164.0,1806.0,1000000000.0,False,,,100000.0,100000.0,,,0.0,0.0,0.0,0.0,0.0
8945,2024-12-26,Alex Warren,Eternity — Alex Warren,tiktok,2025-07-18,16400000.0,5164.0,1806.0,1000000000.0,False,,,100000.0,100000.0,,,0.0,0.0,0.0,0.0,0.0
8946,2024-12-27,Alex Warren,Eternity — Alex Warren,tiktok,2025-07-18,16400000.0,5164.0,1806.0,1000000000.0,False,,,100000.0,100000.0,,,0.0,0.0,0.0,0.0,0.0
8947,2024-12-28,Alex Warren,Eternity — Alex Warren,tiktok,2025-07-18,16400000.0,5164.0,1806.0,1000000000.0,False,,,100000.0,0.0,,,0.0,0.0,0.0,0.0,0.0
8948,2024-12-29,Alex Warren,Eternity — Alex Warren,tiktok,2025-07-18,16400000.0,5165.0,1806.0,1000000000.0,False,,,100000.0,0.0,,,0.0,0.0,0.0,0.0,0.0
8949,2024-12-30,Alex Warren,Eternity — Alex Warren,tiktok,2025-07-18,16400000.0,5165.0,1806.0,1000000000.0,False,,,100000.0,0.0,,,0.0,0.0,0.0,0.0,0.0
8950,2024-12-31,Alex Warren,Eternity — Alex Warren,tiktok,2025-07-18,16400000.0,5165.0,1806.0,1000000000.0,False,,,100000.0,0.0,,,0.0,0.0,0.0,0.0,0.0
8951,2025-01-01,Alex Warren,Eternity — Alex Warren,tiktok,2025-07-18,16400000.0,5166.0,1806.0,1000000000.0,False,,,100000.0,0.0,,,0.0,0.0,0.0,0.0,0.0
8952,2025-01-02,Alex Warren,Eternity — Alex Warren,tiktok,2025-07-18,16400000.0,5167.0,1806.0,1000000000.0,False,,,100000.0,0.0,,,0.0,0.0,0.0,0.0,0.0
8953,2025-01-03,Alex Warren,Eternity — Alex Warren,tiktok,2025-07-18,16400000.0,5168.0,1805.0,1000000000.0,False,,,100000.0,0.0,,,0.0,0.0,0.0,0.0,-1.0
8954,2025-01-04,Alex Warren,Eternity — Alex Warren,tiktok,2025-07-18,16400000.0,5168.0,1805.0,1000000000.0,False,,,100000.0,0.0,,,0.0,0.0,0.0,0.0,0.0
8955,2025-01-05,Alex Warren,Eternity — Alex Warren,tiktok,2025-07-18,16400000.0,5168.0,1805.0,1000000000.0,False,,,100000.0,0.0,,,0.0,0.0,0.0,0.0,0.0
8956,2025-01-06,Alex Warren,Eternity — Alex Warren,tiktok,2025-07-18,16400000.0,5168.0,1805.0,1000000000.0,False,,,100000.0,0.0,,,0.0,0.0,0.0,0.0,0.0
8957,2025-01-07,Alex Warren,Eternity — Alex Warren,tiktok,2025-07-18,16400000.0,5168.0,1807.0,1000000000.0,False,,,100000.0,0.0,,,0.0,0.0,0.0,0.0,2.0
8958,2025-01-08,Alex Warren,Eternity — Alex Warren,tiktok,2025-07-18,16400000.0,5170.0,1808.0,1000000000.0,False,,,100000.0,0.0,,,0.0,0.0,0.0,0.0,1.0
8959,2025-01-09,Alex Warren,Eternity — Alex Warren,tiktok,2025-07-18,16400000.0,5170.0,1809.0,1000000000.0,False,,,100000.0,0.0,,,0.0,0.0,0.0,0.0,1.0
8960,2025-01-10,Alex Warren,Eternity — Alex Warren,tiktok,2025-07-18,16400000.0,5171.0,1810.0,1000000000.0,False,,,100000.0,0.0,,,0.0,0.0,0.0,0.0,1.0
8961,2025-01-11,Alex Warren,Eternity — Alex Warren,tiktok,2025-07-18,16400000.0,5171.0,1811.0,1000000000.0,False,,,100000.0,0.0,,,0.0,0.0,0.0,0.0,1.0
8962,2025-01-12,Alex Warren,Eternity — Alex Warren,tiktok,2025-07-18,16400000.0,5173.0,1811.0,1000000000.0,False,,,100000.0,0.0,,,0.0,0.0,0.0,0.0,0.0
8963,2025-01-13,Alex Warren,Eternity — Alex Warren,tiktok,2025-07-18,16400000.0,5173.0,1811.0,1000000000.0,False,,,100000.0,0.0,,,0.0,0.0,0.0,0.0,0.0
8964,2025-01-14,Alex Warren,Eternity — Alex Warren,tiktok,2025-07-18,16400000.0,5173.0,1812.0,1000000000.0,False,,,100000.0,0.0,,,0.0,0.0,0.0,0.0,1.0
8965,2025-01-15,Alex Warren,Eternity — Alex Warren,tiktok,2025-07-18,16400000.0,5175.0,1813.0,1000000000.0,False,,,100000.0,0.0,,,0.0,0.0,0.0,0.0,1.0
8966,2025-01-16,Alex Warren,Eternity — Alex Warren,tiktok,2025-07-18,16400000.0,5175.0,1813.0,1000000000.0,False,,100000.0,100000.0,0.0,,0.0,0.0,0.0,0.0,0.0,0.0
8967,2025-01-17,Alex Warren,Eternity — Alex Warren,tiktok,2025-07-18,16400000.0,5177.0,1813.0,1000000000.0,False,,100000.0,100000.0,0.0,,0.0,0.0,0.0,0.0,0.0,0.0
8968,2025-01-18,Alex Warren,Eternity — Alex Warren,tiktok,2025-07-18,16400000.0,5176.0,1814.0,1000000000.0,False,,100000.0,100000.0,0.0,,0.0,0.0,0.0,0.0,0.0,1.0
8969,2025-01-19,Alex Warren,Eternity — Alex Warren,tiktok,2025-07-18,16400000.0,5176.0,1815.0,1000000000.0,False,,100000.0,100000.0,0.0,,0.0,0.0,0.0,0.0,0.0,1.0
8970,2025-01-20,Alex Warren,Eternity — Alex Warren,tiktok,2025-07-18,16400000.0,5178.0,1815.0,1000000000.0,False,,100000.0,100000.0,0.0,,0.0,0.0,0.0,0.0,0.0,0.0
8971,2025-01-21,Alex Warren,Eternity — Alex Warren,tiktok,2025-07-18,16400000.0,5178.0,1815.0,1000000000.0,False,,100000.0,100000.0,0.0,,0.0,0.0,0.0,0.0,0.0,0.0
8972,2025-01-22,Alex Warren,Eternity — Alex Warren,tiktok,2025-07-18,16400000.0,5180.0,1815.0,1000000000.0,False,,100000.0,100000.0,0.0,,0.0,0.0,0.0,0.0,0.0,0.0
8973,2025-01-23,Alex Warren,Eternity — Alex Warren,tiktok,2025-07-18,16400000.0,5181.0,1816.0,1000000000.0,False,,100000.0,100000.0,0.0,,0.0,0.0,0.0,0.0,0.0,1.0
8974,2025-01-24,Alex Warren,Eternity — Alex Warren,tiktok,2025-07-18,16500000.0,5185.0,1816.0,1000000000.0,False,,200000.0,200000.0,100000.0,,0.0,0.0,0.0,100000.0,0.0,0.0
8975,2025-01-25,Alex Warren,Eternity — Alex Warren,tiktok,2025-07-18,16500000.0,5186.0,1817.0,1000000000.0,False,,200000.0,200000.0,100000.0,,0.0,0.0,0.0,0.0,0.0,1.0
8976,2025-01-26,Alex Warren,Eternity — Alex Warren,tiktok,2025-07-18,16500000.0,5186.0,1817.0,1000000000.0,False,,200000.0,200000.0,100000.0,,0.0,0.0,0.0,0.0,0.0,0.0
8977,2025-01-27,Alex Warren,Eternity — Alex Warren,tiktok,2025-07-18,16500000.0,5186.0,1817.0,1000000000.0,False,,200000.0,200000.0,100000.0,,0.0,0.0,0.0,0.0,0.0,0.0
8978,2025-01-28,Alex Warren,Eternity — Alex Warren,tiktok,2025-07-18,16500000.0,5187.0,1817.0,1000000000.0,False,,200000.0,200000.0,100000.0,,0.0,0.0,0.0,0.0,0.0,0.0
8979,2025-01-29,Alex Warren,Eternity — Alex Warren,tiktok,2025-07-18,16500000.0,5188.0,1817.0,1000000000.0,False,,200000.0,200000.0,100000.0,,0.0,0.0,0.0,0.0,0.0,0.0
8980,2025-01-30,Alex Warren,Eternity — Alex Warren,tiktok,2025-07-18,16500000.0,5188.0,1818.0,1000000000.0,False,,200000.0,200000.0,100000.0,,0.0,0.0,0.0,0.0,0.0,1.0
8981,2025-01-31,Alex Warren,Eternity — Alex Warren,tiktok,2025-07-18,16500000.0,5191.0,1819.0,1000000000.0,False,,200000.0,200000.0,100000.0,,0.0,0.0,0.0,0.0,0.0,1.0
8982,2025-02-01,Alex Warren,Eternity — Alex Warren,tiktok,2025-07-18,16500000.0,5191.0,1820.0,1000000000.0,False,,200000.0,200000.0,100000.0,,0.0,0.0,0.0,0.0,0.0,1.0
8983,2025-02-02,Alex Warren,Eternity — Alex Warren,tiktok,2025-07-18,16500000.0,5192.0,1821.0,1000000000.0,False,,200000.0,200000.0,100000.0,,0.0,0.0,0.0,0.0,0.0,1.0
8984,2025-02-03,Alex Warren,Eternity — Alex Warren,tiktok,2025-07-18,16500000.0,5195.0,1821.0,1000000000.0,False,,200000.0,200000.0,100000.0,,0.0,0.0,0.0,0.0,0.0,0.0
8985,2025-02-04,Alex Warren,Eternity — Alex Warren,tiktok,2025-07-18,16500000.0,5195.0,1821.0,1000000000.0,False,,200000.0,200000.0,100000.0,,0.0,0.0,0.0,0.0,0.0,0.0
8986,2025-02-05,Alex Warren,Eternity — Alex Warren,tiktok,2025-07-18,16500000.0,5195.0,1821.0,1000000000.0,False,,200000.0,200000.0,100000.0,,0.0,0.0,0.0,0.0,0.0,0.0
8987,2025-02-06,Alex Warren,Eternity — Alex Warren,tiktok,2025-07-18,16500000.0,5195.0,1822.0,1000000000.0,False,,200000.0,200000.0,100000.0,,0.0,0.0,0.0,0.0,0.0,1.0
8988,2025-02-07,Alex Warren,Eternity — Alex Warren,tiktok,2025-07-18,16500000.0,5195.0,1824.0,1000000000.0,False,,200000.0,200000.0,100000.0,,0.0,0.0,0.0,0.0,0.0,2.0
8989,2025-02-08,Alex Warren,Eternity — Alex Warren,tiktok,2025-07-18,16500000.0,5195.0,1825.0,1000000000.0,False,,200000.0,200000.0,100000.0,,0.0,0.0,0.0,0.0,0.0,1.0
8990,2025-02-09,Alex Warren,Eternity — Alex Warren,tiktok,2025-07-18,16500000.0,5195.0,1825.0,1000000000.0,False,,200000.0,200000.0,100000.0,,0.0,0.0,0.0,0.0,0.0,0.0
8991,2025-02-10,Alex Warren,Eternity — Alex Warren,tiktok,2025-07-18,16500000.0,5195.0,1826.0,1000000000.0,False,,200000.0,200000.0,100000.0,,0.0,0.0,0.0,0.0,0.0,1.0
8992,2025-02-11,Alex Warren,Eternity — Alex Warren,tiktok,2025-07-18,16500000.0,5197.0,1827.0,1000000000.0,False,,200000.0,200000.0,100000.0,,0.0,0.0,0.0,0.0,0.0,1.0
8993,2025-02-12,Alex Warren,Eternity — Alex Warren,tiktok,2025-07-18,16500000.0,5198.0,1827.0,1000000000.0,False,,200000.0,200000.0,100000.0,,0.0,0.0,0.0,0.0,0.0,0.0
8994,2025-02-13,Alex Warren,Eternity — Alex Warren,tiktok,2025-07-18,16600000.0,5198.0,1827.0,1000000000.0,False,,300000.0,300000.0,200000.0,,0.0,0.0,0.0,100000.0,0.0,0.0
8995,2025-02-14,Alex Warren,Eternity — Alex Warren,tiktok,2025-07-18,16600000.0,5199.0,1829.0,1000000000.0,False,,300000.0,300000.0,200000.0,,0.0,0.0,0.0,0.0,0.0,2.0
8996,2025-02-15,Alex Warren,Eternity — Alex Warren,tiktok,2025-07-18,16600000.0,5201.0,1828.0,1000000000.0,False,,300000.0,300000.0,200000.0,,0.0,0.0,0.0,0.0,0.0,-1.0
8997,2025-02-16,Alex Warren,Eternity — Alex Warren,tiktok,2025-07-18,16600000.0,5201.0,1829.0,1000000000.0,False,,300000.0,300000.0,200000.0,,0.0,0.0,0.0,0.0,0.0,1.0
8998,2025-02-17,Alex Warren,Eternity — Alex Warren,tiktok,2025-07-18,16600000.0,5202.0,1829.0,1000000000.0,False,,300000.0,300000.0,200000.0,,0.0,0.0,0.0,0.0,0.0,0.0
8999,2025-02-18,Alex Warren,Eternity — Alex Warren,tiktok,2025-07-18,16600000.0,5202.0,1830.0,1000000000.0,False,,300000.0,300000.0,200000.0,,0.0,0.0,0.0,0.0,0.0,1.0
9000,2025-02-19,Alex Warren,Eternity — Alex Warren,tiktok,2025-07-18,16600000.0,5203.0,1830.0,1000000000.0,False,,300000.0,300000.0,200000.0,,0.0,0.0,0.0,0.0,0.0,0.0
9001,2025-02-20,Alex Warren,Eternity — Alex Warren,tiktok,2025-07-18,16600000.0,5203.0,1830.0,1000000000.0,False,,300000.0,300000.0,200000.0,,0.0,0.0,0.0,0.0,0.0,0.0
9002,2025-02-21,Alex Warren,Eternity — Alex Warren,tiktok,2025-07-18,16600000.0,5203.0,1830.0,1000000000.0,False,,300000.0,300000.0,200000.0,,0.0,0.0,0.0,0.0,0.0,0.0
9003,2025-02-22,Alex Warren,Eternity — Alex Warren,tiktok,2025-07-18,16600000.0,5204.0,1831.0,1000000000.0,False,,300000.0,300000.0,200000.0,,0.0,0.0,0.0,0.0,0.0,1.0
9004,2025-02-23,Alex Warren,Eternity — Alex Warren,tiktok,2025-07-18,16600000.0,5204.0,1831.0,1000000000.0,False,,300000.0,300000.0,100000.0,,0.0,0.0,0.0,0.0,0.0,0.0
9005,2025-02-24,Alex Warren,Eternity — Alex Warren,tiktok,2025-07-18,16600000.0,5206.0,1831.0,1000000000.0,False,,300000.0,300000.0,100000.0,,0.0,0.0,0.0,0.0,0.0,0.0
9006,2025-02-25,Alex Warren,Eternity — Alex Warren,tiktok,2025-07-18,16600000.0,5206.0,1831.0,1000000000.0,False,,300000.0,300000.0,100000.0,,0.0,0.0,0.0,0.0,0.0,0.0
9007,2025-02-26,Alex Warren,Eternity — Alex Warren,tiktok,2025-07-18,16600000.0,5206.0,1831.0,1000000000.0,False,,300000.0,300000.0,100000.0,,0.0,0.0,0.0,0.0,0.0,0.0
9008,2025-02-27,Alex Warren,Eternity — Alex Warren,tiktok,2025-07-18,16600000.0,5206.0,1831.0,1000000000.0,False,,300000.0,200000.0,100000.0,,0.0,0.0,0.0,0.0,0.0,0.0
9009,2025-02-28,Alex Warren,Eternity — Alex Warren,tiktok,2025-07-18,16600000.0,5206.0,1831.0,1000000000.0,False,,300000.0,200000.0,100000.0,,0.0,0.0,0.0,0.0,0.0,0.0
9010,2025-03-01,Alex Warren,Eternity — Alex Warren,tiktok,2025-07-18,16600000.0,5205.0,1831.0,1000000000.0,False,,300000.0,200000.0,100000.0,,0.0,0.0,0.0,0.0,0.0,0.0
9011,2025-03-02,Alex Warren,Eternity — Alex Warren,tiktok,2025-07-18,16600000.0,5205.0,1832.0,1000000000.0,False,,300000.0,200000.0,100000.0,,0.0,0.0,0.0,0.0,0.0,1.0
9012,2025-03-03,Alex Warren,Eternity — Alex Warren,tiktok,2025-07-18,16600000.0,5204.0,1832.0,1000000000.0,False,,300000.0,200000.0,100000.0,,0.0,0.0,0.0,0.0,0.0,0.0
9013,2025-03-04,Alex Warren,Eternity — Alex Warren,tiktok,2025-07-18,16600000.0,5204.0,1832.0,1000000000.0,False,,300000.0,200000.0,100000.0,,0.0,0.0,0.0,0.0,0.0,0.0
9014,2025-03-05,Alex Warren,Eternity — Alex Warren,tiktok,2025-07-18,16600000.0,5204.0,1832.0,1000000000.0,False,,300000.0,200000.0,100000.0,,0.0,0.0,0.0,0.0,0.0,0.0
9015,2025-03-06,Alex Warren,Eternity — Alex Warren,tiktok,2025-07-18,16700000.0,5204.0,1833.0,1000000000.0,False,,400000.0,300000.0,200000.0,,0.0,0.0,0.0,100000.0,0.0,1.0
9016,2025-03-07,Alex Warren,Eternity — Alex Warren,tiktok,2025-07-18,16700000.0,5205.0,1832.0,1000000000.0,False,,400000.0,300000.0,200000.0,,0.0,0.0,0.0,0.0,0.0,-1.0
9017,2025-03-08,Alex Warren,Eternity — Alex Warren,tiktok,2025-07-18,16700000.0,5207.0,1832.0,1000000000.0,False,,400000.0,300000.0,200000.0,,0.0,0.0,0.0,0.0,0.0,0.0
9018,2025-03-09,Alex Warren,Eternity — Alex Warren,tiktok,2025-07-18,16700000.0,5208.0,1832.0,1000000000.0,False,,400000.0,300000.0,200000.0,,0.0,0.0,0.0,0.0,0.0,0.0
9019,2025-03-10,Alex Warren,Eternity — Alex Warren,tiktok,2025-07-18,16700000.0,5209.0,1832.0,1000000000.0,False,,400000.0,300000.0,200000.0,,0.0,0.0,0.0,0.0,0.0,0.0
9020,2025-03-11,Alex Warren,Eternity — Alex Warren,tiktok,2025-07-18,16700000.0,5209.0,1833.0,1000000000.0,False,,400000.0,300000.0,200000.0,,0.0,0.0,0.0,0.0,0.0,1.0
9021,2025-03-12,Alex Warren,Eternity — Alex Warren,tiktok,2025-07-18,16700000.0,5209.0,1833.0,1000000000.0,False,,400000.0,300000.0,200000.0,,0.0,0.0,0.0,0.0,0.0,0.0
9022,2025-03-13,Alex Warren,Eternity — Alex Warren,tiktok,2025-07-18,16700000.0,5209.0,1833.0,1000000000.0,False,,400000.0,300000.0,200000.0,,0.0,0.0,0.0,0.0,0.0,0.0
9023,2025-03-14,Alex Warren,Eternity — Alex Warren,tiktok,2025-07-18,16800000.0,5209.0,1833.0,1000000000.0,False,,500000.0,400000.0,300000.0,,0.0,0.0,0.0,100000.0,0.0,0.0
9024,2025-03-15,Alex Warren,Eternity — Alex Warren,tiktok,2025-07-18,16800000.0,5209.0,1833.0,1000000000.0,False,,500000.0,400000.0,200000.0,,0.0,0.0,0.0,0.0,0.0,0.0
9025,2025-03-16,Alex Warren,Eternity — Alex Warren,tiktok,2025-07-18,16800000.0,5212.0,1833.0,1000000000.0,False,,500000.0,400000.0,200000.0,,0.0,0.0,0.0,0.0,0.0,0.0
9026,2025-03-17,Alex Warren,Eternity — Alex Warren,tiktok,2025-07-18,16800000.0,5213.0,1833.0,1000000000.0,False,,500000.0,400000.0,200000.0,,0.0,0.0,0.0,0.0,0.0,0.0
9027,2025-03-18,Alex Warren,Eternity — Alex Warren,tiktok,2025-07-18,16800000.0,5213.0,1834.0,1000000000.0,False,,500000.0,400000.0,200000.0,,0.0,0.0,0.0,0.0,0.0,1.0
9028,2025-03-19,Alex Warren,Eternity — Alex Warren,tiktok,2025-07-18,16900000.0,5214.0,1834.0,1000000000.0,False,,600000.0,500000.0,300000.0,,0.0,0.0,0.0,100000.0,0.0,0.0
9029,2025-03-20,Alex Warren,Eternity — Alex Warren,tiktok,2025-07-18,16900000.0,5215.0,1833.0,1000000000.0,False,,600000.0,500000.0,300000.0,,0.0,0.0,0.0,0.0,0.0,-1.0
9030,2025-03-21,Alex Warren,Eternity — Alex Warren,tiktok,2025-07-18,16900000.0,5217.0,1834.0,1000000000.0,False,,600000.0,500000.0,300000.0,,0.0,0.0,0.0,0.0,0.0,1.0
9031,2025-03-22,Alex Warren,Eternity — Alex Warren,tiktok,2025-07-18,16900000.0,5217.0,1833.0,1000000000.0,False,,600000.0,500000.0,300000.0,,0.0,0.0,0.0,0.0,0.0,-1.0
9032,2025-03-23,Alex Warren,Eternity — Alex Warren,tiktok,2025-07-18,16900000.0,5218.0,1833.0,1000000000.0,False,,600000.0,500000.0,300000.0,,0.0,0.0,0.0,0.0,0.0,0.0
9033,2025-03-24,Alex Warren,Eternity — Alex Warren,tiktok,2025-07-18,17000000.0,5219.0,1833.0,1000000000.0,False,,700000.0,600000.0,400000.0,,0.0,0.0,0.0,100000.0,0.0,0.0
9034,2025-03-25,Alex Warren,Eternity — Alex Warren,tiktok,2025-07-18,17000000.0,5219.0,1832.0,1000000000.0,False,,700000.0,600000.0,400000.0,,0.0,0.0,0.0,0.0,0.0,-1.0
9035,2025-03-26,Alex Warren,Eternity — Alex Warren,tiktok,2025-07-18,17000000.0,5219.0,1832.0,1000000000.0,False,,700000.0,600000.0,400000.0,,0.0,0.0,0.0,0.0,0.0,0.0
9036,2025-03-27,Alex Warren,Eternity — Alex Warren,tiktok,2025-07-18,17000000.0,5219.0,1832.0,1000000000.0,False,,700000.0,600000.0,400000.0,,0.0,0.0,0.0,0.0,0.0,0.0
9037,2025-03-28,Alex Warren,Eternity — Alex Warren,tiktok,2025-07-18,17100000.0,5219.0,1831.0,1000000000.0,False,,800000.0,700000.0,500000.0,,0.0,0.0,0.0,100000.0,0.0,-1.0
9038,2025-03-29,Alex Warren,Eternity — Alex Warren,tiktok,2025-07-18,17100000.0,5221.0,1830.0,1000000000.0,False,,800000.0,700000.0,500000.0,,0.0,0.0,0.0,0.0,0.0,-1.0
9039,2025-03-30,Alex Warren,Eternity — Alex Warren,tiktok,2025-07-18,17100000.0,5221.0,1830.0,1000000000.0,False,,800000.0,700000.0,500000.0,,0.0,0.0,0.0,0.0,0.0,0.0
9040,2025-03-31,Alex Warren,Eternity — Alex Warren,tiktok,2025-07-18,17100000.0,5221.0,1830.0,1100000000.0,False,,800000.0,700000.0,500000.0,,100000000.0,100000000.0,100000000.0,0.0,100000000.0,0.0
9041,2025-04-01,Alex Warren,Eternity — Alex Warren,tiktok,2025-07-18,17100000.0,5221.0,1830.0,1100000000.0,False,,800000.0,700000.0,500000.0,,100000000.0,100000000.0,100000000.0,0.0,0.0,0.0
9042,2025-04-02,Alex Warren,Eternity — Alex Warren,tiktok,2025-07-18,17200000.0,5221.0,1830.0,1100000000.0,False,,900000.0,800000.0,600000.0,,100000000.0,100000000.0,100000000.0,100000.0,0.0,0.0
9043,2025-04-03,Alex Warren,Eternity — Alex Warren,tiktok,2025-07-18,17200000.0,5220.0,1831.0,1100000000.0,False,,900000.0,800000.0,600000.0,,100000000.0,100000000.0,100000000.0,0.0,0.0,1.0
9044,2025-04-04,Alex Warren,Eternity — Alex Warren,tiktok,2025-07-18,17200000.0,5220.0,1831.0,1100000000.0,False,,900000.0,800000.0,600000.0,,100000000.0,100000000.0,100000000.0,0.0,0.0,0.0
9045,2025-04-05,Alex Warren,Eternity — Alex Warren,tiktok,2025-07-18,17300000.0,5221.0,1830.0,1100000000.0,False,,1000000.0,900000.0,600000.0,,100000000.0,100000000.0,100000000.0,100000.0,0.0,-1.0
9046,2025-04-06,Alex Warren,Eternity — Alex Warren,tiktok,2025-07-18,17300000.0,5222.0,1830.0,1100000000.0,False,,1000000.0,900000.0,600000.0,,100000000.0,100000000.0,100000000.0,0.0,0.0,0.0
9047,2025-04-07,Alex Warren,Eternity — Alex Warren,tiktok,2025-07-18,17300000.0,5222.0,1830.0,1100000000.0,False,,1000000.0,900000.0,600000.0,,100000000.0,100000000.0,100000000.0,0.0,0.0,0.0
9048,2025-04-08,Alex Warren,Eternity — Alex Warren,tiktok,2025-07-18,17300000.0,5223.0,1829.0,1100000000.0,False,,1000000.0,900000.0,600000.0,,100000000.0,100000000.0,100000000.0,0.0,0.0,-1.0
9049,2025-04-09,Alex Warren,Eternity — Alex Warren,tiktok,2025-07-18,17400000.0,5223.0,1829.0,1100000000.0,False,,1100000.0,1000000.0,700000.0,,100000000.0,100000000.0,100000000.0,100000.0,0.0,0.0
9050,2025-04-10,Alex Warren,Eternity — Alex Warren,tiktok,2025-07-18,17400000.0,5223.0,1829.0,1100000000.0,False,,1100000.0,1000000.0,700000.0,,100000000.0,100000000.0,100000000.0,0.0,0.0,0.0
9051,2025-04-11,Alex Warren,Eternity — Alex Warren,tiktok,2025-07-18,17400000.0,5223.0,1829.0,1100000000.0,False,,1100000.0,1000000.0,700000.0,,100000000.0,100000000.0,100000000.0,0.0,0.0,0.0
9052,2025-04-12,Alex Warren,Eternity — Alex Warren,tiktok,2025-07-18,17400000.0,5223.0,1831.0,1100000000.0,False,,1100000.0,1000000.0,700000.0,,100000000.0,100000000.0,100000000.0,0.0,0.0,2.0
9053,2025-04-13,Alex Warren,Eternity — Alex Warren,tiktok,2025-07-18,17400000.0,,,1100000000.0,True,,1100000.0,1000000.0,600000.0,,100000000.0,100000000.0,100000000.0,0.0,0.0,
9054,2025-04-14,Alex Warren,Eternity — Alex Warren,tiktok,2025-07-18,17400000.0,,,1100000000.0,True,,1100000.0,1000000.0,600000.0,,100000000.0,100000000.0,100000000.0,0.0,0.0,
9055,2025-04-15,Alex Warren,Eternity — Alex Warren,tiktok,2025-07-18,17400000.0,5225.0,1830.0,1100000000.0,False,,1100000.0,1000000.0,600000.0,,100000000.0,100000000.0,100000000.0,0.0,0.0,
9056,2025-04-16,Alex Warren,Eternity — Alex Warren,tiktok,2025-07-18,17500000.0,5225.0,1830.0,1100000000.0,False,,1200000.0,1100000.0,700000.0,,100000000.0,100000000.0,100000000.0,100000.0,0.0,0.0
9057,2025-04-17,Alex Warren,Eternity — Alex Warren,tiktok,2025-07-18,17500000.0,5225.0,1830.0,1100000000.0,False,,1200000.0,1100000.0,700000.0,,100000000.0,100000000.0,100000000.0,0.0,0.0,0.0
9058,2025-04-18,Alex Warren,Eternity — Alex Warren,tiktok,2025-07-18,17500000.0,5225.0,1830.0,1100000000.0,False,,1200000.0,1100000.0,600000.0,,100000000.0,100000000.0,100000000.0,0.0,0.0,0.0
9059,2025-04-19,Alex Warren,Eternity — Alex Warren,tiktok,2025-07-18,17500000.0,5225.0,1830.0,1100000000.0,False,,1200000.0,1100000.0,600000.0,,100000000.0,100000000.0,100000000.0,0.0,0.0,0.0
9060,2025-04-20,Alex Warren,Eternity — Alex Warren,tiktok,2025-07-18,17600000.0,5225.0,1830.0,1100000000.0,False,,1300000.0,1200000.0,700000.0,,100000000.0,100000000.0,100000000.0,100000.0,0.0,0.0
9061,2025-04-21,Alex Warren,Eternity — Alex Warren,tiktok,2025-07-18,17600000.0,5225.0,1831.0,1100000000.0,False,,1300000.0,1200000.0,700000.0,,100000000.0,100000000.0,100000000.0,0.0,0.0,1.0
9062,2025-04-22,Alex Warren,Eternity — Alex Warren,tiktok,2025-07-18,17600000.0,5225.0,1830.0,1100000000.0,False,,1300000.0,1200000.0,700000.0,,100000000.0,100000000.0,100000000.0,0.0,0.0,-1.0
9063,2025-04-23,Alex Warren,Eternity — Alex Warren,tiktok,2025-07-18,17600000.0,5225.0,1831.0,1100000000.0,False,,1300000.0,1200000.0,600000.0,,100000000.0,100000000.0,100000000.0,0.0,0.0,1.0
9064,2025-04-24,Alex Warren,Eternity — Alex Warren,tiktok,2025-07-18,17700000.0,5225.0,1832.0,1100000000.0,False,,1400000.0,1300000.0,700000.0,,100000000.0,100000000.0,100000000.0,100000.0,0.0,1.0
9065,2025-04-25,Alex Warren,Eternity — Alex Warren,tiktok,2025-07-18,17700000.0,5225.0,1832.0,1100000000.0,False,,1400000.0,1200000.0,700000.0,,100000000.0,100000000.0,100000000.0,0.0,0.0,0.0
9066,2025-04-26,Alex Warren,Eternity — Alex Warren,tiktok,2025-07-18,17700000.0,5224.0,1832.0,1100000000.0,False,,1400000.0,1200000.0,700000.0,,100000000.0,100000000.0,100000000.0,0.0,0.0,0.0
9067,2025-04-27,Alex Warren,Eternity — Alex Warren,tiktok,2025-07-18,17700000.0,5224.0,1833.0,1100000000.0,False,,1400000.0,1200000.0,600000.0,,100000000.0,100000000.0,100000000.0,0.0,0.0,1.0
9068,2025-04-28,Alex Warren,Eternity — Alex Warren,tiktok,2025-07-18,17800000.0,5225.0,1833.0,1100000000.0,False,,1500000.0,1300000.0,700000.0,,100000000.0,100000000.0,100000000.0,100000.0,0.0,0.0
9069,2025-04-29,Alex Warren,Eternity — Alex Warren,tiktok,2025-07-18,17800000.0,5225.0,1833.0,1100000000.0,False,,1500000.0,1300000.0,700000.0,,100000000.0,100000000.0,100000000.0,0.0,0.0,0.0
9070,2025-04-30,Alex Warren,Eternity — Alex Warren,tiktok,2025-07-18,17800000.0,5227.0,1833.0,1100000000.0,False,,1500000.0,1300000.0,700000.0,,100000000.0,100000000.0,0.0,0.0,0.0,0.0
9071,2025-05-01,Alex Warren,Eternity — Alex Warren,tiktok,2025-07-18,17800000.0,5227.0,1833.0,1100000000.0,False,,1500000.0,1300000.0,700000.0,,100000000.0,100000000.0,0.0,0.0,0.0,0.0
9072,2025-05-02,Alex Warren,Eternity — Alex Warren,tiktok,2025-07-18,17800000.0,5227.0,1833.0,1100000000.0,False,,1500000.0,1300000.0,600000.0,,100000000.0,100000000.0,0.0,0.0,0.0,0.0
9073,2025-05-03,Alex Warren,Eternity — Alex Warren,tiktok,2025-07-18,17900000.0,5228.0,1833.0,1100000000.0,False,,1600000.0,1400000.0,700000.0,,100000000.0,100000000.0,0.0,100000.0,0.0,0.0
9074,2025-05-04,Alex Warren,Eternity — Alex Warren,tiktok,2025-07-18,17900000.0,5228.0,1833.0,1100000000.0,False,,1600000.0,1400000.0,700000.0,,100000000.0,100000000.0,0.0,0.0,0.0,0.0
9075,2025-05-05,Alex Warren,Eternity — Alex Warren,tiktok,2025-07-18,17900000.0,5229.0,1833.0,1100000000.0,False,,1600000.0,1400000.0,600000.0,,100000000.0,100000000.0,0.0,0.0,0.0,0.0
9076,2025-05-06,Alex Warren,Eternity — Alex Warren,tiktok,2025-07-18,17900000.0,5230.0,1833.0,1100000000.0,False,,1600000.0,1400000.0,600000.0,,100000000.0,100000000.0,0.0,0.0,0.0,0.0
9077,2025-05-07,Alex Warren,Eternity — Alex Warren,tiktok,2025-07-18,17900000.0,5230.0,1834.0,1100000000.0,False,,1600000.0,1400000.0,600000.0,,100000000.0,100000000.0,0.0,0.0,0.0,1.0
9078,2025-05-08,Alex Warren,Eternity — Alex Warren,tiktok,2025-07-18,17900000.0,5230.0,1834.0,1100000000.0,False,,1600000.0,1400000.0,600000.0,,100000000.0,100000000.0,0.0,0.0,0.0,0.0
9079,2025-05-09,Alex Warren,Eternity — Alex Warren,tiktok,2025-07-18,17900000.0,5230.0,1835.0,1100000000.0,False,,1600000.0,1400000.0,500000.0,,100000000.0,100000000.0,0.0,0.0,0.0,1.0
9080,2025-05-10,Alex Warren,Eternity — Alex Warren,tiktok,2025-07-18,17900000.0,5231.0,1835.0,1100000000.0,False,,1600000.0,1400000.0,500000.0,,100000000.0,100000000.0,0.0,0.0,0.0,0.0
9081,2025-05-11,Alex Warren,Eternity — Alex Warren,tiktok,2025-07-18,18000000.0,5232.0,1835.0,1100000000.0,False,,1700000.0,1500000.0,600000.0,,100000000.0,100000000.0,0.0,100000.0,0.0,0.0
9082,2025-05-12,Alex Warren,Eternity — Alex Warren,tiktok,2025-07-18,18000000.0,5232.0,1836.0,1100000000.0,False,,1700000.0,1500000.0,600000.0,,100000000.0,100000000.0,0.0,0.0,0.0,1.0
9083,2025-05-13,Alex Warren,Eternity — Alex Warren,tiktok,2025-07-18,18000000.0,5232.0,1836.0,1100000000.0,False,,1700000.0,1500000.0,600000.0,,100000000.0,100000000.0,0.0,0.0,0.0,0.0
9084,2025-05-14,Alex Warren,Eternity — Alex Warren,tiktok,2025-07-18,18000000.0,5232.0,1837.0,1100000000.0,False,,1700000.0,1500000.0,600000.0,,100000000.0,100000000.0,0.0,0.0,0.0,1.0
9085,2025-05-15,Alex Warren,Eternity — Alex Warren,tiktok,2025-07-18,18000000.0,5232.0,1837.0,1100000000.0,False,,1700000.0,1400000.0,600000.0,,100000000.0,100000000.0,0.0,0.0,0.0,0.0
9086,2025-05-16,Alex Warren,Eternity — Alex Warren,tiktok,2025-07-18,18000000.0,5232.0,1837.0,1100000000.0,False,,1700000.0,1400000.0,500000.0,,100000000.0,100000000.0,0.0,0.0,0.0,0.0
9087,2025-05-17,Alex Warren,Eternity — Alex Warren,tiktok,2025-07-18,18000000.0,5232.0,1837.0,1100000000.0,False,,1700000.0,1400000.0,500000.0,,100000000.0,100000000.0,0.0,0.0,0.0,0.0
9088,2025-05-18,Alex Warren,Eternity — Alex Warren,tiktok,2025-07-18,18000000.0,5232.0,1838.0,1100000000.0,False,,1700000.0,1400000.0,500000.0,,100000000.0,100000000.0,0.0,0.0,0.0,1.0
9089,2025-05-19,Alex Warren,Eternity — Alex Warren,tiktok,2025-07-18,18100000.0,5232.0,1838.0,1100000000.0,False,,1800000.0,1500000.0,600000.0,,100000000.0,100000000.0,0.0,100000.0,0.0,0.0
9090,2025-05-20,Alex Warren,Eternity — Alex Warren,tiktok,2025-07-18,18100000.0,5233.0,1838.0,1100000000.0,False,,1800000.0,1500000.0,500000.0,,100000000.0,100000000.0,0.0,0.0,0.0,0.0
9091,2025-05-21,Alex Warren,Eternity — Alex Warren,tiktok,2025-07-18,18100000.0,5233.0,1839.0,1100000000.0,False,,1800000.0,1500000.0,500000.0,,100000000.0,100000000.0,0.0,0.0,0.0,1.0
9092,2025-05-22,Alex Warren,Eternity — Alex Warren,tiktok,2025-07-18,18100000.0,5235.0,1839.0,1100000000.0,False,,1800000.0,1500000.0,500000.0,,100000000.0,100000000.0,0.0,0.0,0.0,0.0
9093,2025-05-23,Alex Warren,Eternity — Alex Warren,tiktok,2025-07-18,18100000.0,5235.0,1840.0,1100000000.0,False,,1800000.0,1500000.0,500000.0,,100000000.0,100000000.0,0.0,0.0,0.0,1.0
9094,2025-05-24,Alex Warren,Eternity — Alex Warren,tiktok,2025-07-18,18100000.0,5235.0,1841.0,1100000000.0,False,,1800000.0,1500000.0,400000.0,,100000000.0,100000000.0,0.0,0.0,0.0,1.0
9095,2025-05-25,Alex Warren,Eternity — Alex Warren,tiktok,2025-07-18,18200000.0,5235.0,1841.0,1100000000.0,False,,1900000.0,1600000.0,500000.0,,100000000.0,100000000.0,0.0,100000.0,0.0,0.0
9096,2025-05-26,Alex Warren,Eternity — Alex Warren,tiktok,2025-07-18,18200000.0,5235.0,1841.0,1100000000.0,False,,1900000.0,1600000.0,500000.0,,100000000.0,100000000.0,0.0,0.0,0.0,0.0
9097,2025-05-27,Alex Warren,Eternity — Alex Warren,tiktok,2025-07-18,18200000.0,5235.0,1841.0,1100000000.0,False,,1900000.0,1600000.0,500000.0,,100000000.0,100000000.0,0.0,0.0,0.0,0.0
9098,2025-05-28,Alex Warren,Eternity — Alex Warren,tiktok,2025-07-18,18200000.0,5235.0,1842.0,1100000000.0,False,,1900000.0,1600000.0,400000.0,,100000000.0,100000000.0,0.0,0.0,0.0,1.0
9099,2025-05-29,Alex Warren,Eternity — Alex Warren,tiktok,2025-07-18,18300000.0,5235.0,1842.0,1100000000.0,False,,1900000.0,1700000.0,500000.0,,100000000.0,100000000.0,0.0,100000.0,0.0,0.0
9100,2025-05-30,Alex Warren,Eternity — Alex Warren,tiktok,2025-07-18,18300000.0,5236.0,1842.0,1100000000.0,False,,1900000.0,1700000.0,500000.0,,100000000.0,100000000.0,0.0,0.0,0.0,0.0
9101,2025-05-31,Alex Warren,Eternity — Alex Warren,tiktok,2025-07-18,18300000.0,5236.0,1842.0,1100000000.0,False,,1900000.0,1700000.0,500000.0,,100000000.0,100000000.0,0.0,0.0,0.0,0.0
9102,2025-06-01,Alex Warren,Eternity — Alex Warren,tiktok,2025-07-18,18300000.0,5236.0,1842.0,1100000000.0,False,,1900000.0,1700000.0,500000.0,,100000000.0,100000000.0,0.0,0.0,0.0,0.0
9103,2025-06-02,Alex Warren,Eternity — Alex Warren,tiktok,2025-07-18,18300000.0,5236.0,1843.0,1100000000.0,False,,1900000.0,1700000.0,400000.0,,100000000.0,100000000.0,0.0,0.0,0.0,1.0
9104,2025-06-03,Alex Warren,Eternity — Alex Warren,tiktok,2025-07-18,18300000.0,5237.0,1844.0,1100000000.0,False,,1900000.0,1700000.0,400000.0,,100000000.0,100000000.0,0.0,0.0,0.0,1.0
9105,2025-06-04,Alex Warren,Eternity — Alex Warren,tiktok,2025-07-18,18400000.0,5237.0,1844.0,1100000000.0,False,,2000000.0,1800000.0,500000.0,,100000000.0,100000000.0,0.0,100000.0,0.0,0.0
9106,2025-06-05,Alex Warren,Eternity — Alex Warren,tiktok,2025-07-18,18400000.0,5238.0,1844.0,1100000000.0,False,,2000000.0,1700000.0,500000.0,,100000000.0,100000000.0,0.0,0.0,0.0,0.0
9107,2025-06-06,Alex Warren,Eternity — Alex Warren,tiktok,2025-07-18,18400000.0,5238.0,1844.0,1100000000.0,False,,2000000.0,1700000.0,500000.0,,100000000.0,100000000.0,0.0,0.0,0.0,0.0
9108,2025-06-07,Alex Warren,Eternity — Alex Warren,tiktok,2025-07-18,18400000.0,5240.0,1844.0,1100000000.0,False,,2000000.0,1700000.0,500000.0,,100000000.0,100000000.0,0.0,0.0,0.0,0.0
9109,2025-06-08,Alex Warren,Eternity — Alex Warren,tiktok,2025-07-18,18400000.0,5240.0,1844.0,1100000000.0,False,,2000000.0,1700000.0,500000.0,,100000000.0,100000000.0,0.0,0.0,0.0,0.0
9110,2025-06-09,Alex Warren,Eternity — Alex Warren,tiktok,2025-07-18,18400000.0,5240.0,1843.0,1100000000.0,False,,2000000.0,1700000.0,500000.0,,100000000.0,100000000.0,0.0,0.0,0.0,-1.0
9111,2025-06-10,Alex Warren,Eternity — Alex Warren,tiktok,2025-07-18,18400000.0,5240.0,1844.0,1100000000.0,False,,2000000.0,1700000.0,400000.0,,100000000.0,100000000.0,0.0,0.0,0.0,1.0
9112,2025-06-11,Alex Warren,Eternity — Alex Warren,tiktok,2025-07-18,18400000.0,5240.0,1844.0,1100000000.0,False,,2000000.0,1700000.0,400000.0,,100000000.0,100000000.0,0.0,0.0,0.0,0.0
9113,2025-06-12,Alex Warren,Eternity — Alex Warren,tiktok,2025-07-18,18400000.0,5241.0,1846.0,1100000000.0,False,,2000000.0,1700000.0,400000.0,,100000000.0,100000000.0,0.0,0.0,0.0,2.0
9114,2025-06-13,Alex Warren,Eternity — Alex Warren,tiktok,2025-07-18,18500000.0,5241.0,1845.0,1100000000.0,False,,2100000.0,1700000.0,500000.0,,100000000.0,100000000.0,0.0,100000.0,0.0,-1.0
9115,2025-06-14,Alex Warren,Eternity — Alex Warren,tiktok,2025-07-18,18500000.0,5241.0,1846.0,1100000000.0,False,,2100000.0,1700000.0,500000.0,,100000000.0,100000000.0,0.0,0.0,0.0,1.0
9116,2025-06-15,Alex Warren,Eternity — Alex Warren,tiktok,2025-07-18,18500000.0,5242.0,1848.0,1100000000.0,False,,2100000.0,1700000.0,500000.0,,100000000.0,100000000.0,0.0,0.0,0.0,2.0
9117,2025-06-16,Alex Warren,Eternity — Alex Warren,tiktok,2025-07-18,18500000.0,5242.0,1849.0,1100000000.0,False,,2100000.0,1700000.0,500000.0,,100000000.0,100000000.0,0.0,0.0,0.0,1.0
9118,2025-06-17,Alex Warren,Eternity — Alex Warren,tiktok,2025-07-18,18500000.0,5242.0,1849.0,1100000000.0,False,,2100000.0,1700000.0,500000.0,,100000000.0,100000000.0,0.0,0.0,0.0,0.0
9119,2025-06-18,Alex Warren,Eternity — Alex Warren,tiktok,2025-07-18,18500000.0,5241.0,1849.0,1100000000.0,False,,2100000.0,1600000.0,400000.0,,100000000.0,100000000.0,0.0,0.0,0.0,0.0
9120,2025-06-19,Alex Warren,Eternity — Alex Warren,tiktok,2025-07-18,18500000.0,5242.0,1849.0,1100000000.0,False,,2100000.0,1600000.0,400000.0,,100000000.0,100000000.0,0.0,0.0,0.0,0.0
9121,2025-06-20,Alex Warren,Eternity — Alex Warren,tiktok,2025-07-18,18500000.0,5243.0,1849.0,1100000000.0,False,,2100000.0,1600000.0,400000.0,,100000000.0,100000000.0,0.0,0.0,0.0,0.0
9122,2025-06-21,Alex Warren,Eternity — Alex Warren,tiktok,2025-07-18,18500000.0,5243.0,1851.0,1100000000.0,False,,2100000.0,1600000.0,400000.0,,100000000.0,100000000.0,0.0,0.0,0.0,2.0
9123,2025-06-22,Alex Warren,Eternity — Alex Warren,tiktok,2025-07-18,18600000.0,5242.0,1851.0,1100000000.0,False,,2200000.0,1700000.0,500000.0,,100000000.0,100000000.0,0.0,100000.0,0.0,0.0
9124,2025-06-23,Alex Warren,Eternity — Alex Warren,tiktok,2025-07-18,18600000.0,5242.0,1851.0,1100000000.0,False,,2200000.0,1600000.0,500000.0,,100000000.0,100000000.0,0.0,0.0,0.0,0.0
9125,2025-06-24,Alex Warren,Eternity — Alex Warren,tiktok,2025-07-18,18600000.0,5241.0,1852.0,1100000000.0,False,,2200000.0,1600000.0,400000.0,,100000000.0,100000000.0,0.0,0.0,0.0,1.0
9126,2025-06-25,Alex Warren,Eternity — Alex Warren,tiktok,2025-07-18,18600000.0,5241.0,1853.0,1100000000.0,False,,2200000.0,1600000.0,400000.0,,100000000.0,100000000.0,0.0,0.0,0.0,1.0
9127,2025-06-26,Alex Warren,Eternity — Alex Warren,tiktok,2025-07-18,18600000.0,5242.0,1853.0,1100000000.0,False,,2200000.0,1600000.0,400000.0,,100000000.0,100000000.0,0.0,0.0,0.0,0.0
9128,2025-06-27,Alex Warren,Eternity — Alex Warren,tiktok,2025-07-18,18600000.0,,,1100000000.0,True,,2200000.0,1500000.0,400000.0,,100000000.0,100000000.0,0.0,0.0,0.0,
9129,2025-06-28,Alex Warren,Eternity — Alex Warren,tiktok,2025-07-18,18600000.0,,,1100000000.0,True,,2200000.0,1500000.0,300000.0,,100000000.0,100000000.0,0.0,0.0,0.0,
9130,2025-06-29,Alex Warren,Eternity — Alex Warren,tiktok,2025-07-18,18600000.0,5242.0,1854.0,1100000000.0,False,,2200000.0,1500000.0,300000.0,,100000000.0,100000000.0,0.0,0.0,0.0,
9131,2025-06-30,Alex Warren,Eternity — Alex Warren,tiktok,2025-07-18,18600000.0,5243.0,1854.0,1100000000.0,False,,2200000.0,1500000.0,300000.0,,100000000.0,0.0,0.0,0.0,0.0,0.0
9132,2025-07-01,Alex Warren,Eternity — Alex Warren,tiktok,2025-07-18,18600000.0,5243.0,1854.0,1100000000.0,False,,2200000.0,1500000.0,300000.0,,100000000.0,0.0,0.0,0.0,0.0,0.0
9133,2025-07-02,Alex Warren,Eternity — Alex Warren,tiktok,2025-07-18,18600000.0,5243.0,1854.0,1100000000.0,False,,2200000.0,1400000.0,300000.0,,100000000.0,0.0,0.0,0.0,0.0,0.0
9134,2025-07-03,Alex Warren,Eternity — Alex Warren,tiktok,2025-07-18,18700000.0,5243.0,1854.0,1100000000.0,False,,2300000.0,1500000.0,400000.0,,100000000.0,0.0,0.0,100000.0,0.0,0.0
9135,2025-07-04,Alex Warren,Eternity — Alex Warren,tiktok,2025-07-18,18700000.0,5243.0,1855.0,1100000000.0,False,,2300000.0,1500000.0,300000.0,,100000000.0,0.0,0.0,0.0,0.0,1.0
9136,2025-07-05,Alex Warren,Eternity — Alex Warren,tiktok,2025-07-18,18700000.0,5243.0,1856.0,1100000000.0,False,,2300000.0,1400000.0,300000.0,,100000000.0,0.0,0.0,0.0,0.0,1.0
9137,2025-07-06,Alex Warren,Eternity — Alex Warren,tiktok,2025-07-18,18700000.0,5243.0,1856.0,1100000000.0,False,,2300000.0,1400000.0,300000.0,,100000000.0,0.0,0.0,0.0,0.0,0.0
9138,2025-07-07,Alex Warren,Eternity — Alex Warren,tiktok,2025-07-18,18700000.0,5242.0,1856.0,1100000000.0,False,,2300000.0,1400000.0,300000.0,,100000000.0,0.0,0.0,0.0,0.0,0.0
9139,2025-07-08,Alex Warren,Eternity — Alex Warren,tiktok,2025-07-18,18700000.0,5243.0,1856.0,1100000000.0,False,,2300000.0,1400000.0,300000.0,,100000000.0,0.0,0.0,0.0,0.0,0.0
9140,2025-07-09,Alex Warren,Eternity — Alex Warren,tiktok,2025-07-18,18700000.0,5243.0,1857.0,1100000000.0,False,,2300000.0,1300000.0,300000.0,,100000000.0,0.0,0.0,0.0,0.0,1.0
9141,2025-07-10,Alex Warren,Eternity — Alex Warren,tiktok,2025-07-18,18700000.0,4985.0,1858.0,1100000000.0,False,,2300000.0,1300000.0,300000.0,,100000000.0,0.0,0.0,0.0,0.0,1.0
9142,2025-07-11,Alex Warren,Eternity — Alex Warren,tiktok,2025-07-18,18700000.0,4984.0,1858.0,1100000000.0,False,,2300000.0,1300000.0,300000.0,,100000000.0,0.0,0.0,0.0,0.0,0.0
9143,2025-07-12,Alex Warren,Eternity — Alex Warren,tiktok,2025-07-18,18800000.0,4984.0,2.0,82.0,False,,2400000.0,1400000.0,400000.0,,-999999918.0,-1099999918.0,-1099999918.0,100000.0,-1099999918.0,-1856.0
9144,2025-07-13,Alex Warren,Eternity — Alex Warren,tiktok,2025-07-18,18800000.0,4985.0,1860.0,1100000000.0,False,,2400000.0,1400000.0,300000.0,,100000000.0,0.0,0.0,0.0,1099999918.0,1858.0
9145,2025-07-14,Alex Warren,Eternity — Alex Warren,tiktok,2025-07-18,18800000.0,4986.0,2.0,83.0,False,,2400000.0,1400000.0,300000.0,,-999999917.0,-1099999917.0,-1099999917.0,0.0,-1099999917.0,-1858.0
9146,2025-07-15,Alex Warren,Eternity — Alex Warren,tiktok,2025-07-18,18800000.0,4987.0,2.0,83.0,False,,2400000.0,1400000.0,300000.0,,-999999917.0,-1099999917.0,-1099999917.0,0.0,0.0,0.0
9147,2025-07-16,Alex Warren,Eternity — Alex Warren,tiktok,2025-07-18,18800000.0,4987.0,1862.0,1100000000.0,False,,2400000.0,1300000.0,300000.0,,100000000.0,0.0,0.0,0.0,1099999917.0,1860.0
9148,2025-07-17,Alex Warren,Eternity — Alex Warren,tiktok,2025-07-18,18800000.0,4987.0,2.0,83.0,False,,2400000.0,1300000.0,300000.0,,-999999917.0,-1099999917.0,-1099999917.0,0.0,-1099999917.0,-1860.0
9149,2025-07-18,Alex Warren,Eternity — Alex Warren,tiktok,2025-07-18,18800000.0,4987.0,2.0,88.0,False,2500000.0,2400000.0,1300000.0,300000.0,-999999912.0,-999999912.0,-1099999912.0,-1099999912.0,0.0,5.0,0.0
