song_id,title,artist,genres,song_length,release_date,entry_week_date,entry_week_pos,peak_pos,lifespan,yt_subs_release_date,yt_views_release_date,tt_followers_release_date,tt_uploads_release_date,tt_likes_release_date,ig_followers_release_date,ig_media_release_date,ig_media_cgr_4w,ig_followers_cgr_4w,tt_followers_cgr_4w,tt_uploads_cgr_4w,tt_likes_cgr_4w,yt_subs_cgr_4w,yt_views_cgr_4w
Us Vs. Them — $uicideBoy$,Us Vs. Them,$uicideboy$,"['Hip-Hop', 'Hip-Hop/Rap']",3.0772166666666667,2024-06-14,2024-05-04,96,96,1,4100000.0,3088969048.0,1400000.0,42.0,8700000.0,3173816.0,258.0,0.08407281214366513,0.013699315233872689,0.0,0.8650128605284246,0.21161241008955667,0.02623191945128056,0.0735039121108283
Better Place — *NSYNC,Better Place,*NSYNC,"['Pop', 'Children’s Music']",3.6111666666666666,2023-09-29,2023-10-14,25,25,6,1530000.0,1430074754.0,353300.0,8.0,896000.0,1413958.0,229.0,0.1924157749351174,4.796628851142848,,,,0.11873345967050586,0.03345029692318757
3AM On Glenwood — 21 Savage,3AM On Glenwood,21 Savage,['Hip-Hop/Rap'],2.97215,2022-11-04,2022-11-19,27,27,2,8230000.0,4199119983.0,973600.0,12.0,2500000.0,14125452.0,1305.0,0.01921049673949682,0.11511069287719611,,,,0.013043209191043736,0.035237810136412584
Soak City (Do It) — 310babii,Soak City (Do It),310babii,['Hip-Hop/Rap'],1.9022666666666668,2023-06-03,2023-11-25,100,68,3,,,,,,,,,,,,,,
Nobody Like U — 4*TOWN (From Disney And Pixar's Turning Red),Nobody Like U,4*TOWN (From Disney And Pixar's Turning Red),['Soundtrack'],2.9553833333333333,2019-11-27,2022-04-02,50,49,5,,,,,,,,,,,,,,
Act II: Date @ 8 — 4Batz,Act II: Date @ 8,4Batz,['R&B/Soul'],1.89475,2023-12-15,2024-01-20,77,59,9,5530.0,205906.0,43800.0,34.0,482700.0,3212.0,8.0,0.0,1.8585267749469558,,,,10.520375534468606,7.289663090299103
Complete Mess — 5 Seconds Of Summer,Complete Mess,5 Seconds Of Summer,['Pop'],3.8614333333333333,2022-03-02,2022-04-16,91,85,3,,,1500000.0,68.0,12900000.0,9561677.0,2589.0,0.002760029393500396,0.02166265950276358,0.0,0.10667458243627248,0.3800855473564013,,
GINE — 6ix9ine,GINE,6ix9ine,['Hip-Hop/Rap'],2.2474166666666666,2022-04-15,2022-04-30,83,83,1,,,8800000.0,34.0,61700000.0,21625611.0,135.0,0.08029241658833453,-0.002642842898037401,0.04082510197600531,0.10667458243627248,0.029064013455704085,,
Tailor Swif — A$AP Rocky,Tailor Swif,A$AP Rocky,"['Rap', 'Hip-Hop/Rap']",2.58985,2024-08-30,2024-09-14,84,84,1,5390000.0,3665429357.0,660000.0,10.0,2400000.0,19440522.0,35.0,0.0,0.057829198247083546,0.40913152071200276,0.0,1.6927517774458556,0.03329029694987273,0.03604575149072087
World's Smallest Violin — AJR,World's Smallest Violin,AJR,['Alternative'],2.2802,2020-07-15,2022-10-08,97,91,3,,,504600.0,39.0,3600000.0,411443.0,2684.0,0.0053266582423772135,0.011729584973196872,0.8847985311410511,0.18819018976525825,0.5354704527102516,,
In Your Fantasy — ATEEZ,In Your Fantasy,ATEEZ,"['K-Pop', 'Pop']",3.2116333333333333,2025-07-11,2025-07-26,68,68,1,4520000.0,1259911482.0,8500000.0,955.0,360800000.0,10713567.0,3895.0,0.044295720345743916,0.032817846376298476,0.12841098076603608,0.17252987957998567,0.179810888837717,0.03973498232017203,0.19666839730880792
Diet Pepsi — Addison Rae,Diet Pepsi,Addison Rae,['Pop'],2.8283,2024-08-09,2024-09-21,86,54,20,4200000.0,40029838.0,88800000.0,1777.0,5800000000.0,34858827.0,20.0,-7.219083795119962,-0.019804351876917536,0.0,0.0,0.0,-0.00849293363343051,0.03572557321029901
Haegeum — Agust D,Haegeum,Agust D,"['K-Pop', 'Pop']",2.81545,2023-04-21,2023-05-06,58,58,1,,,,,,44706594.0,117.0,0.5623026944257425,0.0457810295729999,,,,,
Burning Down — Alex Warren,Burning Down,Alex Warren,['Pop'],2.9906166666666665,2024-09-16,2024-10-05,76,69,14,2720000.0,676589561.0,16300000.0,1781.0,1000000000.0,2551130.0,628.0,0.017103307919663635,0.0032802188133063126,0.0,0.0,0.0,0.013155313150781112,0.07255694078158736
"I Swear, I Really Wanted To Make A ""Rap"" Album But... — Andre 3000","I Swear, I Really Wanted To Make A ""Rap"" Album But...",Andre 3000,[],,,2023-12-02,90,90,1,,,,,,,,,,,,,,
Envolver — Anitta,Envolver,Anitta,['Latin'],3.2301,2021-11-11,2022-04-09,74,70,6,,,13000000.0,183.0,64000000.0,56598188.0,4813.0,0.026069616881851942,0.036137517473600056,0.0834182165035946,0.5948373007789831,0.38946638556012214,,
Pressure — Ari Lennox,Pressure,Ari Lennox,['R&B/Soul'],3.2213166666666666,2021-09-10,2022-01-08,94,66,17,,,,,,1755385.0,99.0,0.30138304689231177,0.027190919884900744,,,,,
"Yes, And? — Ariana Grande","Yes, And?",Ariana Grande,['Pop'],3.5832333333333333,2024-01-12,2024-01-27,1,1,13,53300000.0,24920455037.0,33800000.0,153.0,189200000.0,380496338.0,154.0,0.16628100678652835,-0.0043952594649843135,0.031845654144846414,0.16739459031744897,0.11711211180174264,0.006707135004679898,0.0
Billie Eilish. — Armani White,Billie Eilish.,Armani White,['Hip-Hop/Rap'],1.9335166666666668,2022-11-25,2022-09-17,99,58,14,257000.0,69285087.0,844800.0,103.0,12300000.0,168407.0,146.0,0.14998450405789843,0.10831223482798968,,,,0.42852432204991686,0.6308017838197122
I Like The Way You Kiss Me — Artemas,I Like The Way You Kiss Me,Artemas,"['Pop', 'Alternative']",2.37525,2024-02-09,2024-04-06,70,12,20,19100.0,7661803.0,101000.0,235.0,5900000.0,24404.0,12.0,1.9436348478767629,0.5521790188224296,0.3769964063709885,0.3854817221669471,0.4520677762253289,0.842794509403566,2.0620554949235093
Your Place — Ashley Cooke,Your Place,Ashley Cooke,['Country'],3.0347666666666666,2023-07-07,2024-06-08,95,80,4,62000.0,19292066.0,1200000.0,1060.0,22000000.0,259992.0,1080.0,0.01325294739882299,0.21257547562480994,0.0,0.09911945907497,0.09880424830692736,0.09934317450353003,0.18471876951819954
Pink Venom — BLACKPINK,Pink Venom,BLACKPINK,"['K-Pop', 'Pop']",3.1160666666666668,2022-08-19,2022-09-03,22,22,6,,,30500000.0,113.0,263400000.0,48490426.0,1469.0,0.2079301484811058,0.05573610458737832,0.059050649289660306,0.36643762355050846,0.12705361106322144,,
Yet To Come — BTS,Yet To Come,BTS,"['K-Pop', 'Pop']",3.226566666666667,2022-06-10,2022-06-25,13,13,2,,,50600000.0,54.0,802100000.0,64872570.0,1041.0,0.15794535617226213,0.07323873160216543,0.04976442672699477,0.06677990575763015,0.041209124679686404,,
Went West — BabyChiefDoit,Went West,BabyChiefDoit,['Hip-Hop/Rap'],2.6014,2025-06-27,2025-07-12,89,71,2,278000.0,88648080.0,,,,394173.0,26.0,2.235474806046178,0.19704262506088366,,,,0.1442913402472712,0.2747480351716458
No Me Quiero Casar — Bad Bunny,No Me Quiero Casar,Bad Bunny,['Latin'],3.7609166666666667,2023-10-13,2023-10-28,65,65,1,46800000.0,31583226551.0,31700000.0,48.0,336100000.0,46627956.0,2.0,0.0,0.038379321371628805,0.022606608664621497,0.15211419938192527,0.07411054090133984,0.030660926970882407,0.006686840356673329
Fall In Love — Bailey Zimmerman,Fall In Love,Bailey Zimmerman,['Country'],3.86765,2022-10-14,2022-04-30,99,29,34,181000.0,110383453.0,1600000.0,659.0,23200000.0,345202.0,465.0,0.3302009317062149,0.5219837442595354,0.0,0.17223160581423258,0.2721530356022184,0.44141142004401335,0.7606718663023981
Beautiful Things — Benson Boone,Beautiful Things,Benson Boone,['Pop'],2.571283333333333,2024-01-18,2024-02-03,15,2,81,741000.0,319682485.0,4100000.0,862.0,206100000.0,1036131.0,343.0,0.24819840128227355,2.081486216380135,0.17876824515548062,0.18729279591149783,0.15234057609563312,0.23430501185186525,0.15577023954882474
Desert Eagle — Beyonce,Desert Eagle,Beyonce,"['Country', 'Pop']",1.2074833333333332,2024-03-29,2024-04-13,65,65,1,26900000.0,18388043113.0,5500000.0,10.0,8700000.0,319919409.0,2280.0,0.02042376908548693,-0.000496696468976765,0.0,0.3769964063709885,0.1682396173768641,0.02665612783450122,0.03577719676830515
Ms. Whitman — Bhad Bhabie,Ms. Whitman,Bhad Bhabie,['Hip-Hop/Rap'],2.1006,2025-02-25,2025-03-15,56,56,3,7580000.0,1424564223.0,8000000.0,27.0,13200000.0,15993170.0,27.0,2.373367728481246,0.0026101370954600966,0.3275610035531562,2.938526445012246,5.83142620980619,0.014163990117466163,0.03565990266971575
Mmhmm — BigXthaPlug,Mmhmm,BigXthaPlug,['Hip-Hop/Rap'],1.9837833333333332,2023-10-06,2023-12-16,93,63,20,261000.0,165440267.0,86500.0,14.0,507400.0,349712.0,194.0,0.15051131672079165,0.22491321905657724,0.10905513786287901,0.0,0.024014951320050493,0.28513242368755076,0.4151414780877216
The Diner — Billie Eilish,The Diner,Billie Eilish,['Alternative'],3.105783333333333,2024-05-17,2024-06-01,31,31,4,49900000.0,15236814282.0,53800000.0,45.0,300900000.0,119385055.0,901.0,0.03986805283056061,-0.029224588122778172,0.16311608517687315,0.24670693441353198,0.15537179690272573,0.03597282068072971,0.07524041280122518
Turn The Lights Back On — Billy Joel,Turn The Lights Back On,Billy Joel,['Pop'],3.9823166666666667,2024-01-02,2024-02-17,62,62,1,1770000.0,1881106489.0,,,,674107.0,1127.0,0.054297663466651436,0.06596186316991659,,,,0.020236824282204857,0.0367413123987026
Texas — Blake Shelton,Texas,Blake Shelton,['Country'],2.8351166666666665,2024-11-15,2025-03-22,97,61,9,3300000.0,2488499173.0,2800000.0,202.0,16400000.0,6876142.0,1262.0,0.028416506156947463,-0.0018791756318914388,0.0,0.0,0.021846053822272005,0.010839529202932852,0.03572399858593478
One More Time — Blink-182,One More Time,Blink-182,['Rock'],3.468583333333333,2023-09-22,2023-10-07,62,62,1,2940000.0,2701943486.0,638200.0,40.0,3000000.0,2993456.0,37.0,0.5198537528407376,0.10195888640585071,0.23562512513297662,1.413621989133862,0.6532729973136364,0.06127976561789428,0.030314358084648774
Get In With Me — BossMan Dlow,Get In With Me,BossMan Dlow,"['Rap', 'Hip-Hop/Rap']",2.0132166666666667,2024-01-19,2024-02-17,68,49,12,22300.0,10054919.0,,,,135819.0,84.0,0.2650218928951009,3.1162300778725394,,,,2.361676055834838,3.2332654596153088
Hard Fought Hallelujah — Brandon Lake,Hard Fought Hallelujah,Brandon Lake,['Christian'],5.266666666666667,2024-11-08,2024-11-23,51,51,9,646000.0,212029479.0,1100000.0,938.0,18900000.0,2148557.0,4049.0,0.04438701664122302,0.25227081623571124,0.5140147334221856,0.0,0.8288148125654038,0.33044949928291434,0.3316962590157235
Loose Change — Brent Faiyaz,Loose Change,Brent Faiyaz,['R&B/Soul'],3.76685,2022-07-08,2022-07-23,52,52,1,,,901200.0,15.0,4900000.0,2562074.0,31.0,2.6265332048246215,0.34004920992309895,0.5001785749841003,0.800125284171993,0.8185413515518603,,
You Didn't — Brett Young,You Didn't,Brett Young,['Country'],3.76355,2021-06-04,2023-01-21,100,63,12,,,,,,1050414.0,804.0,0.0312355572444023,0.004463713992497453,,,,,
We Ride — Bryan Martin,We Ride,Bryan Martin,['Country'],3.141383333333333,2023-01-27,2024-03-30,96,56,18,123000.0,44685718.0,380600.0,1241.0,2100000.0,17040.0,377.0,0.2759989822756381,0.9060355293874611,,,,0.17876824515548062,0.42190035620426336
Whatever She Wants — Bryson Tiller,Whatever She Wants,Bryson Tiller,['Hip-Hop/Rap'],2.689033333333333,2024-02-13,2024-03-02,32,19,20,3260000.0,2494403447.0,,,,10088576.0,13.0,1.7490767770625526,0.013525492971466768,,,,0.010972741378978412,0.03677833827864241
Sittin' On Top Of The World — Burna Boy,Sittin' On Top Of The World,Burna Boy,[],,,2023-09-09,80,80,3,,,,,,,,,,,,,,
The Days — CHRYSTAL,The Days,CHRYSTAL,['Dance'],2.82355,2024-10-01,2025-01-25,97,83,6,3020.0,5192290.0,,,,,,,,,,,0.9461971413750936,0.7264687615217369
Like What (Freestyle) — Cardi B,Like What (Freestyle),Cardi B,['Hip-Hop/Rap'],2.2733333333333334,2024-02-29,2024-03-16,38,38,3,19200000.0,8000129153.0,24100000.0,164.0,201700000.0,169089139.0,1721.0,-0.008290846482894576,-0.004249912927378752,0.0,0.04383136239209939,0.007089938161453091,0.01865153911599915,0.0
Primera Cita — Carin Leon,Primera Cita,Carin Leon,['Latin'],3.1076,2022-04-20,2023-09-09,97,97,2,,,1500000.0,97.0,6000000.0,1586607.0,1181.0,0.0733522074533921,0.09183642474430709,0.24670693441353198,0.26786278504649097,0.6532729973136364,,
"Colombia, Mi Encanto — Carlos Vives","Colombia, Mi Encanto",Carlos Vives,"['Musicals', 'Soundtrack', 'Disney', 'Children’s Music', 'Soundtrack', 'Original Score']",2.921333333333333,2021-11-24,2022-02-12,100,100,1,,,2300000.0,211.0,9700000.0,7183229.0,4594.0,0.020272168502133425,0.007962234165725945,0.0,0.3004503586800711,0.0,,
What He Didn't Do — Carly Pearce,What He Didn't Do,Carly Pearce,['Country'],3.187116666666667,2021-09-17,2022-10-15,99,37,17,,,,,,575695.0,139.0,0.9726816626119072,0.04005312101975633,,,,,
Ghost Story — Carrie Underwood,Ghost Story,Carrie Underwood,['Country'],3.0233333333333334,2022-03-18,2022-04-02,72,61,20,,,1600000.0,26.0,6000000.0,10991393.0,1850.0,0.031027188350818413,0.030551587201932406,0.0,0.0,0.0,,
The Giver — Chappell Roan,The Giver,Chappell Roan,['Country'],3.3794666666666666,2025-03-13,2025-03-29,5,5,8,1840000.0,748883485.0,4700000.0,496.0,50500000.0,6960630.0,654.0,0.08850009578920126,0.22340050536371336,0.2358418410653762,0.0361915437394833,0.31833969298562526,0.262029130333441,0.376657746530884
360 — Charli XCX,360,Charli xcx,['Dance'],2.2300833333333334,2024-05-10,2024-06-22,73,44,8,2940000.0,1340011006.0,2000000.0,348.0,45800000.0,4606671.0,45.0,0.7015370983515901,0.015418162403602054,0.0,0.5434675502688835,0.11093513641660113,0.0,0.036113991373931675
Light Switch — Charlie Puth,Light Switch,Charlie Puth,['Pop'],3.1284,2022-01-20,2022-02-05,42,27,15,,,14900000.0,236.0,293400000.0,15529093.0,1.0,-17.57431391207067,-4.875606736121085e-05,0.04827493133452432,0.23480775516098173,0.17989405802045777,,
Love You Again — Chase Matthew,Love You Again,Chase Matthew,['Country'],2.8939333333333335,2022-12-09,2024-09-14,91,91,1,202000.0,117277487.0,668100.0,442.0,6900000.0,172717.0,737.0,0.10829198452677602,0.007825126118454762,,,,0.053453112075319,0.1324411847298368
23 — Chayce Beckham,23,Chayce Beckham,['Country'],3.1151166666666668,2021-05-22,2024-01-13,71,45,20,,,,,,167096.0,115.0,0.6846733754373613,1.2976453470343818,,,,,
DJ Play A Christmas Song — Cher,DJ Play A Christmas Song,Cher,"['Holiday', 'Pop']",3.485116666666667,2023-10-06,2023-12-30,94,90,2,974000.0,737660892.0,,,,2667090.0,237.0,-0.3027530750041141,0.04118577112028898,,,,0.044284277509509806,0.06405771659294679
Lithonia — Childish Gambino,Lithonia,Childish Gambino,['Pop'],2.9886666666666666,2024-07-02,2024-07-20,97,69,3,6650000.0,3398283048.0,,,,,,,,,,,0.016149463595649394,0.0357728285028891
El Gordo Trae El Mando — Chino Pacas,El Gordo Trae El Mando,Chino Pacas,"['Música Mexicana', 'Latin']",1.8681166666666666,2023-01-27,2023-04-01,84,58,13,,,,,,,,,,,,,,
Winter Wonderland — Chloe,Winter Wonderland,Chloe,['Pop'],2.1149833333333334,2015-12-08,2023-12-30,96,87,2,,,,,,,,,,,,,,
Iffy — Chris Brown,Iffy,Chris Brown,['R&B/Soul'],2.8924833333333333,2022-01-14,2022-01-29,71,71,8,,,5300000.0,10.0,11200000.0,102378505.0,7336.0,0.0019478938880101992,0.13159785659606626,0.06805241290703812,0.0,0.03203609468525048,,
All I Need Is You — Chris Janson,All I Need Is You,Chris Janson,['Country'],2.70575,2023-05-05,2024-02-10,98,98,1,360000.0,345051621.0,225800.0,410.0,989900.0,748210.0,4889.0,0.02345567981771879,-0.1823686479138109,0.028588370912241423,0.1332007577869332,0.07034434058679206,0.01989856896498221,0.03568435349063925
I Think I'm In Love With You — Chris Stapleton,I Think I'm In Love With You,Chris Stapleton,['Country'],3.7133333333333334,2023-09-08,2024-04-27,91,91,1,2460000.0,2219205712.0,,,,2186637.0,281.0,0.14271856878009803,0.0629482220111166,,,,0.029158931244266384,0.05491290918029357
Young Love & Saturday Nights — Chris Young,Young Love & Saturday Nights,Chris Young,['Country'],3.2559666666666667,2023-07-21,2024-09-14,94,94,1,1000000.0,958687122.0,610600.0,267.0,4900000.0,1574846.0,2870.0,0.024978245797901977,0.00026987821757362696,0.0936755113930765,0.24958151575216192,0.07366743257264385,0.0,0.028320169998319322
My World — Chuckyy,My World,Chuckyy,['Hip-Hop/Rap'],2.6329833333333332,2025-04-24,2025-05-10,79,79,2,227000.0,104377651.0,,,,497486.0,19.0,0.39802443272765053,0.25984986298683843,,,,0.36473511105059586,0.3736157185842748
So Be It — Clipse,So Be It,Clipse,['Hip-Hop/Rap'],3.2477833333333335,2025-07-11,2025-07-26,62,62,1,228000.0,105941124.0,,,,85017.0,29.0,6.479324047281088,3.206756476571826,,,,2.199059375483392,0.5970948623153394
ICU — Coco Jones,ICU,Coco Jones,['R&B/Soul'],4.027066666666666,2022-10-21,2023-04-01,88,62,20,592000.0,61748236.0,2200000.0,121.0,26600000.0,1645895.0,163.0,-0.021841282363976866,0.014645335589613673,,,,0.0060381018499811034,0.03053244900650398
Human — Cody Johnson,Human,Cody Johnson,['Country'],3.692,2021-10-08,2023-01-28,94,61,19,,,,,,693409.0,2279.0,,,,,,,
Players — Coi Leray,Players,Coi Leray,['Hip-Hop/Rap'],2.326,2023-06-16,2023-01-14,98,9,26,1810000.0,547946690.0,11300000.0,761.0,205000000.0,7639133.0,371.0,0.552056388366462,0.047038350808348284,0.0,0.08071942856935355,0.013965522973524713,0.03969082267007984,0.07870998696073439
Sparks — Coldplay,Sparks,Coldplay,"['Alternative', 'Pop', 'Britpop', 'Rock', 'Adult Alternative', 'Indie Rock']",3.7849,2000-07-10,2025-06-28,93,79,5,,,,,,,,,,,,,,
Forever To Me — Cole Swindell,Forever To Me,Cole Swindell,['Country'],2.99445,2024-04-12,2025-05-03,91,91,1,769000.0,751277991.0,682000.0,183.0,3000000.0,1589814.0,1847.0,0.015503900283686534,0.006036984262181022,0.0031434516075234953,0.0,0.0,0.013960973614124406,0.03620085936026918
Creek Will Rise — Conner Smith,Creek Will Rise,Conner Smith,['Country'],2.82155,2023-02-24,2024-02-10,89,89,2,17900.0,7734851.0,216200.0,176.0,2600000.0,121642.0,350.0,0.1246750083241599,-0.06232273757164064,,,,0.538707278239392,0.32003267609153063
This Heart — Corey Kent,This Heart,Corey Kent,['Country'],3.116216666666667,2024-01-26,2025-07-05,82,82,3,54800.0,62470331.0,469000.0,1117.0,4500000.0,165622.0,1264.0,0.08582384417952227,0.08708633876670646,0.1398671120185213,0.0907078151642926,0.16249750604688806,0.13965005717144763,0.28873852386319676
Si No Es Contigo — Cris Mj,Si No Es Contigo,Cris Mj,['Latin'],2.6,2024-05-23,2024-06-08,72,72,4,2470000.0,1823137441.0,1400000.0,17.0,10400000.0,3357686.0,124.0,-0.27661042052244955,0.1780037227433917,0.552056388366462,0.9626899998691485,1.0793024579707433,0.17802550072925083,0.19748987799943496
I'm Not That Girl — Cynthia Erivo,I'm Not That Girl,Cynthia Erivo,['Soundtrack'],3.9507333333333334,2024-11-22,2024-12-07,94,94,2,155000.0,62985630.0,376100.0,47.0,2100000.0,1544985.0,1100.0,0.20740906371976564,0.6274269279797018,1.225698725199309,0.0,1.4586252839117853,0.11717510652997642,0.07315279535020647
Shake Sumn — DaBaby,Shake Sumn,DaBaby,['Hip-Hop/Rap'],2.0801,2023-05-05,2023-05-20,92,65,16,10000000.0,4703360183.0,8300000.0,77.0,39400000.0,20812574.0,34.0,-2.831888618859635,-0.01950126452187062,0.04329994505081203,0.7192553600736007,0.25385402665953904,0.003573279317192757,0.027448984039657454
You — Dan + Shay,You,Dan + Shay,['Country'],3.2708833333333334,2021-08-13,2023-06-03,87,87,1,,,,,,1123288.0,2457.0,0.03947148860916627,0.021921831641513734,,,,,
Frecuencia — Dareyes de La Sierra,Frecuencia,Dareyes de La Sierra,"['Música Mexicana', 'Latin']",3.1738666666666666,2025-06-05,2025-08-02,94,82,4,285000.0,297366483.0,997900.0,32.0,1200000.0,2950054.0,32.0,0.11345251699910186,0.2832004448079628,0.059199863255443574,0.0,0.31123826145653677,0.5415718330539221,0.5962616110586572
Winter Wonderland — Darlene Love,Winter Wonderland,Darlene Love,"['Christmas: Classic', 'Holiday', 'Pop', 'Oldies']",2.4346666666666668,1963-11-22,2025-01-04,48,48,1,,,,,,,,,,,,,,
Not At This Party — Dasha,Not At This Party,Dasha,['Country'],3.01515,2025-04-11,2025-04-26,97,97,1,157000.0,168135374.0,,,,335748.0,318.0,0.2563706706372848,0.08599066992600601,,,,0.16302742850051732,0.24534060090670717
Skin And Bones — David Kushner,Skin And Bones,David Kushner,['Pop'],3.5772,2024-01-19,2024-02-03,70,70,1,1130000.0,412951350.0,4900000.0,1325.0,125400000.0,1557663.0,216.0,0.04996334171711858,0.06273674229486659,0.07366743257264385,0.013503493210675899,0.07485518997318863,0.1950434780050525,0.33955766221718253
29 — Demi Lovato,29,Demi Lovato,['Pop'],2.7171333333333334,2022-08-16,2022-09-03,96,96,1,,,3800000.0,43.0,19400000.0,139388463.0,84.0,0.45371082786351824,0.045295727919758555,,,,,
Gold — Dierks Bentley,Gold,Dierks Bentley,['Country'],2.796,2022-07-29,2023-03-04,99,68,9,,,,,,2128781.0,1958.0,0.014623110260636452,0.0029775021571643023,,,,,
End Of Beginning — Djo,End Of Beginning,Djo,['Alternative'],2.6541,2024-03-01,2024-03-02,51,11,21,139000.0,18337329.0,580000.0,13.0,2100000.0,466263.0,27.0,0.1348777640018506,0.4492984866447225,,,,0.35130142988457624,0.6808959445383733
Denial Is A River — Doechii,Denial Is A River,Doechii,['Hip-Hop/Rap'],2.6597666666666666,2024-08-30,2025-01-18,76,21,19,1380000.0,567860451.0,1200000.0,313.0,16600000.0,685887.0,16.0,-6.943264728616572,0.28281235234128843,0.0,0.0,0.15398839103548667,0.02597751403294879,0.03750261518371545
Attention — Doja Cat,Attention,Doja Cat,"['Hip-Hop/Rap', 'Pop']",4.6174,2023-06-16,2023-07-01,31,31,3,11600000.0,6631775215.0,26200000.0,1.0,1200000.0,26162260.0,26.0,1.126503364025866,-0.0038992704797791156,0.0,inf,0.7967519174699733,0.030926433889799654,0.04888953263499918
Misses — Dominic Fike,Misses,Dominic Fike,['Alternative'],1.23965,2024-05-03,2024-08-03,100,99,2,577000.0,283046707.0,,,,3281927.0,35.0,0.3205561096507381,-0.008669749636758262,,,,0.07508723122084948,0.10938971140650455
Bandit — Don Toliver,Bandit,Don Toliver,['Hip-Hop/Rap'],2.46245,2024-01-31,2024-02-17,38,38,18,1790000.0,1024051901.0,1100000.0,134.0,9500000.0,3047067.0,65.0,0.055387427945663426,0.13194980079580532,0.0,0.0,0.0,0.04013688578949903,0.03728820304356173
Boyfriend — Dove Cameron,Boyfriend,Dove Cameron,['Pop'],2.55,2022-02-11,2022-02-26,73,16,24,,,8000000.0,103.0,56700000.0,45054572.0,414.0,0.17699596945175422,0.03944782021276794,0.5296840708181483,0.40417319707168886,1.094799080856057,,
BBL Love Interlude — Drake,BBL Love Interlude,Drake,['Hip-Hop/Rap'],2.6894,2023-10-06,2023-10-21,36,36,1,28500000.0,15804007590.0,,,,143382605.0,386.0,0.1128549620923236,0.021788070673700588,,,,0.025154172508012884,0.01846186007701256
She's Somebody's Daughter (Reimagined) — Drew Baldridge,She's Somebody's Daughter (Reimagined),Drew Baldridge,['Country'],2.9393333333333334,2019-07-19,2024-08-24,93,93,3,,,,,,34731.0,1823.0,0.03544522287683982,0.04096345137072355,,,,,
Houdini — Dua Lipa,Houdini,Dua Lipa,['Pop'],3.0986333333333334,2023-11-09,2023-11-25,11,11,23,22100000.0,11764637245.0,9400000.0,5.0,25200000.0,88642488.0,8.0,inf,-0.007889308610964374,0.0,5.9164008194199535,0.07159973067649705,0.0,0.03656205264397361
Stars Like Confetti — Dustin Lynch,Stars Like Confetti,Dustin Lynch,['Country'],3.2377833333333332,2021-07-16,2023-10-14,89,81,6,,,,,,1076294.0,384.0,0.07521902246374612,0.004605507512023266,,,,,
Coal — Dylan Gossett,Coal,Dylan Gossett,['Country'],3.240666666666667,2023-07-27,2024-01-20,89,73,11,,,141800.0,28.0,1200000.0,5192.0,35.0,,,,,,,
New Truck — Dylan Scott,New Truck,Dylan Scott,['Country'],2.906,2021-07-23,2022-06-25,99,61,9,,,,,,355463.0,621.0,0.1289025931315857,0.21934545237956016,,,,,
Curtains — Ed Sheeran,Curtains,Ed Sheeran,['Pop'],3.7467333333333332,2023-05-05,2023-05-20,97,97,1,53200000.0,29809112933.0,,,,43477641.0,2161.0,0.039894031223330906,0.033323918439398525,,,,0.006719754692929847,0.02728610099873574
Weren't For The Wind — Ella Langley,Weren't For The Wind,Ella Langley,['Country'],3.2277833333333334,2024-10-04,2025-02-08,85,18,24,121000.0,53433695.0,912600.0,150.0,13700000.0,642022.0,689.0,0.11596441928884982,0.3633975566500691,0.2461185164607249,0.0,0.47429689751907755,0.5078214768248435,0.670163883442565
Little Things — Ella Mai,Little Things,Ella Mai,['R&B/Soul'],2.8820666666666668,2024-11-03,2025-03-08,89,81,7,3940000.0,2398192920.0,595700.0,71.0,3900000.0,4445305.0,38.0,0.0,-0.004955923012328611,0.018635841597181013,0.0,0.0,0.00907647413224133,0.03563699616364602
Numb Little Bug — Em Beihold,Numb Little Bug,Em Beihold,['Pop'],2.8206333333333333,2022-01-28,2022-02-12,91,18,32,,,395000.0,191.0,8200000.0,74108.0,49.0,0.2258936905798148,0.22752896383904098,0.912425852899923,0.7486754903531345,1.0621922843303544,,
Houdini — Eminem,Houdini,Eminem,['Hip-Hop/Rap'],3.787316666666667,2024-05-31,2024-06-15,2,2,20,59900000.0,29734945627.0,,,,42388463.0,805.0,0.022254439328150966,0.020493895836071196,,,,0.01793350446819275,0.03663505146367374
I Am Woman — Emmy Meli,I Am Woman,Emmy Meli,['Pop'],3.8802166666666666,2021-11-18,2022-01-08,92,74,4,,,287300.0,50.0,4100000.0,13625.0,90.0,,,,,,,
Hands Of Time — Eric Church,Hands Of Time,Eric Church,['Country'],3.5495833333333335,2025-05-02,2025-04-26,94,70,4,890000.0,1288631766.0,242600.0,145.0,1300000.0,1435184.0,730.0,0.06419450136627702,0.018336512952021877,0.09704188526378221,0.22911512808112544,0.28627580192222,0.012059585740309409,0.0
We Didn't Start The Fire — Fall Out Boy,We Didn't Start The Fire,Fall Out Boy,"['Alternative', 'Rock']",3.5921833333333333,2023-03-24,2023-07-15,94,94,1,5700000.0,3475504132.0,323300.0,74.0,1600000.0,3169661.0,1802.0,0.09646887716092678,0.025414966109971182,0.05231470528355153,1.483194605489846,0.7443255934245663,0.0062713634355837655,0.03657581822451572
Watch The World Burn — Falling In Reverse,Watch The World Burn,Falling In Reverse,['Rock'],3.3991333333333333,2023-01-31,2023-02-18,83,83,1,,,,,,991606.0,1018.0,0.01054093278363144,0.025833991676771362,,,,,
Cupid — Fifty Fifty,Cupid,Fifty Fifty,"['K-Pop', 'Pop']",2.9042166666666667,2023-02-24,2023-04-01,100,17,25,104000.0,7262768.0,110600.0,40.0,645200.0,47830.0,180.0,,,,,,0.8261842866634339,1.3111873535714302
Back End — Finesse2Tymes,Back End,Finesse2Tymes,['Hip-Hop/Rap'],2.7579833333333332,2022-07-22,2023-02-04,98,86,5,,,,,,289081.0,12.0,9.280377697409037,3.4237952348725287,,,,,
Never Lose Me — Flo Milli,Never Lose Me,Flo Milli,['Hip-Hop/Rap'],2.0983666666666667,2023-11-30,2023-12-30,84,15,21,544000.0,155208046.0,1400000.0,231.0,21300000.0,1243995.0,481.0,0.16734364934729573,0.02190575816518603,0.0,0.14203051310723858,0.050672244732141714,0.01975183616640397,0.03683459909933351
Your Way's Better — Forrest Frank,Your Way's Better,Forrest Frank,['Christian'],3.3013666666666666,2024-10-24,2025-05-03,72,61,17,845000.0,202380413.0,791600.0,138.0,14600000.0,3219566.0,182.0,0.09953863006968433,0.12253404069046958,0.2502300431940885,0.0,0.17562793329379822,0.1335757807765292,0.2388249557878197
When It Comes To You — Fridayy,When It Comes To You,Fridayy,['R&B/Soul'],2.80125,2023-07-21,2024-01-20,98,97,2,85100.0,15338005.0,,,,349827.0,75.0,0.09657757895280561,0.19461264240399068,,,,0.7310167198051998,1.2551887145188845
TQM — Fuerza Regida,TQM,Fuerza Regida,"['Música Mexicana', 'Latin']",2.6494166666666668,2023-05-19,2023-06-03,35,34,17,2160000.0,2066119437.0,2300000.0,302.0,33000000.0,3177056.0,1554.0,0.09317587080546197,0.4004686604505814,0.0,0.1326012313755509,0.27003376654179956,0.2396105736933718,0.38959108963800837
Back To The Basics — Future,Back To The Basics,Future,['Hip-Hop/Rap'],2.95045,2022-04-29,2022-05-14,58,58,1,,,,,,,,,,,,,,
Went Legit — G Herbo,Went Legit,G Herbo,"['Rap', 'Hip-Hop/Rap']",2.341466666666667,2025-01-11,2025-07-12,95,81,6,1690000.0,1271852373.0,,,,7885538.0,82.0,0.7241329247009487,-0.009844397033931251,,,,0.021197730400746018,0.03654535047274976
Pick Me Up — Gabby Barrett,Pick Me Up,Gabby Barrett,['Country'],2.824,2020-06-19,2022-07-30,100,55,22,,,,,,565910.0,672.0,-0.03700310585983413,0.02796327909055929,,,,,
Tweaker — Gelo,Tweaker,Gelo,['Hip-Hop/Rap'],3.1590666666666665,2025-05-30,2025-01-18,29,29,1,267000.0,48033402.0,,,,3370360.0,244.0,0.059050649289660306,-0.02801450145716311,,,,0.053923913083497865,0.29065755723196585
Cowboy Songs — George Birge,Cowboy Songs,George Birge,['Country'],3.1197833333333334,2024-02-23,2025-01-11,100,100,1,17900.0,9969708.0,336700.0,361.0,2700000.0,124336.0,770.0,0.1227519929991816,0.09954382828414321,0.02341505017626755,0.23539112108421634,0.1348777640018506,0.2267632428083033,0.6691293064559733
Mary On A Cross — Ghost,Mary On A Cross,Ghost,"['Metal', 'Rock']",4.579716666666667,2022-08-26,2022-09-24,90,90,2,,,,,,983122.0,999.0,0.021517009588567504,0.18689179284427926,,,,,
Sailor Song — Gigi Perez,Sailor Song,Gigi Perez,['Pop'],3.532983333333333,2025-04-12,2024-08-31,98,22,39,206000.0,146284205.0,,,,296595.0,332.0,0.07613534892128015,0.22071828753753575,,,,0.36541421245028793,0.6173506644019833
Twenties — Giveon,Twenties,Giveon,['R&B/Soul'],2.8659333333333334,2025-02-07,2025-02-22,55,55,3,3140000.0,1840421129.0,4100000.0,6.0,20600000.0,2973740.0,8.0,-1.1308915523391971,0.11447489977722825,0.17876824515548062,-5.229977954493803,-1.6474832169742881,0.022823311617159447,0.036662775084361776
TGIF — GloRilla,TGIF,GloRilla,['Hip-Hop/Rap'],2.74285,2024-06-11,2024-07-06,47,22,22,1120000.0,608734711.0,2000000.0,160.0,13200000.0,4784803.0,82.0,1.5708796534756209,0.1405134905191785,0.18335823310386967,0.06762288927877336,0.16628100678652835,0.23076056163673364,0.3166964564638164
Home — Good Neighbours,Home,Good Neighbours,['Alternative'],2.6247666666666665,2024-01-17,2024-02-10,77,77,11,,,28800.0,26.0,629500.0,,,,,,,,,
Risk — Gracie Abrams,Risk,Gracie Abrams,['Pop'],3.1927833333333333,2024-04-30,2024-07-06,94,94,1,773000.0,160022654.0,1300000.0,175.0,26100000.0,2528674.0,1235.0,0.03195791255963254,0.09648853409207625,0.0,0.0,0.0,0.04183467476348568,0.1114010928494169
No Se Va — Grupo Frontera,No Se Va,Grupo Frontera,"['Música Mexicana', 'Latin']",3.23365,2022-03-18,2022-10-08,99,57,20,,,,,,,,,,,,,,
Publicity Stunt — Gucci Mane,Publicity Stunt,Gucci Mane,['Hip-Hop/Rap'],3.277633333333333,2022-03-04,2022-03-19,72,72,1,,,,,,,,,,,,,,
gp — Gunna,gp,Gunna,['Hip-Hop/Rap'],1.54,2025-08-07,2025-08-23,87,87,1,3220000.0,2682515806.0,2300000.0,67.0,27700000.0,5540599.0,78.0,0.18819018976525825,0.05813964826506535,0.0,0.10829198452677602,0.13140357246297363,0.033435741211018666,0.07282162810906545
Truck Bed — HARDY,Truck Bed,HARDY,['Rock'],2.79225,2022-10-10,2023-06-24,89,27,41,278000.0,288303662.0,308600.0,47.0,1500000.0,776851.0,751.0,0.05754416036001242,0.3215538979758348,,,,0.2531522190101221,0.1964992314935632
How It's Done — HUNTR/X,How It's Done,HUNTR/X,"['K-Pop', 'Pop']",2.9343166666666667,2025-06-19,2025-07-12,42,42,1,,,,,,,,,,,,,,
Everything She Ain't — Hailey Whitters,Everything She Ain't,Hailey Whitters,['Country'],2.5328833333333334,2022-03-18,2023-05-27,94,94,1,,,,,,41190.0,752.0,0.004752513591577134,0.18541617934169086,,,,,
So Good — Halsey,So Good,Halsey,['Alternative'],2.9343166666666667,2022-06-09,2022-06-25,55,51,16,,,4600000.0,36.0,18900000.0,29846546.0,611.0,0.13105285472883033,0.05679074078979163,0.158882379415215,1.6129582594663017,1.2358138986779732,,
Love Of My Life — Harry Styles,Love Of My Life,Harry Styles,['Pop'],3.193966666666667,2022-05-20,2022-06-04,29,29,2,,,,,,,,,,,,,,
Shut Up My Moms Calling — Hotel Ugly,Shut Up My Moms Calling,Hotel Ugly,"['Neo-Soul', 'R&B/Soul']",2.2588166666666667,2022-09-14,2023-01-14,96,68,8,19300.0,2591351.0,62500.0,47.0,623900.0,,,,,,,,,
Eat Your Young — Hozier,Eat Your Young,Hozier,['Alternative'],4.038216666666667,2023-03-17,2023-04-01,67,67,2,3590000.0,2251751210.0,956400.0,44.0,6200000.0,2026165.0,679.0,0.015815720252221332,0.1561515783261136,0.5955717047172238,0.3409734958764954,0.8439487903773246,0.02997469735863678,0.043564381587590795
House Again — Hudson Westbrook,House Again,Hudson Westbrook,['Country'],3.3715166666666665,2024-10-18,2025-05-03,98,64,17,4950.0,2490291.0,242700.0,340.0,5300000.0,99618.0,89.0,1.1846523845078671,0.5375708965570158,0.7680120120048928,0.34202765826696346,1.010112032973698,1.1538755662739986,1.2102981546614044
Magnetic — ILLIT,Magnetic,ILLIT,"['K-Pop', 'Pop']",2.6781333333333333,2024-03-25,2024-04-20,91,91,1,198000.0,9796330.0,485800.0,85.0,8900000.0,513277.0,144.0,2.5064211965874605,3.6501714921039596,2.4988933115864365,1.5015167690796138,2.008514341661183,1.8350027838830885,0.6516830018321373
In Ha Mood — Ice Spice,In Ha Mood,Ice Spice,['Hip-Hop/Rap'],2.1560333333333332,2023-01-06,2023-02-18,85,58,16,176000.0,16155702.0,2500000.0,58.0,22200000.0,2795351.0,46.0,0.2411520219917529,0.3816347078360982,0.800125284171993,0.18985794995904914,1.0873366929157413,0.5725208898673451,0.9472560831349952
Bones — Imagine Dragons,Bones,Imagine Dragons,['Alternative'],2.7544166666666667,2021-03-11,2022-03-26,93,47,20,,,,,,4939711.0,1559.0,0.02298488626637507,-0.009671778601105796,,,,,
Headlock — Imogen Heap,Headlock,Imogen Heap,['Pop'],3.588983333333333,2005-07-18,2025-01-25,100,82,12,,,,,,,,,,,,,,
Aqui Te Espero — Ivan Cornejo,Aqui Te Espero,Ivan Cornejo,"['Música Mexicana', 'Latin']",4.256216666666667,2023-07-29,2023-08-12,89,89,1,371000.0,231389668.0,2000000.0,102.0,22700000.0,1589381.0,6.0,2.5064211965874605,0.16716632485840321,0.18335823310386967,0.10667458243627248,0.21084340011126024,9.667801806261945,29.642879931701582
Crocodile Tearz — J. Cole,Crocodile Tearz,J. Cole,['Hip-Hop/Rap'],3.8197833333333335,2024-04-05,2024-04-20,19,19,2,7380000.0,3650542831.0,,,,8707637.0,1.0,,,,,,0.04383136239209939,0.03678829316180465
like JENNIE — JENNIE,like JENNIE,JENNIE,"['Pop', 'K-Pop']",2.0586333333333333,2025-03-03,2025-03-22,83,83,3,13500000.0,949455985.0,13900000.0,53.0,169200000.0,86327963.0,1223.0,0.04112733022683113,0.006189236840703494,0.3229734628318992,0.8342545813313729,0.7072291269063502,0.10747719838091196,0.5638482272053436
Okay — JT,Okay,JT,['Hip-Hop/Rap'],3.9493666666666667,2024-06-28,2024-05-11,74,72,6,127000.0,24240580.0,1500000.0,114.0,26500000.0,6944012.0,146.0,-0.7052759183241553,-0.018928844112142684,0.0,-0.4679587951427089,0.06805241290703812,0.2933334962963885,0.7500504980386014
Golden Hour — JVKE,Golden Hour,JVKE,['Pop'],3.4876666666666667,2022-07-15,2022-09-10,71,10,33,,,7100000.0,118.0,87600000.0,266189.0,116.0,6.674562654475125,0.05504365659139143,0.050672244732141714,0.12324079366972107,0.03688935300556473,,
Steve's Lava Chicken — Jack Black,Steve's Lava Chicken,Jack Black,"['Soundtrack', 'Pop']",0.5733333333333334,2025-03-28,2025-05-03,78,78,3,,,18600000.0,70.0,113600000.0,14205814.0,736.0,0.009718651210177676,0.007705400831659048,0.0,0.0,0.0031452971976930755,,
Lovin On Me — Jack Harlow,Lovin On Me,Jack Harlow,['Hip-Hop/Rap'],2.30685,2023-11-10,2023-11-25,2,1,38,2520000.0,1395597338.0,5700000.0,62.0,80900000.0,6764096.0,558.0,0.019254884353769874,-0.0005712464224205682,0.1276459789410822,0.17728890391681684,0.13964166859292693,0.02846179834852247,0.036394794780547635
I Saw Mommy Kissing Santa Claus — Jackson 5,I Saw Mommy Kissing Santa Claus,Jackson 5,['Holiday'],3.0316666666666667,1970-10-01,2024-01-06,43,43,1,,,,,,,,,,,,,,
Don't Come Lookin' — Jackson Dean,Don't Come Lookin',Jackson Dean,['Country'],3.132616666666667,2021-04-30,2022-09-03,90,50,15,,,,,,11413.0,302.0,0.19460055357070072,0.061248345603304166,,,,,
Best Thing Since Backroads — Jake Owen,Best Thing Since Backroads,Jake Owen,['Country'],3.123883333333333,2021-08-06,2022-07-16,96,72,4,,,,,,1171821.0,254.0,,,,,,,
That's What Tequila Does — Jason Aldean,That's What Tequila Does,Jason Aldean,['Country'],3.155116666666667,2021-11-12,2023-01-21,97,77,8,,,,,,3542520.0,1110.0,0.0486034221223397,0.030799316113694353,,,,,
Victoria’s Secret — Jax,Victoria’s Secret,Jax,['Pop'],2.93225,2022-06-30,2022-08-13,83,35,18,,,9700000.0,178.0,154900000.0,533023.0,305.0,0.09497234807456234,0.3159150867573901,0.26786278504649097,0.08120527892474527,0.21891796988766643,,
Infinity — Jaymes Young,Infinity,Jaymes Young,['Alternative'],3.960916666666667,2017-06-23,2022-02-12,94,94,1,,,,,,,,,,,,,,
Need A Favor — Jelly Roll,Need A Favor,Jelly Roll,['Country'],3.29,2023-03-10,2023-04-15,82,13,47,2720000.0,1953032548.0,3900000.0,217.0,24900000.0,1097589.0,629.0,0.03997643116511185,0.06282201123355424,0.09281263859513,0.08328851874137566,0.11669647660494942,0.05292502101088559,0.08163607095514891
Surface Pressure — Jessica Darrow,Surface Pressure,Jessica Darrow,"['Musicals', 'Soundtrack', 'Disney', 'Soundtrack', 'Original Score', 'Children’s Music']",3.37045,2021-11-19,2022-01-08,54,8,19,,,,,,2555.0,71.0,,,,,,,
Blue Strips — Jessie Murph,Blue Strips,Jessie Murph,['Pop'],2.4534833333333332,2025-06-06,2025-04-26,81,15,14,967000.0,513948588.0,11100000.0,1978.0,295400000.0,1579717.0,37.0,1.4099983266381066,0.13303504483452855,0.0649579424079949,0.054597141603074384,0.13436560598176772,0.09359098647423458,0.18622284765261732
"Set Me Free, Pt. 2 — Jimin","Set Me Free, Pt. 2",Jimin,"['K-Pop', 'Pop']",3.3488333333333333,2023-03-17,2023-04-01,30,30,1,,,,,,49134888.0,49.0,0.7274216793310861,0.08907625283953724,,,,,
Down Home — Jimmie Allen,Down Home,Jimmie Allen,['Country'],3.3751166666666665,2022-03-14,2022-10-08,100,61,9,,,166100.0,69.0,144500.0,357933.0,491.0,0.18681175353334467,0.0467426152399808,0.05417750089016238,0.0,0.024804762846986073,,
The Astronaut — JIN,The Astronaut,Jin,"['K-Pop', 'Pop']",4.707716666666666,2022-10-28,2022-11-12,51,51,1,,,,,,40855744.0,81.0,0.3233217804871513,0.0680414381677874,,,,,
Progress — John Rich,Progress,John Rich,"['Country', 'Singer/Songwriter']",3.1146666666666665,2022-07-21,2022-08-06,65,65,1,,,,,,91186.0,735.0,0.03909343120269693,0.1746006318939175,,,,,
Die For You — Joji,Die For You,Joji,['Alternative'],3.5277833333333333,2022-11-04,2022-11-19,53,53,3,2850000.0,939510789.0,,,,6609193.0,242.0,0.07459060861714217,0.05055861039362508,,,,0.1276459789410822,0.13122537780698718
Your Heart Or Mine — Jon Pardi,Your Heart Or Mine,Jon Pardi,['Country'],2.6866666666666665,2022-09-02,2023-05-27,95,47,17,,,236700.0,49.0,1200000.0,779371.0,1727.0,0.039517462514782054,0.03435563483513704,0.07473714863630576,0.3045979895905271,0.0,,
Waffle House — Jonas Brothers,Waffle House,Jonas Brothers,['Pop'],2.4240166666666667,2023-04-28,2023-05-13,88,57,11,5240000.0,1879524124.0,7200000.0,279.0,60700000.0,6843184.0,1066.0,0.13668468203120732,0.020183773336679423,0.04996334171711858,0.36417112005673324,0.12582552784330403,0.006822447918808372,0.028432846705217507
Kehlani — Jordan Adetunji,Kehlani,Jordan Adetunji,['Hip-Hop/Rap'],2.25,2024-06-24,2024-07-06,70,24,21,29700.0,3893658.0,244100.0,416.0,6400000.0,121278.0,86.0,0.08407281214366513,1.4526697306821434,2.961948001514547,0.11345251699910186,3.8873720591046768,3.2589105250886874,3.383316265470526
Next Thing You Know — Jordan Davis,Next Thing You Know,Jordan Davis,['Country'],2.9206333333333334,2022-08-12,2023-02-04,91,23,31,,,239900.0,195.0,1700000.0,309571.0,1163.0,0.04948736734964321,0.05481735449102132,,,,,
Single Again — Josh Ross,Single Again,Josh Ross,['Country'],2.984183333333333,2024-01-12,2025-06-28,97,73,5,28600.0,17751775.0,380400.0,486.0,5200000.0,75640.0,420.0,0.09482906018620785,0.20663972600603042,0.09518751708599282,0.12724465688354059,0.21245186151774842,0.14017212496246767,0.3381265808972911
KTM Drip — Juice WRLD,KTM Drip,Juice WRLD,['Hip-Hop/Rap'],4.000016666666666,2024-11-29,2024-12-14,91,91,1,12100000.0,6945220523.0,5200000.0,1.0,1300000.0,11782686.0,181.0,0.07984363911974768,0.04507263520512339,0.14017212496246767,0.0,0.28627580192222,0.05954290720262545,0.03556237919806193
Stay Alive — Jung Kook,Stay Alive,Jung Kook,"['K-Pop', 'Pop']",3.5154666666666667,2022-02-11,2022-02-26,95,95,1,,,,,,,,,,,,,,
Y Lloro — Junior H,Y Lloro,Junior H,"['Música Mexicana', 'Latin', 'Contemporary Latin']",2.98355,2023-10-05,2023-10-21,97,79,7,1290000.0,2419200490.0,,,,6967542.0,2.0,-4.830484698938042,0.12558168325706998,,,,0.3188206550207573,0.13772034267214295
Walking Away — Justin Bieber,Walking Away,Justin Bieber,['Pop'],4.066883333333333,2025-07-11,2025-07-26,37,37,2,75700000.0,35211787113.0,28700000.0,79.0,127800000.0,294415175.0,8005.0,0.07031117566960177,-0.002211860801804022,0.0,0.04550687187039326,0.00839384278097377,0.009448675603618284,0.035742858869758365
This Is My Dirt — Justin Moore,This Is My Dirt,Justin Moore,['Country'],3.61765,2023-11-17,2024-10-12,98,96,2,563000.0,524440212.0,71900.0,37.0,260600.0,772859.0,615.0,0.029158931244266384,0.002228071057763792,0.07532478903486961,0.30244712272160523,0.11850169532778843,0.012710531351722842,0.03557662750341972
Selfish — Justin Timberlake,Selfish,Justin Timberlake,['Pop'],3.8222,2024-01-25,2024-02-10,19,19,13,10400000.0,7541135892.0,2500000.0,20.0,11100000.0,72139976.0,12.0,-13.008186265852794,0.00042761784710965145,0.1458991669970544,1.5504064148661012,0.1647466555815269,0.0,0.03603060715251516
Gabriela — KATSEYE,Gabriela,KATSEYE,['Pop'],3.2871166666666665,2025-06-26,2025-07-05,94,76,4,2390000.0,1052617902.0,6900000.0,825.0,364200000.0,4034746.0,806.0,0.29109320511189196,0.6577013514008856,0.8131933124110535,0.18678383245678276,0.6592002296412547,0.9580509159024642,0.9778651353202994
Deeper Well — Kacey Musgraves,Deeper Well,Kacey Musgraves,['Country'],3.8688833333333332,2024-02-08,2024-03-30,76,76,1,632000.0,351590435.0,,,,2406685.0,595.0,0.10358052501544535,0.03975656650356818,,,,0.022678384294905207,0.03675631894937137
Area Codes — Kali,Area Codes,Kali,['Hip-Hop/Rap'],2.3221,2022-04-01,2023-05-20,54,33,8,,,464600.0,249.0,8800000.0,443673.0,318.0,0.3795024795103963,0.17037217395488025,0.08797675682845618,0.3626291079241728,0.16628100678652835,,
Moonlight — Kali Uchis,Moonlight,Kali Uchis,['R&B/Soul'],3.1287166666666666,2023-03-03,2023-04-01,92,80,11,1780000.0,877720508.0,2600000.0,52.0,38600000.0,4276040.0,107.0,0.42573204230660355,0.09530424950754401,0.14017212496246767,0.0,0.2295242818995069,0.060724059484340565,0.10104874652991924
Leave You Alone — Kane Brown,Leave You Alone,Kane Brown,['Country'],3.57065,2022-03-04,2022-04-30,86,86,2,,,4600000.0,48.0,22700000.0,3025572.0,220.0,0.09880424830692736,0.035043341197327216,0.0785269116718279,0.23076056163673364,0.17755605083413784,,
I Know — Kanii,I Know,Kanii,['Dance'],2.2304833333333334,2022-02-23,2023-04-15,95,90,2,,,,,,,,,,,,,,
Latina Foreva — Karol G,Latina Foreva,Karol G,['Latin'],2.658716666666667,2025-05-22,2025-06-07,74,66,5,39500000.0,28893526784.0,54500000.0,143.0,477900000.0,70500667.0,3354.0,0.005328247620894899,0.01482524846834199,0.0,-0.024885007868480358,0.00823030235999056,0.009053465527131266,
Woman's World — Katy Perry,Woman's World,Katy Perry,[],,,2024-07-27,63,63,1,,,,,,,,,,,,,,
Folded — Kehlani,Folded,Kehlani,"['Contemporary R&B', 'R&B/Soul']",3.9686666666666666,2025-06-11,2025-06-28,76,42,9,4170000.0,2279105621.0,,,,16110357.0,125.0,0.23649278444717314,0.009901363595576917,,,,0.008575230285923219,0.0
Wild Hearts — Keith Urban,Wild Hearts,Keith Urban,['Country'],3.0488333333333335,2021-08-19,2022-06-11,97,97,1,,,,,,2570707.0,1343.0,0.015992776641393647,0.009395977801096578,,,,,
Christmas Isn't Canceled (Just You) — Kelly Clarkson,Christmas Isn't Canceled (Just You),Kelly Clarkson,['Holiday'],3.85915,2021-10-15,2022-01-01,79,79,2,,,136800.0,34.0,323800.0,5411457.0,1079.0,0.1384489719789661,0.07454477469304166,0.3198195768387091,0.33044949928291434,0.5733788456572464,,
Overseas — Ken Carson,Overseas,Ken Carson,['Hip-Hop/Rap'],2.3505333333333334,2024-04-11,2024-04-27,79,79,1,364000.0,130179577.0,,,,1566115.0,1.0,inf,0.12335980505195909,,,,0.15040565828821073,0.23250381137394083
The Heart Part 5 — Kendrick Lamar,The Heart Part 5,Kendrick Lamar,['Hip-Hop/Rap'],5.53715,2022-05-08,2022-05-21,15,15,2,,,,,,,,,,,,,,
Take Her Home — Kenny Chesney,Take Her Home,Kenny Chesney,['Country'],3.058,2023-11-10,2024-05-18,99,71,6,1270000.0,1431390434.0,40100.0,0.0,0.0,1810905.0,840.0,0.03418245164097389,0.02215349209133688,0.12699748172280145,,,0.0,0.035718128380701764
Strangers — Kenya Grace,Strangers,Kenya Grace,['Dance'],2.88275,2023-09-01,2023-09-30,88,42,21,1090.0,18503.0,347700.0,70.0,5300000.0,,,,,1.1348779139018994,0.2650218928951009,1.2917505125623396,,
Holiday Road — Kesha,Holiday Road,Kesha,[],,,2025-01-04,88,88,1,,,,,,,,,,,,,,
Proud — Key Glock,Proud,Key Glock,['Hip-Hop/Rap'],3.0673333333333335,2022-01-18,2022-02-05,73,73,1,,,,,,2640039.0,0.0,-100.0,0.009010546755172655,,,,,
War — King Von,War,King Von,['Hip-Hop/Rap'],2.6688833333333335,2022-03-02,2022-03-19,73,73,1,,,269900.0,14.0,1300000.0,3356281.0,205.0,0.08822679907216635,0.029531504726909574,0.00397201097444011,0.0,0.0,,
I Wish — Kodak Black,I Wish,Kodak Black,['Hip-Hop/Rap'],2.7626666666666666,2022-02-21,2022-03-12,90,90,1,,,618200.0,22.0,2000000.0,11636809.0,163.0,0.6753970967250611,0.06960521971692835,0.4596761612521538,1.3772270584363255,1.5504064148661012,,
Sweet Dreams — Koe Wetzel,Sweet Dreams,Koe Wetzel,['Country'],2.8878166666666667,2024-05-17,2024-06-01,47,35,13,248000.0,181127904.0,1000000.0,307.0,20200000.0,892463.0,547.0,0.04600937701011443,0.025223111417238542,0.08130799104977271,0.40696744830091003,0.3338845131376944,0.13210573368427347,0.1503763711916628
Crazy — LE SSERAFIM,Crazy,LE SSERAFIM,"['K-Pop', 'Pop']",3.4230833333333335,2024-09-02,2024-09-14,76,76,2,5440000.0,3201156647.0,10400000.0,589.0,574800000.0,8911169.0,1085.0,0.31334009886285763,0.033715668011491395,0.034512778974393754,0.0,0.20083160139050538,0.046264814390784004,0.07531074245821223
Rockstar — LISA,Rockstar,LISA,"['Pop', 'K-Pop']",2.30355,2024-06-27,2024-07-13,70,70,1,11700000.0,596014886.0,,,,,,,,,,,0.0,0.01814861654121369
Hometown Home — LOCASH,Hometown Home,LOCASH,['Country'],3.4718333333333335,2024-04-19,2025-04-12,91,91,2,85100.0,56774462.0,67900.0,214.0,255400.0,260629.0,3568.0,0.027132400127150014,0.01103493981409187,0.005263851458292557,0.1535679231087661,0.011205118709156636,0.004199299200280393,0.035544648280727564
Never Felt So Alone — Labrinth,Never Felt So Alone,Labrinth,"['Pop', 'Alternative', 'Indie Rock']",2.6694333333333335,2023-04-07,2023-04-22,94,62,5,2720000.0,1668848819.0,1400000.0,108.0,11800000.0,1216889.0,9.0,-12.734571277071382,0.048649719608606645,0.2650218928951009,0.1348777640018506,0.21864733955825333,0.039617440972339324,0.04662947268001538
Zombieboy — Lady Gaga,Zombieboy,Lady Gaga,['Pop'],3.555616666666667,2025-03-07,2025-03-22,85,85,1,27100000.0,19899129607.0,13800000.0,99.0,96900000.0,58791117.0,3785.0,0.015130332392243595,0.05300075814480554,0.5607415194686105,0.4625368843082178,1.1118216678358328,0.09350696815102477,0.07193488731058739
Heart Like A Truck — Lainey Wilson,Heart Like A Truck,Lainey Wilson,['Country'],3.31355,2022-08-12,2022-11-26,86,29,23,,,439500.0,576.0,3900000.0,170144.0,2710.0,0.035767335872893824,0.1756370099194493,,,,,
"Henry, Come On — Lana Del Rey","Henry, Come On",Lana Del Rey,['Alternative'],5.1878166666666665,2025-04-11,2025-04-26,90,90,1,17100000.0,9509556646.0,5800000.0,2.0,2700000.0,,,,,0.06213266117438554,-1.4376552804949871,0.1348777640018506,0.04202611985597571,0.03669459324011637
Big Mama — Latto,Big Mama,Latto,"['Rap', 'Hip-Hop/Rap']",2.9,2024-06-28,2024-08-24,92,92,1,2040000.0,969757455.0,7500000.0,479.0,170000000.0,12271750.0,91.0,0.6453814050621842,0.028948403079964713,0.04795085107589525,-0.19565146634851205,0.07862035693968483,0.05292502101088559,0.07297688070715402
Santa Baby — Laufey,Santa Baby,Laufey,['Jazz'],3.034,2024-11-01,2025-01-04,89,89,1,1860000.0,443802186.0,6700000.0,1321.0,265600000.0,4991239.0,838.0,0.055853857273291396,0.157038667915943,0.10829198452677602,0.0,0.10651142280297954,0.11717510652997642,0.19068950424161457
Fingers Crossed — Lauren Spencer-Smith,Fingers Crossed,Lauren Spencer-Smith,['Pop'],2.922416666666667,2022-01-15,2022-01-15,69,19,19,,,2800000.0,812.0,63700000.0,348228.0,388.0,0.14090961293047322,0.39185486527888447,0.552056388366462,0.1254047082105192,0.7761890295640006,,
Tell Ur Girlfriend — Lay Bankz,Tell Ur Girlfriend,Lay Bankz,"['Hip-Hop/Rap', 'Pop']",2.2111833333333335,2024-08-27,2024-04-27,58,58,6,1140000.0,495569569.0,3900000.0,1064.0,137000000.0,1079398.0,47.0,1.058417527210942,-0.007383775058300568,0.0,0.0,0.03405708020465248,0.0,-0.26113792919133516
Soul — Lee Brice,Soul,Lee Brice,['Country'],2.7946666666666666,2020-11-20,2022-09-03,99,83,6,,,,,,975864.0,1203.0,0.11469912195456455,0.03595730189904778,,,,,
Mutt — Leon Thomas,Mutt,Leon Thomas,['R&B/Soul'],3.2222166666666667,2024-08-08,2025-02-08,100,12,28,121000.0,11055185.0,950000.0,41.0,7700000.0,1557299.0,118.0,0.21864733955825333,0.0008761702450010844,-0.00638506215948631,0.0,0.0,0.02964297414258521,0.11299932941133406
Forget Me — Lewis Capaldi,Forget Me,Lewis Capaldi,['Alternative'],3.3912,2022-09-09,2022-10-15,97,58,14,6100000.0,2471748965.0,3400000.0,49.0,18200000.0,5494257.0,5.0,-11.796080757452486,-0.019237159168294937,,,,,
People — Libianca,People,Libianca,"['Afrobeats', 'African', 'Dance']",1.0545666666666667,2023-03-24,2023-05-13,91,80,8,330000.0,62784903.0,,,,323167.0,116.0,0.3564546544562397,0.8494128016744096,,,,2.333236182114229,3.3439104571125977
Stiff Gang — Lil Baby,Stiff Gang,Lil Baby,['Hip-Hop/Rap'],2.8577833333333333,2025-01-03,2025-01-18,86,86,1,9600000.0,9615447468.0,4900000.0,28.0,23400000.0,23184954.0,7.0,-7.650368407296659,-0.0010285309708812918,0.0,0.552056388366462,0.046094208816716,0.022393982126445167,0.0
Grow Up/Keep It On Speaker — Lil Durk,Grow Up/Keep It On Speaker,Lil Durk,['Hip-Hop/Rap'],3.27235,2022-03-11,2022-03-26,65,65,1,,,1600000.0,11.0,2300000.0,12859944.0,684.0,0.0792237136131968,0.08827404603639621,0.23076056163673364,2.8559409244393485,4.039922101083593,,
Mathematical Disrespect — Lil Mabu,Mathematical Disrespect,Lil Mabu,['Hip-Hop/Rap'],1.4717333333333333,2023-05-05,2023-05-20,90,47,4,747000.0,236384972.0,,,,654001.0,55.0,0.06555411542528145,0.24617283416064062,,,,0.4269452358241832,0.47656489920226974
J Christ — Lil Nas X,J Christ,Lil Nas X,['Pop'],2.5627833333333334,2024-01-12,2024-01-27,69,69,1,19200000.0,6578527359.0,29100000.0,962.0,1100000000.0,11450692.0,54.0,-4.447036927706938,-0.05144549569979784,0.024633673087715025,0.13244793883866457,0.3409734958764954,0.0,0.0
Rocking A Cardigan In Atlanta — Lil Shordie Scott,Rocking A Cardigan In Atlanta,Lil Shordie Scott,"['Hip-Hop/Rap', 'Rap']",1.6137666666666666,2022-01-29,2022-03-12,100,77,3,,,,,,,,,,,,,,
Dark Thoughts — Lil Tecca,Dark Thoughts,Lil Tecca,['Hip-Hop/Rap'],2.283183333333333,2025-03-14,2025-03-29,45,28,17,2810000.0,1024383286.0,2900000.0,5.0,40100000.0,5378552.0,18.0,0.4215396883245903,0.0016305374125336058,0.0,0.0,0.0,0.03834147576236013,0.08432110805582926
Beat The Odds — Lil Tjay,Beat The Odds,Lil Tjay,"['Hip-Hop/Rap', 'Pop']",2.5,2022-08-26,2022-09-10,36,36,4,,,5100000.0,306.0,83200000.0,7485403.0,5.0,0.0,0.025918841508620893,0.07074868399850054,0.011691131020064027,0.051899536590438444,,
Just Wanna Rock — Lil Uzi Vert,Just Wanna Rock,Lil Uzi Vert,"['House', 'Dance', 'Electronic', 'Bass']",1.59475,2023-07-21,2022-10-29,86,10,32,9400000.0,4636711142.0,2300000.0,18.0,20000000.0,,,,,0.0,0.20434569410434644,0.1458991669970544,0.04589675247299585,0.07212007526773423
Welcome To Tha Carter — Lil Wayne,Welcome To Tha Carter,Lil Wayne,[],,,2025-06-21,62,62,1,,,,,,,,,,,,,,
The Black Seminole. — Lil Yachty,The Black Seminole.,Lil Yachty,['Alternative'],6.8652,2023-01-27,2023-02-11,80,80,1,2790000.0,1018950231.0,7900000.0,208.0,183900000.0,10549334.0,3.0,-4.20876795380194,0.007604321649701262,,,,0.012824637038866271,0.024883702534950203
Lost — Linkin Park,Lost,Linkin Park,['Alternative'],3.3223666666666665,2023-02-10,2023-02-25,38,38,2,,,491900.0,5.0,1100000.0,5947427.0,1612.0,0.026689328248696853,0.0408145302624785,,,,,
Hell Yeah — Little Big Town,Hell Yeah,Little Big Town,['Country'],2.9306666666666668,2022-04-11,2022-10-01,91,91,1,,,261100.0,13.0,297600.0,1189541.0,2094.0,0.005120459669094579,0.001441433323168262,0.02608737083062973,0.0,0.04347564656472791,,
About Damn Time — Lizzo,About Damn Time,Lizzo,['Pop'],3.1989666666666667,2022-04-14,2022-04-30,50,1,42,,,21700000.0,1199.0,835900000.0,12100614.0,2600.0,0.0470224050469259,0.026054056873325848,0.06646918037209737,0.1741041170008062,0.08258666207148213,,
Ceilings — Lizzy McAlpine,Ceilings,Lizzy McAlpine,['Alternative'],3.0481333333333334,2020-09-01,2023-03-04,75,54,13,,,228600.0,47.0,3000000.0,105326.0,241.0,0.3588633449118861,0.6089023826095996,0.5436882041261581,2.28014893682833,0.5123826546961308,,
Messy — Lola Young,Messy,Lola Young,['Alternative'],4.73445,2024-05-29,2024-12-14,90,14,32,78200.0,17520322.0,514000.0,112.0,8400000.0,475370.0,121.0,-0.22838829174822717,0.024269367760343385,-0.0048603861777740676,0.2650218928951009,0.04278125945276212,0.14933115242692363,0.15247180868163124
Ribs — Lorde,Ribs,Lorde,['Alternative'],4.31615,2013-09-27,2025-05-10,99,99,2,,,,,,,,,,,,,,
Over — Lucky Daye,Over,Lucky Daye,['R&B/Soul'],2.83915,2021-09-22,2022-04-02,92,77,7,,,,,,376609.0,7.0,-11.833353078244935,0.12101639388890639,,,,,
But I Got A Beer In My Hand — Luke Bryan,But I Got A Beer In My Hand,Luke Bryan,[],,,2023-08-05,92,91,8,,,,,,,,,,,,,,
Ain't No Love In Oklahoma — Luke Combs,Ain't No Love In Oklahoma,Luke Combs,"['Country', 'Pop']",3.515833333333333,2024-05-18,2024-06-01,23,13,27,3430000.0,4421106871.0,5400000.0,224.0,52100000.0,6458612.0,1417.0,0.0380149813495656,0.07427622610953755,0.0,0.09701484708117825,0.09028571222962078,0.031379313547375,0.07200965088933753
Heart To Heart — Mac DeMarco,Heart To Heart,Mac DeMarco,['Alternative'],3.519,2019-05-10,2023-01-28,98,83,4,,,,,,,,,,,,,,
Funny Papers — Mac Miller,Funny Papers,Mac Miller,['Hip-Hop/Rap'],4.399016666666666,2025-01-17,2025-02-01,77,77,1,4660000.0,4217669764.0,,,,12938901.0,23.0,0.0,0.0011246993044000675,,,,0.023069017772359146,0.035608323575009315
Cliche — mgk,Cliche,Machine Gun Kelly,"['Singer/Songwriter', 'Contemporary Singer/Songwriter', 'Rock', 'Adult Alternative']",6.247116666666667,2012-09-07,2025-06-07,62,62,4,,,,,,,,,,,,,,
Chest Pain (I Love) — Malcolm Todd,Chest Pain (I Love),Malcolm Todd,['Alternative'],3.3471166666666665,2024-12-04,2025-04-19,68,68,3,58900.0,19499727.0,334700.0,331.0,15500000.0,113261.0,1.0,-8.994664332947789,0.25095212388561716,0.30317121207776854,1.5698459089311667,0.2384673625460465,0.16772741161252824,0.33001175027811414
La Bachata — Manuel Turizo,La Bachata,Manuel Turizo,"['Urbano latino', 'Latin']",2.7106333333333335,2022-05-26,2022-09-03,100,67,21,,,2600000.0,76.0,7400000.0,12057874.0,975.0,0.055387427945663426,0.020573332462525684,0.14017212496246767,-0.22729776646951416,0.0,,
Circles Around This Town — Maren Morris,Circles Around This Town,Maren Morris,['Country'],3.2627166666666665,2022-01-16,2022-01-22,63,52,25,,,,,,1589561.0,226.0,0.09614423510933001,0.0006673647201083099,,,,,
Type Dangerous — Mariah Carey,Type Dangerous,Mariah Carey,"['Pop', 'R&B/Soul']",2.9298,2025-06-06,2025-06-21,95,95,1,12000000.0,10162067708.0,11100000.0,160.0,103700000.0,14249463.0,2966.0,0.018109310090963504,0.010817607291890852,0.0,0.20697811322945014,0.020726162617235033,0.0,0.03596625261790276
Burning Blue — Mariah The Scientist,Burning Blue,Mariah the Scientist,['R&B/Soul'],3.4338,2025-04-25,2025-05-17,25,25,11,345000.0,283158755.0,446000.0,12.0,1800000.0,2903301.0,90.0,0.0,0.03141245431363959,0.46289752872330503,0.6532729973136364,1.16900290953581,0.11579350345054529,0.1682513594368995
Run Rudolph Run — Mark Ambor,Run Rudolph Run,Mark Ambor,[],,,2025-01-04,78,78,1,,,,,,,,,,,,,,
Good Morning Gorgeous — Mary J. Blige,Good Morning Gorgeous,Mary J. Blige,['R&B/Soul'],2.9088333333333334,2021-12-03,2022-02-26,83,83,3,,,,,,5352341.0,465.0,0.046393599670269126,0.03546536113492316,,,,,
A Lot More Free — Max McNown,A Lot More Free,Max McNown,['Country'],3.3153333333333332,2024-02-21,2025-08-16,97,97,1,10500.0,2146796.0,754200.0,273.0,11600000.0,64928.0,158.0,1.0787090554065237,1.1310266105978073,0.011858833964240034,0.7251164137914268,0.06213266117438554,0.3355170673244867,1.3933411761833936
No Caller ID — Megan Moroney,No Caller ID,Megan Moroney,['Country'],3.4793166666666666,2024-01-19,2024-02-03,58,58,2,87900.0,49849380.0,937500.0,333.0,20400000.0,865303.0,569.0,0.04421900312234772,0.16464010476378022,0.26270151809157927,0.25593478569145844,0.4679995272697468,0.1664748129268201,0.2823532787729288
Where Them Girls At — Megan Thee Stallion,Where Them Girls At,Megan Thee Stallion,"['Hip-Hop/Rap', 'Rap']",3.1951833333333335,2024-06-28,2024-07-13,77,77,1,6170000.0,2836656299.0,13700000.0,134.0,139600000.0,31769764.0,369.0,0.46555581730509665,-0.008287342847557166,0.026167852085512422,-0.718926938038067,0.012815433245338959,0.017409000041435085,0.036410534662212335
Made You Look — Meghan Trainor,Made You Look,Meghan Trainor,['Pop'],2.2376,2022-10-13,2022-11-05,95,11,21,12400000.0,7391081932.0,12300000.0,363.0,182600000.0,14972130.0,1411.0,0.025404674711793085,0.04747211125455397,,,,0.0,0.016431266353111873
Void — Melanie Martinez,Void,Melanie Martinez,['Alternative'],4.131233333333333,2023-03-10,2023-04-15,61,61,1,14200000.0,4094297571.0,7000000.0,8.0,48700000.0,13052621.0,11.0,-8.58977503942423,0.13298636123786345,0.4343723056246418,-3.042046024205225,0.7688495539682982,0.02524306846607427,0.03552968376119292
Master Of Puppets — Metallica,Master Of Puppets,Metallica,['Soundtrack'],8.574666666666667,1986-03-03,2022-07-16,40,35,3,,,,,,,,,,,,,,
Holly Jolly Christmas — Michael Buble,Holly Jolly Christmas,Michael Buble,"['Holiday', 'Christmas']",2.02545,2011-10-14,2025-01-04,37,37,1,,,,,,,,,,,,,,
Scared To Start — Michael Marcagi,Scared To Start,Michael Marcagi,['Alternative'],2.6606,2024-01-12,2024-02-17,98,54,23,,,144100.0,29.0,1000000.0,,,,,3.1056801288202873,0.8312991682788207,3.716138563040583,,
Flowers — Miley Cyrus,Flowers,Miley Cyrus,['Pop'],3.3433333333333333,2023-01-12,2023-01-28,1,1,55,16400000.0,6508413132.0,15000000.0,179.0,144900000.0,193042328.0,1208.0,0.059642345307109323,0.05681829148453943,0.22122793338801294,0.3570267941831462,0.325427577421844,0.021846053822272005,0.026792522689578213
If I Was A Cowboy — Miranda Lambert,If I Was A Cowboy,Miranda Lambert,['Country'],3.2502166666666668,2021-10-15,2022-02-12,82,53,20,,,,,,4264881.0,1035.0,0.027716325159943267,0.009827528315753398,,,,,
Truth About You — Mitchell Tenpenny,Truth About You,Mitchell Tenpenny,['Country'],3.38395,2021-07-09,2022-07-30,85,54,13,,,,,,271605.0,2757.0,0.019486008638702756,0.05864214513220389,,,,,
My Love Mine All Mine — Mitski,My Love Mine All Mine,Mitski,['Alternative'],2.2962166666666666,2023-09-15,2023-10-07,76,26,20,1670000.0,536493174.0,726900.0,14.0,3900000.0,,,,,0.28139301386937987,2.018734106340414,0.49120648830105473,0.06476162054718237,0.08693336685585695
See Wat I'm Sayin — Moneybagg Yo,See Wat I'm Sayin,Moneybagg Yo,['Hip-Hop/Rap'],2.445533333333333,2022-05-27,2022-06-11,59,59,3,,,,,,8161376.0,75.0,0.8606491483486689,0.03850426040674648,,,,,
Dark Til Daylight — Morgan Wallen,Dark Til Daylight,Morgan Wallen,[],,,2025-05-31,50,49,8,,,,,,,,,,,,,,
Made For Me — Muni Long,Made For Me,Muni Long,['R&B/Soul'],3.1333333333333333,2023-09-15,2024-01-27,93,20,22,540000.0,238641907.0,1200000.0,873.0,22300000.0,796045.0,480.0,-0.9155862406909021,0.006970034126019264,0.0,0.020515822704436637,0.01605267968989299,0.03322835033052751,0.10222997861317751
LaLa — Myke Towers,LaLa,Myke Towers,"['Latin', 'Urbano latino']",3.2986666666666666,2023-03-23,2023-07-22,90,43,20,9760000.0,6917677788.0,,,,10108958.0,9.0,-3.2954401413955114,0.08165795240313578,,,,0.0220256928555429,0.05782732435788418
Nice To Meet You — Myles Smith,Nice To Meet You,Myles Smith,['Singer/Songwriter'],2.933333333333333,2024-11-08,2025-06-14,100,82,10,165000.0,150569683.0,1500000.0,598.0,32500000.0,1415679.0,99.0,0.5460159546377019,0.09490605680184672,0.24670693441353198,0.0,0.26248018102845716,0.3171648964811258,0.5305291213898888
Happy — NF,Happy,NF,"['Hip-Hop/Rap', 'Pop']",4.04485,2023-03-25,2023-04-22,54,54,6,9070000.0,4054382276.0,,,,3200221.0,426.0,0.02524306846607427,0.07905096237803555,,,,0.06358457301152143,0.07070619235143294
Shotta Flow 6 — NLE Choppa,Shotta Flow 6,NLE Choppa,['Hip-Hop/Rap'],3.2024666666666666,2022-01-28,2022-02-12,86,86,1,,,10500000.0,350.0,153600000.0,4480832.0,19.0,0.6156382276915284,0.10199917756570365,0.0687070279293378,0.051401554116825565,0.0728434341119577,,
Dah Dah DahDah — Nardo Wick,Dah Dah DahDah,Nardo Wick,['Hip-Hop/Rap'],2.5296,2022-07-22,2022-08-13,89,48,11,,,,,,1505747.0,85.0,0.4480118103657116,0.28796743934667024,,,,,
Wreckage — Nate Smith,Wreckage,Nate Smith,['Country'],3.54575,2023-04-17,2023-05-13,69,69,3,93800.0,55428621.0,1500000.0,1800.0,18100000.0,134027.0,676.0,0.09643269759009865,0.08311982710866861,0.0,0.04593953372173942,0.07984363911974768,0.11222311888725578,0.2889344506557645
Loco — Neton Vega,Loco,Neton Vega,"['Urbano latino', 'Latin']",3.1087,2024-12-20,2025-01-11,50,43,20,143000.0,84730925.0,,,,,,,,,,,0.48162357063368244,0.7645972919360089
OMG — NewJeans,OMG,NewJeans,"['Dance', 'Hip-Hop/Rap', 'Hip-Hop']",2.5133666666666667,2023-02-10,2023-01-28,91,74,6,2590000.0,670193002.0,5200000.0,146.0,133500000.0,5186716.0,313.0,0.46332753258480075,0.9575094212914692,0.852440082077055,0.4710213981999445,1.0156560556179528,0.8385609704388397,1.2506269188475194
Heaven — Niall Horan,Heaven,Niall Horan,['Pop'],3.1007166666666666,2023-10-26,2023-03-04,63,62,7,4620000.0,1015625747.0,6000000.0,203.0,122800000.0,32774756.0,1464.0,0.031860222995105936,0.007336937863477999,0.060043441420387644,0.14369750491434186,0.0645841731016672,0.0,0.0
Bahm Bahm — Nicki Minaj,Bahm Bahm,Nicki Minaj,['Hip-Hop/Rap'],2.36145,2023-10-13,2023-12-23,95,95,1,26200000.0,10488230906.0,19100000.0,221.0,124900000.0,227478833.0,6546.0,0.00600671254862295,0.015117994563262904,0.09478329933896301,0.2340016011478152,0.25511184934829956,0.013658419957263135,0.00554329576443191
Something In The Way — Nirvana,Something In The Way,Nirvana,"['Alternative', 'Grunge', 'Rock', 'Adult Alternative', 'College Rock']",3.8697166666666667,1991-09-24,2022-03-26,46,46,1,,,,,,,,,,,,,,
Stick Season — Noah Kahan,Stick Season,Noah Kahan,['Alternative'],3.0391166666666667,2022-07-08,2023-10-14,80,9,52,,,300100.0,121.0,4200000.0,127490.0,627.0,0.30968030691886916,0.048465977297018625,0.028680842255135452,0.3409734958764954,0.08609972876540972,,
Keep Up — Odetari,Keep Up,Odetari,['Dance'],2.22045,2024-07-17,2024-10-12,96,96,1,2660000.0,805442959.0,2200000.0,84.0,27500000.0,553362.0,12.0,-0.28545860301727455,0.05472336503780095,0.0,2.8734767075750733,0.13237779815939987,0.09528911083207525,0.28191559318939685
54321 — Offset,54321,Offset,['Hip-Hop/Rap'],3.0387666666666666,2022-08-19,2022-09-03,88,88,1,,,1300000.0,10.0,1700000.0,19873375.0,10.0,5.9164008194199535,-0.009978816836897497,,,,,
Memory Lane — Old Dominion,Memory Lane,Old Dominion,['Country'],2.8746666666666667,2023-01-05,2023-04-08,100,27,20,407000.0,503989985.0,282300.0,383.0,1500000.0,971313.0,3227.0,0.026664420191857552,9.560093405802661e-05,,,,0.008786192537790782,0.03697812416441071
Aint Gotta Dollar — Oliver Anthony Music,Aint Gotta Dollar,Oliver Anthony Music,"['Country', 'Folk']",2.0768,2022-09-10,2023-08-26,82,82,2,,,,,,,,,,,,,,
Vampire — Olivia Rodrigo,Vampire,Olivia Rodrigo,['Pop'],3.6620666666666666,2023-06-30,2023-07-15,1,1,35,10500000.0,3235044442.0,15700000.0,20.0,100100000.0,32129644.0,223.0,0.13056281388457158,0.050602624426088205,0.04579865734499755,0.800125284171993,0.20581812898434748,0.0687070279293378,0.06478923501271883
Evergreen — Omar Apollo,Evergreen,Omar Apollo,['Pop'],3.6113333333333335,2022-04-08,2022-10-01,62,51,7,,,112100.0,25.0,2800000.0,352899.0,142.0,0.45644325855367374,0.24692868714437655,,,,,
I Ain't Worried — OneRepublic,I Ain't Worried,OneRepublic,['Pop'],2.89075,2023-05-12,2022-06-25,76,6,30,10300000.0,7553467912.0,783700.0,126.0,5600000.0,2581662.0,1749.0,0.024591268790818965,-0.02295124570278473,0.008212619104064345,0.08609972876540972,0.06437251558319979,0.0,0.03191776184543471
Crazy Train — Ozzy Osbourne,Crazy Train,Ozzy Osbourne,"['Metal', 'Rock', 'Hair Metal', 'Hard Rock', 'Arena Rock']",4.8785,1980-09-20,2025-08-02,46,39,2,,,,,,,,,,,,,,
Trustfall — P!nk,Trustfall,P!nk,['Pop'],3.9532166666666666,2023-01-27,2023-03-04,94,82,4,11800000.0,7571527724.0,3500000.0,36.0,15800000.0,9179158.0,1731.0,,,,,,0.03039994008804392,0.02910760965104675
Deeper — PARTYNEXTDOOR,Deeper,PARTYNEXTDOOR,['R&B/Soul'],2.8723,2025-02-14,2025-03-01,31,31,3,1890000.0,1343566514.0,1500000.0,100.0,18600000.0,5799709.0,76.0,0.19328377155871657,0.14281748916149528,0.24670693441353198,0.22122793338801294,0.6301581461475969,0.057160406574996436,0.10996595970622636
Burn It Down — Parker McCollum,Burn It Down,Parker McCollum,['Country'],3.8978166666666665,2023-05-12,2023-11-04,77,42,25,181000.0,177881814.0,627100.0,106.0,4100000.0,960260.0,1276.0,0.03940926628165364,0.07002887650919831,0.05048502863329585,0.13747398335020033,0.08822679907216635,0.10009662121890361,0.1303807539811741
Girl In Mine — Parmalee,Girl In Mine,Parmalee,['Country'],2.5853333333333333,2021-07-30,2023-07-01,97,81,9,,,,,,114409.0,182.0,0.16066960646055062,0.02990970294105555,,,,,
Lil Boo Thang — Paul Russell,Lil Boo Thang,Paul Russell,"['Pop', 'Hip-Hop/Rap']",1.9039,2023-08-18,2023-09-30,99,14,21,553.0,4081.0,412300.0,181.0,6900000.0,259878.0,83.0,0.13156494627848403,1.306922988189707,0.45190044627529957,0.03969082267007984,0.325427577421844,0.2965459192551201,1.6794278806607776
Bye — Peso Pluma,Bye,Peso Pluma,"['Música Mexicana', 'Latin']",3.5496,2023-06-23,2023-06-10,53,48,9,2570000.0,759828533.0,4200000.0,18.0,18800000.0,9467057.0,27.0,0.2752389499922403,0.4943609185544373,0.552056388366462,1.4586252839117853,1.0327322194082722,1.1228071250073413,1.1894189491899132
Double Life — Pharrell Williams,Double Life,Pharrell Williams,"['Pop', 'Soundtrack']",3.1797,2024-06-14,2024-08-24,89,89,1,4240000.0,2418908942.0,1200000.0,34.0,9200000.0,15186134.0,9.0,0.0,-0.004585487067731986,0.0,0.21675107273617655,0.11847086176615118,0.016887644359098175,0.036259630980683966
So Far So Fake — Pierce the Veil,So Far So Fake,Pierce the Veil,"['Alternative', 'Rock']",3.9361,2023-02-10,2025-08-16,88,73,2,1520000.0,428050470.0,,,,1827382.0,966.0,0.033435741211018666,0.03986071928463453,,,,0.02357665039600665,0.06487674775361718
Illegal — PinkPantheress,Illegal,PinkPantheress,['Pop'],2.49445,2025-05-09,2025-07-19,96,96,1,,,3600000.0,95.0,40800000.0,2445780.0,23.0,0.325427577421844,0.15117199347207677,0.31123826145653677,0.5710088508025901,0.31123826145653677,,
All Red — Playboi Carti,All Red,Playboi Carti,['Hip-Hop/Rap'],2.46755,2024-09-13,2024-09-28,15,15,4,3870000.0,1733090892.0,,,,12363574.0,2.0,2.5064211965874605,0.06185029966812028,,,,0.09354195744537552,0.03646845764799789
Barely Holdin' On — Polo G,Barely Holdin' On,Polo G,"['Rap', 'Hip-Hop/Rap']",2.89785,2023-08-20,2023-09-02,68,68,1,5710000.0,3359298663.0,4500000.0,103.0,31200000.0,10813650.0,11.0,0.7192553600736007,0.012236736376625146,0.08029241658833453,0.17787769200867665,0.057714649292139875,0.025109958909186325,0.036236446123405486
Wrapped Around Your Finger — Post Malone,Wrapped Around Your Finger,Post Malone,['Hip-Hop/Rap'],3.2260833333333334,2022-06-03,2022-06-18,47,47,2,,,10800000.0,76.0,55200000.0,22249273.0,1032.0,0.034781673414152614,0.009916172465151973,0.20434569410434644,0.9699968733631659,0.4780367983577394,,
Brambleton — Pusha T,Brambleton,Pusha T,['Hip-Hop/Rap'],2.848516666666667,2022-04-22,2022-05-07,100,100,1,,,76100.0,7.0,185800.0,2771225.0,44.0,2.3438149082768645,0.08665136276968521,,,,,
Toxic Till The End — ROSE,Toxic Till The End,ROSE,['Pop'],2.6114333333333333,2024-11-27,2024-12-21,90,90,1,13000000.0,1365394128.0,47000000.0,83.0,561300000.0,81238784.0,1073.0,0.04017451071267608,0.024763046648490494,0.06907617413487444,1.1059521580566,0.1748805647380003,0.800125284171993,2.356540056974965
Dejame Entrar — Rauw Alejandro,Dejame Entrar,Rauw Alejandro,"['Urbano latino', 'Latin', 'African', 'Afro-Beat']",4.2451,2024-07-18,2024-11-30,96,96,1,13700000.0,13505388349.0,16000000.0,55.0,131800000.0,19314865.0,7.0,1.2089358209952383,0.010596011960806173,0.0,-0.8066338201301093,0.03267106878179771,0.0,0.03676391180122973
Love Me Not — Ravyn Lenae,Love Me Not,Ravyn Lenae,['R&B/Soul'],3.5577833333333335,2024-05-03,2025-04-12,81,5,20,83200.0,26846292.0,,,,168900.0,45.0,0.7015370983515901,0.029432523202665983,,,,0.02152998093034597,0.07287676420755229
Help Me — Real Boston Richey,Help Me,Real Boston Richey,['Hip-Hop/Rap'],3.019433333333333,2024-05-31,2024-08-03,93,47,29,311000.0,302449965.0,149600.0,100.0,2600000.0,648589.0,27.0,0.7340899425784198,-0.0011121253074009019,0.004777945717537868,0.0,0.0,0.057901793144776725,0.07577305450521266
Black Summer — Red Hot Chili Peppers,Black Summer,Red Hot Chili Peppers,['Alternative'],3.8735333333333335,2022-02-04,2022-02-19,78,78,1,,,,,,4134882.0,1472.0,0.012152599603698633,0.05360124407873812,,,,,
One Call — Rich Amiri,One Call,Rich Amiri,['Hip-Hop/Rap'],2.0233166666666667,2023-09-15,2024-02-10,79,60,10,33700.0,7106964.0,130800.0,7.0,2600000.0,148438.0,8.0,1.6927517774458556,0.46805651582162433,0.9134191128599367,0.552056388366462,0.7656811039579381,0.3452296510068287,0.2410767668373337
Evergreen — Richy Mitch And The Coal Miners,Evergreen,Richy Mitch And The Coal Miners,['Singer/Songwriter'],1.45,2017-05-17,2024-08-24,83,83,2,,,,,,,,,,,,,,
Lift Me Up — Rihanna,Lift Me Up,Rihanna,"['Pop', 'Soundtrack']",3.258583333333333,2022-10-28,2022-11-12,2,2,20,40100000.0,20540514509.0,,,,137619733.0,4846.0,0.005900924835211541,0.0347126633427397,,,,0.026822961077810348,0.028256371609192144
Worst Way — Riley Green,Worst Way,Riley Green,['Country'],3.6759666666666666,2024-03-29,2024-09-28,100,20,31,312000.0,342393144.0,729000.0,217.0,8100000.0,1379074.0,907.0,0.055572111431811955,0.05434933716734758,0.02606336067729753,0.06646918037209737,0.044375986080780194,0.034512778974393754,0.07255526875653562
Even Love — Rod Wave,Even Love,Rod Wave,"['Rap', 'Hip-Hop/Rap']",2.58065,2024-10-11,2024-10-26,82,82,1,6120000.0,5778858621.0,5200000.0,77.0,47000000.0,7865496.0,58.0,0.3907589510370846,0.04978828470407759,0.0,0.0,0.1793538615916912,0.05885601765933668,0.03752243347823203
Thailand — Roddy Ricch,Thailand,Roddy Ricch,['Hip-Hop/Rap'],3.3493166666666667,2021-12-17,2022-01-01,95,95,1,,,5100000.0,1.0,18100000.0,6598455.0,3.0,0.0,0.031360505550881435,0.07074868399850054,inf,0.0,,
Snap — Rosa Linn,Snap,Rosa Linn,"['Indie Pop', 'Alternative']",2.9925166666666665,2022-03-19,2022-09-03,97,67,15,,,,,,6954.0,144.0,-0.04924973309392566,1.560128595546817,,,,,
Despecha — Rosalia,Despecha,Rosalia,"['Pop Latino', 'Latin']",2.6131333333333333,2022-07-28,2022-08-20,98,63,12,,,21400000.0,157.0,210200000.0,21067215.0,944.0,0.02658526149401652,0.04570672167236722,,,,,
Linger — Royel Otis,Linger,Royel Otis,"['Indie Pop', 'Alternative']",3.1,2024-04-10,2024-08-10,94,94,1,16000.0,5088557.0,73300.0,158.0,1300000.0,96413.0,222.0,0.0649579424079949,0.16106027134330514,0.10386744231420941,0.45862383138521867,0.0,0.4271481080908801,0.6237203703018501
Nasty — Russ,Nasty,Russ,"['Hip-Hop/Rap', 'R&B/Soul']",1.9401166666666667,2023-03-17,2023-04-01,96,75,3,5770000.0,2975716254.0,3200000.0,876.0,60200000.0,4101275.0,2776.0,0.03361325858328712,0.02731019517945299,0.23076056163673364,0.27572956815793415,0.36906553786111296,0.018619126674734865,0.04110598981699187
Home Sweet — Russell Dickerson,Home Sweet,Russell Dickerson,['Country'],3.43245,2020-06-26,2022-01-15,90,88,7,,,,,,,,,,,,,,
I'm Just Ken — Ryan Gosling,I'm Just Ken,Ryan Gosling,"['Pop', 'Soundtrack']",3.710566666666667,2023-07-20,2023-08-05,87,87,3,,,,,,,,,,,,,,
Equal Dirt — Rylo Rodriguez,Equal Dirt,Rylo Rodriguez,['Hip-Hop/Rap'],3.023833333333333,2023-06-30,2023-08-05,100,100,1,489000.0,371523807.0,,,,,,,,,,,0.11888168325744353,0.09140829292373365
Love Me 4 Me — SZA,Love Me 4 Me,SZA,[],,,2025-01-04,79,79,1,,,,,,,,,,,,,,
Nonsense — Sabrina Carpenter,Nonsense,Sabrina Carpenter,['Pop'],2.291916666666667,2022-11-14,2023-01-28,75,56,19,5730000.0,1229652465.0,13200000.0,104.0,153500000.0,27933752.0,122.0,0.24251715662069184,0.021562645646966416,0.05454155468123112,0.3237873751979592,0.18642660810699319,0.018749457084399346,0.04737210804559577
Soda Pop — Saja Boys,Soda Pop,Saja Boys,"['K-Pop', 'Pop']",2.511433333333333,2025-06-19,2025-07-12,49,49,1,,,,,,,,,,,,,,
23 — Sam Hunt,23,Sam Hunt,['Country'],2.9953333333333334,2021-09-09,2022-01-08,99,50,20,,,,,,2619823.0,82.0,0.1332007577869332,0.039338750799222666,,,,,
I'm Not Here To Make Friends — Sam Smith,I'm Not Here To Make Friends,Sam Smith,[],,,2023-02-11,71,71,2,,,,,,,,,,,,,,
It Matters To Her — Scotty McCreery,It Matters To Her,Scotty McCreery,['Country'],2.8646666666666665,2021-09-17,2023-04-29,100,49,10,,,,,,612060.0,694.0,0.06231334478650208,0.0053374058582633666,,,,,
Dos Oruguitas — Sebastian Yatra,Dos Oruguitas,Sebastian Yatra,"['Musicals', 'Soundtrack', 'Original Score', 'Children’s Music', 'Soundtrack', 'Disney']",3.5768833333333334,2021-11-24,2022-01-15,83,36,16,,,16100000.0,236.0,116400000.0,28212522.0,847.0,0.12450014448257551,0.033072922798060844,0.08989237770178349,0.2837473107791588,0.23158074371527615,,
My Mind & Me — Selena Gomez,My Mind & Me,Selena Gomez,['Pop'],2.45995,2022-11-03,2022-11-19,83,83,1,31600000.0,11866442086.0,44200000.0,160.0,394800000.0,354473165.0,1863.0,0.013445394010092038,0.04906524946790558,,,,0.022678384294905207,0.028903911156064055
Get It Sexyy — Sexyy Red,Get It Sexyy,Sexyy Red,['Hip-Hop/Rap'],2.4758666666666667,2024-03-15,2024-03-30,23,20,20,598000.0,237602185.0,1900000.0,767.0,64000000.0,3547368.0,410.0,0.1696065255598178,0.13043228418339048,0.19328377155871657,0.13290567147903332,0.09046163467867352,0.27979338033636836,0.27842456845561525
Good News — Shaboozey,Good News,Shaboozey,['Country'],3.3201666666666667,2024-11-15,2024-11-30,71,13,38,565000.0,364330711.0,763600.0,32.0,4400000.0,1075787.0,35.0,0.552056388366462,0.11778716819093038,0.12719473139355397,0.0,0.2525239030477744,0.2489707852377121,0.3595879921362899
Acrostico — Shakira,Acrostico,Shakira,"['Pop Latino', 'Latin']",2.846433333333333,2023-05-12,2023-05-27,84,84,1,41900000.0,26759527722.0,36200000.0,209.0,222500000.0,86076819.0,2071.0,0.01555548409239993,0.012172065289206557,0.0,0.051649345023330184,0.017701857064400528,0.025666363464993402,0.03543476360023945
Why Why Why — Shawn Mendes,Why Why Why,Shawn Mendes,[],,,2024-08-24,84,84,1,,,,,,,,,,,,,,
Snowman — Sia,Snowman,Sia,['Holiday'],2.765,2017-11-09,2025-01-04,43,43,1,,,,,,,,,,,,,,
Provider — Sleep Token,Provider,Sleep Token,"['Metal', 'Rock']",6.0984,2025-05-09,2025-05-24,77,77,1,919000.0,511116934.0,463500.0,16.0,1800000.0,1147682.0,81.0,0.3233217804871513,0.14083133167781536,,,,0.2918014415165704,0.30092868686915075
Murder On The Dancefloor — Sophie Ellis-Bextor,Murder On The Dancefloor,Sophie Ellis-Bextor,['Pop'],3.8566666666666665,2001-08-27,2024-01-13,98,51,12,,,,,,,,,,,,,,
Waiting On A Miracle — Stephanie Beatriz,Waiting On A Miracle,Stephanie Beatriz,"['Musicals', 'Soundtrack', 'Soundtrack', 'Children’s Music', 'Disney', 'Original Score']",2.6973333333333334,2021-11-19,2022-01-15,82,48,12,,,354700.0,18.0,1600000.0,2333886.0,1918.0,0.026167852085512422,0.010192740373016207,,,,,
Until I Found You — Stephen Sanchez,Until I Found You,Stephen Sanchez,['Singer/Songwriter'],3.081583333333333,2022-03-11,2022-06-11,100,23,41,,,182600.0,62.0,4900000.0,83694.0,93.0,0.4071081765012252,5.073422640289138,,,,,
Bad Habit — Steve Lacy,Bad Habit,Steve Lacy,['R&B/Soul'],3.1889333333333334,2022-07-14,2022-07-16,100,1,35,,,,,,1710394.0,14.0,4.575753282471928,0.46252617865945034,,,,,
Chk Chk Boom — Stray Kids,Chk Chk Boom,Stray Kids,"['K-Pop', 'Pop']",2.4675166666666666,2024-07-19,2024-08-03,49,49,1,16900000.0,5239746858.0,25600000.0,437.0,892100000.0,30201541.0,4168.0,0.031850771411545686,0.02976517102024623,0.056259952006798564,-0.6665804070648429,0.1509812700158264,0.06398805850957867,0.07414176329942901
Heart Of A Woman — Summer Walker,Heart Of A Woman,Summer Walker,['R&B/Soul'],2.85,2024-10-25,2024-11-09,57,57,24,2550000.0,2463969686.0,2400000.0,62.0,20100000.0,6283609.0,14.0,-1.757363911114418,0.029553742839150132,0.0,0.0,0.05372112950632335,0.028125584611449206,0.07319694554710487
Painting Pictures — Superstar Pride,Painting Pictures,Superstar Pride,['Hip-Hop/Rap'],2.097916666666667,2022-10-22,2023-02-25,99,25,15,,,,,,,,,,,,,,
Disco — Surf Curse,Disco,Surf Curse,['Alternative'],2.5460166666666666,2019-06-12,2024-09-21,91,91,1,,,,,,,,,,,,,,
Strategy — Twice,Strategy,TWICE,"['K-Pop', 'Pop']",2.810766666666667,2024-12-06,2025-08-02,92,62,4,17700000.0,6877999310.0,25600000.0,1063.0,834600000.0,29624918.0,4602.0,0.1071925465990553,-0.003901720570798073,0.01397918885874816,1.891666387076052,0.050867970432921794,0.020236824282204857,0.03603815843016278
She's All I Wanna Be — Tate McRae,She's All I Wanna Be,Tate McRae,['Pop'],3.4462,2022-02-04,2022-02-19,52,44,20,,,3600000.0,369.0,111700000.0,1858757.0,80.0,0.9144855634451332,0.07169762272001279,0.10066090399605265,0.3245029233591268,0.36738159229323664,,
Innocent (Taylor's Version) — Taylor Swift,Innocent (Taylor's Version),Taylor Swift,['Pop'],5.486,2021-11-12,2023-07-22,63,63,1,,,6400000.0,17.0,52000000.0,184368893.0,518.0,0.05560301182214733,0.04623460288044612,,,,,
Lose Control — Teddy Swims,Lose Control,Teddy Swims,['Pop'],3.5114833333333335,2023-06-23,2023-08-26,99,1,104,2600000.0,590033231.0,3600000.0,550.0,25800000.0,2514049.0,541.0,0.1277661620899373,0.36448357964584677,0.20434569410434644,0.22122793338801294,0.3188206550207573,0.027582539332704492,0.06574916240396078
Free Mind — Tems,Free Mind,Tems,"['Alte', 'African']",4.126316666666667,2020-09-25,2022-07-30,90,46,21,,,,,,180611.0,73.0,0.6434382876842726,0.27009052821347357,,,,,
02.02.99 — That Mexican OT,02.02.99,That Mexican OT,['Hip-Hop/Rap'],2.7027,2024-01-09,2024-01-27,88,74,3,942000.0,401981382.0,1500000.0,357.0,16600000.0,1178296.0,36.0,0.10066090399605265,0.05541628600873594,0.24670693441353198,0.13256680794910825,0.19927680357521016,0.13926105160395608,0.2495693249197073
Now And Then — The Beatles,Now And Then,The Beatles,['Rock'],4.138883333333333,2010-11-16,2023-11-18,7,7,2,,,,,,,,,,,,,,
High — The Chainsmokers,High,The Chainsmokers,"['Pop', 'Dance']",2.919383333333333,2022-01-28,2022-02-12,57,57,9,,,2200000.0,33.0,34400000.0,6711106.0,14.0,9.883667003718589,0.0019408266506593108,0.5249569319577319,-2.9807368349911934,0.2141509104354844,,
This Is Halloween — The Citizens of Halloween,This Is Halloween,The Citizens of Halloween,"['Soundtrack', 'Children’s Music']",3.276,1993-01-01,2023-11-11,41,38,2,,,,,,,,,,,,,,
Thousand Miles — The Kid LAROI,Thousand Miles,The Kid LAROI,"['Pop', 'Hip-Hop/Rap']",2.746366666666667,2022-04-22,2022-05-07,15,15,15,,,3000000.0,18.0,28000000.0,3996260.0,19.0,1.9711167506104132,0.019555719224984003,0.12115029802528543,4.681020181086759,0.3065887329704253,,
Back To Me — The Marias,Back To Me,The Marias,[],,,2025-04-19,86,86,1,,,,,,,,,,,,,,
Wanna Be Loved — The Red Clay Strays,Wanna Be Loved,The Red Clay Strays,"['Country', 'Alternative']",3.6218,2024-05-22,2024-08-10,100,100,1,64400.0,21319880.0,,,,476491.0,873.0,0.129210338997221,0.9905937597938674,,,,0.49399407790795546,0.739994973609015
I Love You So — The Walters,I Love You So,The Walters,['Alternative'],2.6706666666666665,2014-11-28,2022-01-15,97,71,16,,,,,,,,,,,,,,
Sacrifice — The Weeknd,Sacrifice,The Weeknd,['R&B/Soul'],3.148633333333333,2022-01-07,2022-01-22,11,11,10,,,4500000.0,41.0,17100000.0,35773225.0,542.0,0.039764476718673336,0.06507467168352932,0.08029241658833453,0.17876824515548062,0.1276459789410822,,
Angels Don't Always Have Wings — Thomas Rhett,Angels Don't Always Have Wings,Thomas Rhett,['Country'],3.34045,2023-01-20,2023-07-29,93,69,9,1460000.0,1476462306.0,909700.0,125.0,8100000.0,4681058.0,2531.0,0.019811838749195232,-0.003660232440916289,,,,0.0,0.02445564813944312
Spit In My Face! — ThxSoMch,Spit In My Face!,ThxSoMch,['Hip-Hop/Rap'],2.464583333333333,2022-11-01,2023-02-04,100,100,1,4590.0,18657.0,,,,3832.0,2.0,,,,,,,
Standing Room Only — Tim McGraw,Standing Room Only,Tim McGraw,['Country'],3.7748833333333334,2023-03-10,2023-09-02,61,60,10,1200000.0,900829085.0,3300000.0,106.0,17500000.0,3383048.0,947.0,0.0724096331261137,0.04120250759409583,0.0,0.5071765116743343,0.18874284395100638,0.0298910724571666,0.04966082623958368
Nasty — Tinashe,Nasty,Tinashe,['R&B/Soul'],2.9337833333333334,2024-04-10,2024-06-15,90,61,16,2020000.0,975890055.0,939400.0,243.0,11600000.0,4543325.0,3665.0,0.01562685616707249,-0.006727017188612461,0.014477258149847572,0.07428032299610088,0.09362370105845397,0.0,0.0
Rosones — Tito Double P,Rosones,Tito Double P,"['Música Mexicana', 'Latin']",2.9598333333333335,2024-12-05,2024-12-21,87,76,8,904000.0,1183965876.0,2200000.0,34.0,13000000.0,3282364.0,8.0,-5.322668360555161,0.6851310428569457,0.7192553600736007,inf,1.014277026750432,1.1463253175557186,1.301648698210256
Million Dollar Baby — Tommy Richman,Million Dollar Baby,Tommy Richman,['Hip-Hop/Rap'],2.5858666666666665,2024-04-26,2024-05-11,2,2,33,12500.0,1659685.0,147700.0,44.0,3800000.0,62304.0,9.0,-0.37558048145287515,2.7360619785083085,,,,3.3711612670372038,1.1327556676273831
Favorite Song — Toosii,Favorite Song,Toosii,['Hip-Hop/Rap'],3.4771666666666667,2023-02-17,2023-03-04,51,5,27,1220000.0,816637260.0,2200000.0,141.0,31500000.0,4116971.0,84.0,0.45371082786351824,0.032835885761417494,0.16628100678652835,0.6380097591556666,0.40875445108397024,0.059050649289660306,0.07947384537709823
The Color Violet — Tory Lanez,The Color Violet,Tory Lanez,['R&B/Soul'],3.77445,2021-12-10,2023-01-14,87,63,9,,,1800000.0,80.0,6900000.0,11198053.0,56.0,2.254153110138901,0.01566868146027911,0.0,0.6894080248884826,0.1051047864304655,,
Kick Out — Travis Scott,Kick Out,Travis Scott,['Hip-Hop/Rap'],2.8416333333333332,2025-07-10,2025-07-26,50,50,2,20100000.0,10967977009.0,2400000.0,3.0,2200000.0,59537708.0,3314.0,0.004313413079981565,0.006283435419773831,0.0,0.0,0.16628100678652835,0.017814234800095363,0.03664337708391141
One Of Your Girls — Troye Sivan,One Of Your Girls,Troye Sivan,['Pop'],3.0247,2023-10-13,2023-11-04,79,79,1,8030000.0,1893188845.0,3000000.0,262.0,69800000.0,15045006.0,1702.0,0.04222487147740317,0.026671969183356126,0.12115029802528543,0.2545243591969726,0.16774565095565297,0.017836476869304008,0.0447306984317386
Wine Into Whiskey — Tucker Wetmore,Wine Into Whiskey,Tucker Wetmore,['Country'],2.7723833333333334,2024-02-23,2024-03-09,77,68,20,7570.0,114487.0,603100.0,86.0,6800000.0,92221.0,102.0,,,1.1904056402780583,0.2141509104354844,1.1771871142122636,0.9681904462173874,1.2545129210952188
The Craving — Twenty One Pilots,The Craving,Twenty One Pilots,['Alternative'],2.8977833333333334,2024-05-22,2024-06-08,83,83,1,13400000.0,5837797696.0,1100000.0,66.0,7800000.0,8673457.0,1502.0,0.04066105396380859,0.014128570741034352,0.0,0.05454155468123112,0.046094208816716,0.0,0.03658696107193826
Thought It Was Love — Ty Myers,Thought It Was Love,Ty Myers,['Country'],4.102366666666667,2025-01-24,2025-05-17,79,79,8,21300.0,15017199.0,,,,261237.0,262.0,0.4663167268939006,0.7857302840592162,,,,0.9822780987280844,0.9328991736827552
Push 2 Start — Tyla,Push 2 Start,Tyla,"['Pop', 'R&B/Soul']",2.613766666666667,2024-10-09,2025-02-01,88,88,7,4160000.0,1365486331.0,11700000.0,829.0,179800000.0,9102984.0,206.0,0.17787769200867665,0.12607446078818363,0.030660926970882407,0.0,0.054052378924707156,0.034512778974393754,0.07465442857474969
In Your Love — Tyler Childers,In Your Love,Tyler Childers,['Country'],3.7637833333333335,2023-07-18,2023-08-12,43,43,10,604000.0,538854510.0,,,,,,,,,,,0.05363149222044061,0.09802375767600235
Dancin' In The Country — Tyler Hubbard,Dancin' In The Country,Tyler Hubbard,['Country'],2.994083333333333,2022-08-19,2023-02-11,100,23,23,,,,,,741611.0,1141.0,0.03776707893903275,0.04521663273742149,,,,,
"Dogtooth — Tyler, The Creator",Dogtooth,"Tyler, The Creator","['Rap', 'Hip-Hop/Rap']",2.6840166666666665,2023-03-27,2023-04-08,81,33,4,4460000.0,1620232239.0,,,,13453457.0,499.0,0.0071646092418165,0.02121582544034606,,,,0.040272666451790506,0.05579051765209897
Love Me Again — V,Love Me Again,V,"['K-Pop', 'Pop']",3.0382166666666666,2023-08-11,2023-08-26,96,96,1,,,,,,61043589.0,90.0,0.28959373820001133,0.023904630262960858,,,,,
On My Mama — Victoria Monet,On My Mama,Victoria Monet,['R&B/Soul'],3.1113,2023-06-16,2023-09-09,98,33,25,253000.0,63861804.0,276100.0,132.0,4100000.0,1117553.0,55.0,1.4258383016080067,0.050496530500576675,0.07453052723116471,0.4625368843082178,0.2717468032759296,0.07131378248985687,0.16541637829750044
Christmastime Is Here — Vince Guaraldi Trio,Christmastime Is Here,Vince Guaraldi Trio,['Holiday'],2.774,1965-12-09,2022-01-01,48,31,7,,,,,,,,,,,,,,
AA — Walker Hayes,AA,Walker Hayes,['Country'],3.1593333333333335,2021-11-19,2022-01-15,87,28,24,,,2200000.0,222.0,21500000.0,571464.0,1125.0,0.11293994137011598,0.3030002711541968,0.3409734958764954,0.25016449264954055,0.5772018391170919,,
Pretty Little Poison — Warren Zeiders,Pretty Little Poison,Warren Zeiders,['Country'],3.636,2023-03-17,2023-08-26,86,19,28,247000.0,79869689.0,2000000.0,605.0,26000000.0,625509.0,348.0,0.1790318724524509,0.30772394051070684,0.0,0.06555411542528145,0.11167854089284557,0.08786501848705441,0.13692830782590093
Vice City — XXXTENTACION,Vice City,XXXTENTACION,['Hip-Hop/Rap'],3.6784833333333333,2022-01-28,2022-02-12,89,89,1,,,,,,19843682.0,1.0,0.0,0.03525971217912538,,,,,
La Diabla — Xavi,La Diabla,Xavi,"['Música Mexicana', 'Latin']",2.8710666666666667,2023-11-30,2023-12-30,76,20,20,427000.0,133395252.0,1600000.0,62.0,15900000.0,846295.0,18.0,0.4215396883245903,1.5717853263597537,1.3471847386700153,0.0,0.6128143648942208,1.677475054437405,2.6771703341146535
Toxic — YG,Toxic,YG,['Hip-Hop/Rap'],2.9920833333333334,2022-08-16,2022-10-15,81,81,2,,,531500.0,32.0,2100000.0,8296054.0,9.0,-2.9807368349911934,0.017736820624425498,,,,,
Praise Jah In The Moonlight — YG Marley,Praise Jah In The Moonlight,YG Marley,['Reggae'],4.384,2023-12-27,2024-02-10,74,34,13,13300.0,234529.0,,,,107415.0,28.0,-0.3628497261449093,1.6999204182391425,,,,,
Soy El Unico — Yahritza y Su Esencia,Soy El Unico,Yahritza Y Su Esencia,"['Música Mexicana', 'Latin']",3.566666666666667,2022-03-25,2022-04-09,20,20,5,,,,,,,,,,,,,,
Money So Big — Yeat,Money So Big,Yeat,['Hip-Hop/Rap'],2.6675333333333335,2021-09-10,2022-04-02,95,95,4,,,,,,149837.0,14.0,0.2650218928951009,3.021367609301384,,,,,
Money On The Dresser — Young Thug,Money On The Dresser,Young Thug,['Hip-Hop/Rap'],2.216666666666667,2023-06-22,2023-07-08,78,78,1,6060000.0,4036077753.0,1300000.0,111.0,8300000.0,9482637.0,1.0,0.0,0.03116058374443842,0.0,0.0,0.04329994505081203,0.011807083175852107,0.030159712269384187
F**k The Industry Pt. 2 — YoungBoy Never Broke Again,F**k The Industry Pt. 2,YoungBoy Never Broke Again,[],,,2023-05-27,87,87,1,,,,,,,,,,,,,,
Betty (Get Money) — Yung Gravy,Betty (Get Money),Yung Gravy,['Hip-Hop/Rap'],2.4411833333333335,2022-06-10,2022-07-23,68,30,17,,,3700000.0,46.0,57700000.0,1546296.0,117.0,0.09281263859513,0.07239809886516735,0.1986608237818821,0.9808265052245968,0.5562080871039932,,
Out In The Middle — Zac Brown Band,Out In The Middle,Zac Brown Band,[],,,2022-10-08,95,86,6,,,,,,,,,,,,,,
Boons — Zach Bryan,Boons,Zach Bryan,['Country'],3.0862166666666666,2024-07-04,2024-07-20,74,74,1,1170000.0,1218849496.0,2900000.0,153.0,25000000.0,,,,,,,,0.12431333392395327,0.18641828775616265
I Never Lie — Zach Top,I Never Lie,Zach Top,"['Traditional Country', 'Country']",3.74845,2024-04-05,2024-09-28,95,24,34,20400.0,4075872.0,,,,215064.0,329.0,0.2011478835726832,0.23569089978550117,,,,0.2731329687924777,0.5453973153729086
Romantic Homicide — d4vd,Romantic Homicide,d4vd,['Alternative'],2.2105166666666665,2022-07-20,2022-09-17,77,33,20,,,,,,3014.0,0.0,,,,,,,
More — j-hope,More,j-hope,"['K-Pop', 'Pop']",3.000366666666667,2022-07-01,2022-07-16,82,82,1,,,,,,37134724.0,107.0,0.5408870312602954,0.14240319365919074,,,,,
Back To Friends — sombr,Back To Friends,sombr,"['Indie Rock', 'Alternative']",3.3172,2024-12-27,2025-04-12,90,30,20,37400.0,23637283.0,523600.0,375.0,30800000.0,147886.0,16.0,0.0,0.09971754898931984,0.15841660986373185,0.13597832264640175,0.2650218928951009,0.33044949928291434,0.4561560842738954
