feature,abs_corr,corr,missing_rate,n_valid
log_ig_followers_release_date,0.27124916717821035,-0.27124916717821035,0.21710086840347362,1172
log_yt_views_release_date,0.247263210080688,-0.247263210080688,0.35404141616566465,967
Hip-Hop/Rap,0.24045086856388045,-0.24045086856388045,0.0,1497
log_yt_subs_release_date,0.234122794879414,-0.234122794879414,0.35404141616566465,967
ig_media_90d_nonpos_streak,0.2154483015269738,-0.2154483015269738,0.2177688710754843,1171
ig_media_180d_nonpos_streak,0.21302966973489046,-0.21302966973489046,0.2177688710754843,1171
Country,0.2089304409519887,0.2089304409519887,0.0,1497
log_tt_uploads_release_date,0.20727475454490904,0.20727475454490904,0.29191716766867065,1060
tt_uploads_recency_cv_30_over_90,0.19237579573697997,-0.19237579573697997,0.3861055444221777,919
tt_uploads_post2w_min,0.1913614422082025,0.1913614422082025,0.32531730126920505,1010
tt_uploads_post2w_last,0.19101813016243613,0.19101813016243613,0.32531730126920505,1010
tt_uploads_post2w_mean,0.19055533631778449,0.19055533631778449,0.32531730126920505,1010
ig_media_365d_nonpos_streak,0.1888944987433667,-0.1888944987433667,0.2177688710754843,1171
ig_media_full_nonpos_streak,0.1888944987433667,-0.1888944987433667,0.2177688710754843,1171
tt_uploads_post2w_max,0.1872472491217258,0.1872472491217258,0.32531730126920505,1010
tt_uploads_180d_last,0.1853043430925604,0.1853043430925604,0.29191716766867065,1060
tt_uploads_365d_last,0.1853043430925604,0.1853043430925604,0.29191716766867065,1060
tt_uploads_90d_last,0.1853043430925604,0.1853043430925604,0.29191716766867065,1060
tt_uploads_30d_last,0.1853043430925604,0.1853043430925604,0.29191716766867065,1060
tt_uploads_full_last,0.1853043430925604,0.1853043430925604,0.29191716766867065,1060
tt_uploads_30d_min,0.18521570114410904,0.18521570114410904,0.29191716766867065,1060
tt_uploads_90d_min,0.18491122152561337,0.18491122152561337,0.29191716766867065,1060
tt_followers_release_date_over_ig_followers_release_date,0.18293472587047999,0.18293472587047999,0.35470941883767537,966
tt_uploads_recency_std_30_over_90,0.1817862104130817,-0.1817862104130817,0.3847695390781563,921
yt_views_30d_nonpos_streak,0.18138957548896947,-0.18138957548896947,0.3560454241816967,964
tt_followers_180d_pos_streak,0.1808101393566222,0.1808101393566222,0.29325317301269205,1058
tt_uploads_30d_mean,0.18063301836394624,0.18063301836394624,0.29191716766867065,1060
tt_uploads_90d_mean,0.1784431647809718,0.1784431647809718,0.29191716766867065,1060
tt_uploads_90d_max,0.17817480156024654,0.17817480156024654,0.29191716766867065,1060
tt_uploads_180d_mean,0.1778494468672463,0.1778494468672463,0.29191716766867065,1060
tt_uploads_30d_max,0.1761898528666965,0.1761898528666965,0.29191716766867065,1060
tt_uploads_180d_max,0.17547964398453747,0.17547964398453747,0.29191716766867065,1060
tt_uploads_180d_min,0.1741520762933097,0.1741520762933097,0.29191716766867065,1060
tt_uploads_365d_min,0.1721261800283109,0.1721261800283109,0.29191716766867065,1060
tt_uploads_full_min,0.1721261800283109,0.1721261800283109,0.29191716766867065,1060
ig_followers_full_cv,0.17115981384975004,0.17115981384975004,0.2177688710754843,1171
ig_followers_365d_cv,0.17115981384975004,0.17115981384975004,0.2177688710754843,1171
log_tt_uploads_release_date_x_tt_likes_per_follower,0.17059836138363352,0.17059836138363352,0.29191716766867065,1060
tt_followers_90d_pos_streak,0.16994795230643794,0.16994795230643794,0.29325317301269205,1058
tt_uploads_365d_mean,0.1696210561346758,0.1696210561346758,0.29191716766867065,1060
tt_uploads_full_mean,0.1696210561346758,0.1696210561346758,0.29191716766867065,1060
tt_followers_180d_cv,0.16949810907653262,0.16949810907653262,0.29325317301269205,1058
tt_likes_release_date_over_tt_followers_release_date,0.16750508063011665,0.16750508063011665,0.29191716766867065,1060
tt_likes_per_follower,0.16750508063011665,0.16750508063011665,0.29191716766867065,1060
tt_uploads_365d_max,0.1657882180660662,0.1657882180660662,0.29191716766867065,1060
tt_uploads_full_max,0.1657882180660662,0.1657882180660662,0.29191716766867065,1060
tt_uploads_365d_nonpos_streak,0.16542949645036892,-0.16542949645036892,0.29325317301269205,1058
tt_uploads_full_nonpos_streak,0.16542949645036892,-0.16542949645036892,0.29325317301269205,1058
ig_followers_30d_pct_change_over_tt_likes_30d_pct_change,0.1647744672576569,0.1647744672576569,0.41616566466265864,874
tt_uploads_180d_nonpos_streak,0.1646351201565996,-0.1646351201565996,0.29325317301269205,1058
tt_followers_post2w_pos_streak,0.16400439599896194,0.16400439599896194,0.3299933199732799,1003
tt_uploads_full_pos_streak,0.16281746204955905,0.16281746204955905,0.29325317301269205,1058
tt_uploads_365d_pos_streak,0.16281746204955905,0.16281746204955905,0.29325317301269205,1058
yt_views_post2w_nonpos_streak,0.15877739051768128,-0.15877739051768128,0.3500334001336005,973
ig_followers_180d_cv,0.1581409318553792,0.1581409318553792,0.2177688710754843,1171
tt_followers_norm_abs_change_90d,0.1565451795958089,0.1565451795958089,0.29191716766867065,1060
tt_followers_30d_pos_streak,0.15526323170094372,0.15526323170094372,0.29325317301269205,1058
yt_views_90d_nonpos_streak,0.15503715003604066,-0.15503715003604066,0.3560454241816967,964
ig_followers_90d_cv,0.1542488403510494,0.1542488403510494,0.2177688710754843,1171
ig_followers_norm_abs_change_90d,0.15424710756387847,0.15424710756387847,0.21710086840347362,1172
tt_followers_recency_mean_30_over_180,0.15351622408457927,0.15351622408457927,0.29191716766867065,1060
ig_media_30d_nonpos_streak,0.1514659116182533,-0.1514659116182533,0.2177688710754843,1171
tt_followers_90d_cv,0.15075126968326863,0.15075126968326863,0.29325317301269205,1058
ig_followers_recency_mean_30_over_90,0.1500721565675484,0.1500721565675484,0.21710086840347362,1172
tt_followers_recency_mean_30_over_90,0.1490116232735291,0.1490116232735291,0.29191716766867065,1060
yt_subs_post2w_cv,0.14737197889666998,0.14737197889666998,0.3500334001336005,973
tt_followers_full_cv,0.14677810513104123,0.14677810513104123,0.29325317301269205,1058
tt_followers_365d_cv,0.14677810513104123,0.14677810513104123,0.29325317301269205,1058
ig_followers_recency_mean_30_over_180,0.14337012487957024,0.14337012487957024,0.21710086840347362,1172
tt_uploads_180d_pos_streak,0.14331257901332828,0.14331257901332828,0.29325317301269205,1058
ig_followers_post2w_pct_min,0.1429535011626498,0.1429535011626498,0.21710086840347362,1172
tt_uploads_90d_nonpos_streak,0.14150563757911025,-0.14150563757911025,0.29325317301269205,1058
ig_media_recency_cv_30_over_90,0.14140409342914734,-0.14140409342914734,0.229124916499666,1154
tt_followers_post2w_nonpos_streak,0.14076053325488716,-0.14076053325488716,0.3299933199732799,1003
tt_followers_365d_pos_streak,0.13637017143032096,0.13637017143032096,0.29325317301269205,1058
tt_followers_full_pos_streak,0.13637017143032096,0.13637017143032096,0.29325317301269205,1058
yt_views_180d_nonpos_streak,0.13610862429808207,-0.13610862429808207,0.3560454241816967,964
tt_followers_streak_balance_90d,0.1356377694826424,0.1356377694826424,0.29325317301269205,1058
ig_followers_norm_abs_change_30d,0.13402013334412152,0.13402013334412152,0.21710086840347362,1172
yt_views_streak_balance_30d,0.13380182395404125,0.13380182395404125,0.3560454241816967,964
ig_followers_post2w_cv,0.13293236039650566,0.13293236039650566,0.21710086840347362,1172
tt_uploads_365d_abs_change,0.13264036039483393,0.13264036039483393,0.29191716766867065,1060
tt_uploads_full_abs_change,0.13264036039483393,0.13264036039483393,0.29191716766867065,1060
ig_media_streak_balance_30d,0.1300032627469897,0.1300032627469897,0.2177688710754843,1171
tt_likes_recency_cv_30_over_90,0.1295698449963093,-0.1295698449963093,0.3413493653974616,986
log_ig_followers_release_date_x_ig_media_per_follower,0.1273375788572907,0.1273375788572907,0.21710086840347362,1172
ig_followers_30d_cv,0.1273344545731709,0.1273344545731709,0.2177688710754843,1171
tt_uploads_full_slope,0.12703296332475758,0.12703296332475758,0.29325317301269205,1058
tt_uploads_365d_slope,0.12703296332475758,0.12703296332475758,0.29325317301269205,1058
yt_subs_90d_pos_streak,0.12700867919727507,0.12700867919727507,0.3560454241816967,964
yt_views_30d_pos_streak,0.1256866114481948,0.1256866114481948,0.3560454241816967,964
ig_media_stagnation_over_level_30d,0.12517118285640583,-0.12517118285640583,0.218436873747495,1170
tt_uploads_full_diff_mean,0.12437306578688179,0.12437306578688179,0.29325317301269205,1058
tt_uploads_365d_diff_mean,0.12437306578688179,0.12437306578688179,0.29325317301269205,1058
yt_subs_streak_balance_90d,0.12418869952786192,0.12418869952786192,0.3560454241816967,964
has_tt,0.12409651805122224,0.12409651805122224,0.0,1497
ig_media_180d_pct_min,0.12306297661062464,0.12306297661062464,0.218436873747495,1170
yt_views_post2w_pos_streak,0.12215250058685394,0.12215250058685394,0.3500334001336005,973
yt_subs_post2w_pct_mean,0.12209649619278169,0.12209649619278169,0.3500334001336005,973
tt_followers_30d_nonpos_streak,0.11926659719030776,-0.11926659719030776,0.29325317301269205,1058
ig_media_30d_drawdown,0.11901415193217325,-0.11901415193217325,0.218436873747495,1170
ig_media_180d_drawdown,0.11837292845296751,-0.11837292845296751,0.218436873747495,1170
tt_likes_recency_mean_30_over_180,0.11834500632597887,0.11834500632597887,0.2939211756847027,1057
ig_media_recency_std_30_over_90,0.11830077302891664,-0.11830077302891664,0.229124916499666,1154
ig_followers_post2w_last,0.11825757361452242,-0.11825757361452242,0.21576486305945225,1174
ig_followers_post2w_max,0.11824010687870798,-0.11824010687870798,0.21576486305945225,1174
tt_likes_recency_std_30_over_90,0.11820077962434142,-0.11820077962434142,0.3413493653974616,986
ig_followers_post2w_mean,0.11811742258221808,-0.11811742258221808,0.21576486305945225,1174
ig_followers_post2w_min,0.11793546967032718,-0.11793546967032718,0.21576486305945225,1174
ig_media_per_follower,0.11785215712895077,0.11785215712895077,0.21710086840347362,1172
ig_media_release_date_over_ig_followers_release_date,0.11785215712895077,0.11785215712895077,0.21710086840347362,1172
ig_media_90d_pct_min,0.11729692392868106,0.11729692392868106,0.218436873747495,1170
ig_media_30d_pct_min,0.11710874810292544,0.11710874810292544,0.218436873747495,1170
ig_media_90d_drawdown,0.11702591800126709,-0.11702591800126709,0.218436873747495,1170
ig_followers_full_last,0.1169513322564449,-0.1169513322564449,0.21710086840347362,1172
ig_followers_180d_last,0.1169513322564449,-0.1169513322564449,0.21710086840347362,1172
ig_followers_365d_last,0.1169513322564449,-0.1169513322564449,0.21710086840347362,1172
ig_followers_30d_last,0.1169513322564449,-0.1169513322564449,0.21710086840347362,1172
ig_followers_90d_last,0.1169513322564449,-0.1169513322564449,0.21710086840347362,1172
ig_media_30d_pos_streak,0.11667111102858897,0.11667111102858897,0.2177688710754843,1171
ig_followers_full_max,0.11664964284551445,-0.11664964284551445,0.21710086840347362,1172
ig_followers_365d_max,0.11664964284551445,-0.11664964284551445,0.21710086840347362,1172
ig_followers_180d_max,0.11664834704639036,-0.11664834704639036,0.21710086840347362,1172
ig_followers_30d_mean,0.11664335598165163,-0.11664335598165163,0.21710086840347362,1172
ig_followers_90d_max,0.11663225007073295,-0.11663225007073295,0.21710086840347362,1172
ig_followers_90d_mean,0.11662197607780395,-0.11662197607780395,0.21710086840347362,1172
ig_followers_30d_min,0.11654026071691982,-0.11654026071691982,0.21710086840347362,1172
ig_followers_30d_max,0.1163323030576314,-0.1163323030576314,0.21710086840347362,1172
ig_followers_90d_min,0.11617190066917069,-0.11617190066917069,0.21710086840347362,1172
tt_uploads_90d_pos_streak,0.11613117609325348,0.11613117609325348,0.29325317301269205,1058
ig_followers_180d_mean,0.11605904742437907,-0.11605904742437907,0.21710086840347362,1172
ig_followers_full_mean,0.1156217420614757,-0.1156217420614757,0.21710086840347362,1172
ig_followers_365d_mean,0.1156217420614757,-0.1156217420614757,0.21710086840347362,1172
yt_views_recency_mean_30_over_90,0.11554137083726239,0.11554137083726239,0.35404141616566465,967
yt_subs_365d_cv,0.11536781633887397,0.11536781633887397,0.3560454241816967,964
yt_subs_full_cv,0.11536781633887397,0.11536781633887397,0.3560454241816967,964
tt_followers_streak_balance_30d,0.11521890055467827,0.11521890055467827,0.29325317301269205,1058
ig_followers_90d_pos_streak,0.11486639398797117,0.11486639398797117,0.2177688710754843,1171
yt_subs_post2w_pos_streak,0.11478823679084778,0.11478823679084778,0.3500334001336005,973
ig_followers_180d_min,0.11470786547951344,-0.11470786547951344,0.21710086840347362,1172
ig_followers_365d_min,0.11462789955889006,-0.11462789955889006,0.21710086840347362,1172
ig_followers_full_min,0.11462789955889006,-0.11462789955889006,0.21710086840347362,1172
tt_likes_recency_mean_30_over_90,0.11358758502651697,0.11358758502651697,0.2939211756847027,1057
tt_followers_norm_abs_change_30d,0.11295258413541467,0.11295258413541467,0.29191716766867065,1060
yt_subs_180d_pos_streak,0.11284759458572284,0.11284759458572284,0.3560454241816967,964
yt_subs_post2w_pct_min,0.11149574110518312,0.11149574110518312,0.3500334001336005,973
tt_likes_365d_cv,0.10997999283293476,0.10997999283293476,0.2952571810287241,1055
tt_likes_full_cv,0.10997999283293476,0.10997999283293476,0.2952571810287241,1055
yt_subs_180d_cv,0.10994298425609925,0.10994298425609925,0.3560454241816967,964
ig_followers_streak_balance_30d,0.10989404602838698,0.10989404602838698,0.2177688710754843,1171
yt_subs_30d_diff_std,0.10955006923158878,-0.10955006923158878,0.3560454241816967,964
tt_uploads_streak_balance_90d,0.10946054677478753,0.10946054677478753,0.29325317301269205,1058
yt_subs_post2w_nonpos_streak,0.10942054415426872,-0.10942054415426872,0.3500334001336005,973
ig_followers_post2w_diff_max,0.10917322099391069,-0.10917322099391069,0.21710086840347362,1172
entry_week_pos_x_ig_media_per_follower,0.10915815922756571,0.10915815922756571,0.21710086840347362,1172
ig_followers_post2w_pct_mean,0.10830836631622046,0.10830836631622046,0.21710086840347362,1172
ig_followers_post2w_diff_mean,0.10794482228944262,-0.10794482228944262,0.21710086840347362,1172
ig_followers_post2w_range,0.10778024684665025,-0.10778024684665025,0.21576486305945225,1174
yt_views_365d_nonpos_streak,0.10771603691938822,-0.10771603691938822,0.3560454241816967,964
yt_views_full_nonpos_streak,0.10771603691938822,-0.10771603691938822,0.3560454241816967,964
yt_views_recency_mean_30_over_180,0.10682249386867672,0.10682249386867672,0.35404141616566465,967
yt_views_full_pos_streak,0.10662092921455028,0.10662092921455028,0.3560454241816967,964
yt_views_365d_pos_streak,0.10662092921455028,0.10662092921455028,0.3560454241816967,964
ig_followers_post2w_slope,0.10632972862140887,-0.10632972862140887,0.21710086840347362,1172
ig_followers_post2w_abs_change,0.10632216926000436,-0.10632216926000436,0.21576486305945225,1174
yt_subs_recency_mean_30_over_180,0.10591572723744853,0.10591572723744853,0.35404141616566465,967
ig_followers_post2w_std,0.10544270300847187,-0.10544270300847187,0.21576486305945225,1174
tt_likes_norm_abs_change_90d,0.10504050381142084,0.10504050381142084,0.2939211756847027,1057
yt_views_post2w_max,0.104291605109151,-0.104291605109151,0.3486973947895792,975
yt_views_post2w_mean,0.10407823408929957,-0.10407823408929957,0.3486973947895792,975
ig_media_full_pct_min,0.10378195640541316,0.10378195640541316,0.218436873747495,1170
ig_media_365d_pct_min,0.10378195640541316,0.10378195640541316,0.218436873747495,1170
yt_views_post2w_last,0.10346649023048729,-0.10346649023048729,0.3486973947895792,975
yt_views_post2w_min,0.10323083841470397,-0.10323083841470397,0.3486973947895792,975
ig_media_post2w_nonpos_streak,0.10298369664437965,-0.10298369664437965,0.21710086840347362,1172
yt_subs_90d_diff_std,0.10287579756169989,-0.10287579756169989,0.3560454241816967,964
yt_views_streak_balance_90d,0.1028414813453579,0.1028414813453579,0.3560454241816967,964
yt_subs_90d_diff_max,0.1028072762489795,-0.1028072762489795,0.3560454241816967,964
yt_views_90d_min,0.10277128844967666,-0.10277128844967666,0.35404141616566465,967
ig_media_90d_pos_streak,0.10229802536985855,0.10229802536985855,0.2177688710754843,1171
yt_views_180d_min,0.10207446982842981,-0.10207446982842981,0.35404141616566465,967
yt_views_90d_mean,0.10206509629405194,-0.10206509629405194,0.35404141616566465,967
yt_views_90d_max,0.10186508053456586,-0.10186508053456586,0.35404141616566465,967
yt_views_180d_mean,0.10186390305572211,-0.10186390305572211,0.35404141616566465,967
yt_views_180d_max,0.10183544639140453,-0.10183544639140453,0.35404141616566465,967
yt_views_full_max,0.10181751120909074,-0.10181751120909074,0.35404141616566465,967
yt_views_365d_max,0.10181751120909074,-0.10181751120909074,0.35404141616566465,967
yt_views_30d_mean,0.1017995269891494,-0.1017995269891494,0.35404141616566465,967
yt_views_30d_max,0.10179513187003075,-0.10179513187003075,0.35404141616566465,967
ig_media_365d_pos_streak,0.10176351904738806,0.10176351904738806,0.2177688710754843,1171
ig_media_full_pos_streak,0.10176351904738806,0.10176351904738806,0.2177688710754843,1171
ig_followers_90d_pct_std,0.10171449878335319,0.10171449878335319,0.2177688710754843,1171
yt_views_30d_min,0.1017128059808492,-0.1017128059808492,0.35404141616566465,967
tt_followers_180d_pct_std,0.10121861402403808,0.10121861402403808,0.29325317301269205,1058
yt_views_full_mean,0.10118313644504413,-0.10118313644504413,0.35404141616566465,967
yt_views_365d_mean,0.10118313644504413,-0.10118313644504413,0.35404141616566465,967
yt_views_180d_cv,0.1011726369876815,0.1011726369876815,0.3560454241816967,964
ig_followers_streak_balance_90d,0.10082770888392684,0.10082770888392684,0.2177688710754843,1171
yt_views_full_cv,0.10061022547248849,0.10061022547248849,0.3560454241816967,964
yt_views_365d_cv,0.10061022547248849,0.10061022547248849,0.3560454241816967,964
yt_views_full_min,0.1004470307934821,-0.1004470307934821,0.35404141616566465,967
yt_views_365d_min,0.1004470307934821,-0.1004470307934821,0.35404141616566465,967
yt_views_180d_last,0.10027646556525856,-0.10027646556525856,0.35404141616566465,967
yt_views_90d_last,0.10027646556525856,-0.10027646556525856,0.35404141616566465,967
yt_views_365d_last,0.10027646556525856,-0.10027646556525856,0.35404141616566465,967
yt_views_full_last,0.10027646556525856,-0.10027646556525856,0.35404141616566465,967
yt_views_30d_last,0.10027646556525856,-0.10027646556525856,0.35404141616566465,967
yt_subs_30d_diff_max,0.10023516237817878,-0.10023516237817878,0.3560454241816967,964
tt_followers_30d_cv,0.0997972029413818,0.0997972029413818,0.29325317301269205,1058
ig_followers_180d_pos_streak,0.09976081456882972,0.09976081456882972,0.2177688710754843,1171
ig_media_streak_balance_90d,0.09915424072690716,0.09915424072690716,0.2177688710754843,1171
yt_subs_recency_mean_30_over_90,0.09887544127993772,0.09887544127993772,0.35404141616566465,967
yt_views_norm_abs_change_90d,0.0983781660989641,0.0983781660989641,0.35404141616566465,967
ig_followers_365d_diff_mean,0.09761822190922673,-0.09761822190922673,0.2177688710754843,1171
ig_followers_full_diff_mean,0.09761822190922673,-0.09761822190922673,0.2177688710754843,1171
log_ig_media_release_date,0.09742047508556093,0.09742047508556093,0.21710086840347362,1172
tt_followers_90d_nonpos_streak,0.09740099580379566,-0.09740099580379566,0.29325317301269205,1058
ig_media_30d_cv,0.09732147813095876,-0.09732147813095876,0.218436873747495,1170
ig_followers_180d_pct_std,0.09706010650486556,0.09706010650486556,0.2177688710754843,1171
ig_followers_365d_slope,0.09695213800091772,-0.09695213800091772,0.2177688710754843,1171
ig_followers_full_slope,0.09695213800091772,-0.09695213800091772,0.2177688710754843,1171
ig_followers_180d_diff_mean,0.09688550082777395,-0.09688550082777395,0.2177688710754843,1171
tt_uploads_post2w_nonpos_streak,0.09644979322605073,-0.09644979322605073,0.3299933199732799,1003
ig_followers_180d_slope,0.09599076704838935,-0.09599076704838935,0.2177688710754843,1171
ig_followers_30d_abs_change,0.0958722524011607,-0.0958722524011607,0.21710086840347362,1172
tt_uploads_streak_balance_30d,0.09571170307981308,0.09571170307981308,0.29325317301269205,1058
ig_followers_30d_pct_std,0.09524184077880607,0.09524184077880607,0.2177688710754843,1171
yt_views_norm_abs_change_30d,0.09519402829504112,0.09519402829504112,0.35404141616566465,967
ig_followers_30d_diff_mean,0.09433963566133738,-0.09433963566133738,0.2177688710754843,1171
ig_media_full_drawdown,0.09421794574220796,-0.09421794574220796,0.218436873747495,1170
ig_media_365d_drawdown,0.09421794574220796,-0.09421794574220796,0.218436873747495,1170
yt_views_365d_std,0.09350234982510998,-0.09350234982510998,0.35404141616566465,967
yt_views_full_std,0.09350234982510998,-0.09350234982510998,0.35404141616566465,967
ig_followers_180d_abs_change,0.09343002033868421,-0.09343002033868421,0.21710086840347362,1172
ig_followers_180d_std,0.09229450630347266,-0.09229450630347266,0.21710086840347362,1172
K-Pop,0.09177196916843183,-0.09177196916843183,0.0,1497
tt_followers_180d_pct_max,0.09168931358821537,0.09168931358821537,0.29325317301269205,1058
ig_followers_full_std,0.09157022401692862,-0.09157022401692862,0.21710086840347362,1172
ig_followers_365d_std,0.09157022401692862,-0.09157022401692862,0.21710086840347362,1172
yt_subs_365d_pos_streak,0.09138922826887966,0.09138922826887966,0.3560454241816967,964
yt_subs_full_pos_streak,0.09138922826887966,0.09138922826887966,0.3560454241816967,964
yt_subs_full_diff_std,0.09128678679195287,-0.09128678679195287,0.3560454241816967,964
yt_subs_365d_diff_std,0.09128678679195287,-0.09128678679195287,0.3560454241816967,964
yt_subs_180d_diff_std,0.09120080814814342,-0.09120080814814342,0.3560454241816967,964
yt_views_365d_slope,0.09118738405997118,-0.09118738405997118,0.3560454241816967,964
yt_views_full_slope,0.09118738405997118,-0.09118738405997118,0.3560454241816967,964
yt_views_90d_cv,0.09072706855652561,0.09072706855652561,0.3560454241816967,964
ig_followers_365d_abs_change,0.08980173257085029,-0.08980173257085029,0.21710086840347362,1172
ig_followers_full_abs_change,0.08980173257085029,-0.08980173257085029,0.21710086840347362,1172
yt_subs_post2w_pct_max,0.08965796184956815,0.08965796184956815,0.3500334001336005,973
ig_followers_365d_range,0.08925146406525755,-0.08925146406525755,0.21710086840347362,1172
ig_followers_full_range,0.08925146406525755,-0.08925146406525755,0.21710086840347362,1172
yt_subs_180d_diff_max,0.0878447526103999,-0.0878447526103999,0.3560454241816967,964
yt_subs_30d_pos_streak,0.08780617582348083,0.08780617582348083,0.3560454241816967,964
Rap,0.08773304402974712,-0.08773304402974712,0.0,1497
ig_media_release_vs_90d_max,0.08757590502418645,0.08757590502418645,0.2177688710754843,1171
yt_subs_full_diff_max,0.08756421944597095,-0.08756421944597095,0.3560454241816967,964
yt_subs_365d_diff_max,0.08756421944597095,-0.08756421944597095,0.3560454241816967,964
yt_subs_30d_std,0.08746094168528101,-0.08746094168528101,0.35404141616566465,967
has_ig,0.08708053810781398,0.08708053810781398,0.0,1497
yt_subs_streak_balance_30d,0.08697519015541481,0.08697519015541481,0.3560454241816967,964
yt_views_full_abs_change,0.08692391824165976,-0.08692391824165976,0.35404141616566465,967
yt_views_365d_abs_change,0.08692391824165976,-0.08692391824165976,0.35404141616566465,967
yt_views_180d_slope,0.08649001851299137,-0.08649001851299137,0.3560454241816967,964
tt_uploads_full_range,0.08644571058257305,0.08644571058257305,0.29191716766867065,1060
tt_uploads_365d_range,0.08644571058257305,0.08644571058257305,0.29191716766867065,1060
ig_followers_90d_diff_mean,0.08616956083664573,-0.08616956083664573,0.2177688710754843,1171
ig_followers_30d_pos_streak,0.08594060092603353,0.08594060092603353,0.2177688710754843,1171
ig_followers_30d_slope,0.08592448859790702,-0.08592448859790702,0.2177688710754843,1171
tt_likes_post2w_nonpos_streak,0.0856070165942857,-0.0856070165942857,0.3299933199732799,1003
tt_uploads_30d_nonpos_streak,0.08530732090946694,-0.08530732090946694,0.29325317301269205,1058
ig_media_180d_pos_streak,0.08495983083040899,0.08495983083040899,0.2177688710754843,1171
ig_media_trend_efficiency_30d,0.08480971418249399,0.08480971418249399,0.23380093520374082,1147
yt_views_post2w_cv,0.08455597757012567,0.08455597757012567,0.3500334001336005,973
ig_followers_90d_abs_change,0.0843677780661186,-0.0843677780661186,0.21710086840347362,1172
ig_followers_180d_range,0.08407768120821413,-0.08407768120821413,0.21710086840347362,1172
yt_subs_post2w_min,0.08385362572990636,-0.08385362572990636,0.3486973947895792,975
ig_media_trend_efficiency_90d,0.08383993208584499,0.08383993208584499,0.229124916499666,1154
yt_subs_365d_abs_change,0.08365075233514908,-0.08365075233514908,0.35404141616566465,967
yt_subs_full_abs_change,0.08365075233514908,-0.08365075233514908,0.35404141616566465,967
yt_subs_full_range,0.08350213709896576,-0.08350213709896576,0.35404141616566465,967
yt_subs_365d_range,0.08350213709896576,-0.08350213709896576,0.35404141616566465,967
yt_subs_post2w_mean,0.0830782329423013,-0.0830782329423013,0.3486973947895792,975
yt_views_365d_range,0.08267454768327631,-0.08267454768327631,0.35404141616566465,967
yt_views_full_range,0.08267454768327631,-0.08267454768327631,0.35404141616566465,967
yt_subs_post2w_last,0.08262005730790137,-0.08262005730790137,0.3486973947895792,975
yt_subs_post2w_max,0.08262005730790137,-0.08262005730790137,0.3486973947895792,975
yt_subs_burstiness_90d,0.08258768989813678,-0.08258768989813678,0.364061456245825,952
ig_followers_365d_pos_streak,0.08247506202723331,0.08247506202723331,0.2177688710754843,1171
ig_followers_full_pos_streak,0.08247506202723331,0.08247506202723331,0.2177688710754843,1171
yt_subs_90d_cv,0.08216692026409274,0.08216692026409274,0.3560454241816967,964
ig_followers_30d_slope_x_tt_followers_30d_slope,0.08161076966473213,-0.08161076966473213,0.3560454241816967,964
yt_subs_post2w_pct_std,0.0814705882576669,0.0814705882576669,0.3500334001336005,973
Música Mexicana,0.08117830792296923,0.08117830792296923,0.0,1497
ig_followers_365d_nonpos_streak,0.08086989835144963,-0.08086989835144963,0.2177688710754843,1171
ig_followers_full_nonpos_streak,0.08086989835144963,-0.08086989835144963,0.2177688710754843,1171
yt_views_post2w_pct_mean,0.08056879043276369,0.08056879043276369,0.3500334001336005,973
yt_subs_30d_max,0.08011100165069525,-0.08011100165069525,0.35404141616566465,967
yt_subs_90d_max,0.08009665900208969,-0.08009665900208969,0.35404141616566465,967
yt_subs_180d_max,0.08009513498417768,-0.08009513498417768,0.35404141616566465,967
yt_subs_365d_last,0.08008925368446156,-0.08008925368446156,0.35404141616566465,967
yt_subs_full_last,0.08008925368446156,-0.08008925368446156,0.35404141616566465,967
yt_subs_90d_last,0.08008925368446156,-0.08008925368446156,0.35404141616566465,967
yt_subs_30d_last,0.08008925368446156,-0.08008925368446156,0.35404141616566465,967
yt_subs_180d_last,0.08008925368446156,-0.08008925368446156,0.35404141616566465,967
yt_subs_full_max,0.08008904218726735,-0.08008904218726735,0.35404141616566465,967
yt_subs_365d_max,0.08008904218726735,-0.08008904218726735,0.35404141616566465,967
yt_subs_30d_mean,0.07996031375991604,-0.07996031375991604,0.35404141616566465,967
yt_subs_30d_min,0.079728374132176,-0.079728374132176,0.35404141616566465,967
yt_subs_90d_mean,0.0796754871355761,-0.0796754871355761,0.35404141616566465,967
ig_followers_post2w_diff_std,0.07958478548297064,-0.07958478548297064,0.21710086840347362,1172
yt_subs_90d_min,0.07949004864300502,-0.07949004864300502,0.35404141616566465,967
yt_subs_180d_mean,0.07948852154190064,-0.07948852154190064,0.35404141616566465,967
yt_subs_180d_min,0.07913101473346225,-0.07913101473346225,0.35404141616566465,967
yt_subs_365d_mean,0.07900856305872017,-0.07900856305872017,0.35404141616566465,967
yt_subs_full_mean,0.07900856305872017,-0.07900856305872017,0.35404141616566465,967
yt_views_90d_pos_streak,0.07900479646570041,0.07900479646570041,0.3560454241816967,964
yt_subs_norm_abs_change_90d,0.07837106580058018,0.07837106580058018,0.35404141616566465,967
tt_uploads_180d_abs_change,0.07801079360919248,0.07801079360919248,0.29191716766867065,1060
tt_uploads_180d_range,0.07789675618861826,0.07789675618861826,0.29191716766867065,1060
yt_subs_365d_min,0.07778396848159712,-0.07778396848159712,0.35404141616566465,967
yt_subs_full_min,0.07778396848159712,-0.07778396848159712,0.35404141616566465,967
yt_subs_30d_nonpos_streak,0.07773369647363391,-0.07773369647363391,0.3560454241816967,964
ig_followers_post2w_pct_max,0.07762283829963341,0.07762283829963341,0.21710086840347362,1172
yt_subs_30d_range,0.07739981883924851,-0.07739981883924851,0.35404141616566465,967
ig_media_180d_pct_std,0.07657485272965465,-0.07657485272965465,0.218436873747495,1170
yt_subs_30d_abs_change,0.07482517619621255,-0.07482517619621255,0.35404141616566465,967
log_yt_views_release_date_x_yt_views_per_sub,0.07470967360674044,-0.07470967360674044,0.35404141616566465,967
tt_followers_90d_pct_std,0.07444329429706747,0.07444329429706747,0.29325317301269205,1058
yt_subs_full_std,0.07342391617006454,-0.07342391617006454,0.35404141616566465,967
yt_subs_365d_std,0.07342391617006454,-0.07342391617006454,0.35404141616566465,967
ig_media_full_cv,0.07330403031445691,-0.07330403031445691,0.218436873747495,1170
ig_media_365d_cv,0.07330403031445691,-0.07330403031445691,0.218436873747495,1170
ig_followers_post2w_pct_std,0.07301006578435944,0.07301006578435944,0.21710086840347362,1172
tt_likes_30d_nonpos_streak,0.07290602798674951,-0.07290602798674951,0.29325317301269205,1058
yt_subs_stagnation_over_level_30d,0.07257759048039314,0.07257759048039314,0.3560454241816967,964
tt_followers_180d_nonpos_streak,0.07239795763334225,-0.07239795763334225,0.29325317301269205,1058
ig_followers_90d_slope,0.07221669342614585,-0.07221669342614585,0.2177688710754843,1171
tt_uploads_30d_pos_streak,0.07217207514230431,0.07217207514230431,0.29325317301269205,1058
ig_media_180d_pct_max,0.07156807815848863,-0.07156807815848863,0.218436873747495,1170
Latin,0.0711338102388028,0.0711338102388028,0.0,1497
ig_media_recency_mean_30_over_90,0.07074414765391145,0.07074414765391145,0.2177688710754843,1171
yt_subs_180d_range,0.0706830887472396,-0.0706830887472396,0.35404141616566465,967
yt_subs_180d_abs_change,0.07051255472915847,-0.07051255472915847,0.35404141616566465,967
tt_uploads_180d_diff_mean,0.06957528092648778,0.06957528092648778,0.29325317301269205,1058
has_yt,0.069433433152575,0.069433433152575,0.0,1497
tt_likes_stagnation_over_level_30d,0.06941199740386146,-0.06941199740386146,0.2952571810287241,1055
tt_uploads_365d_std,0.06913714386116132,0.06913714386116132,0.29191716766867065,1060
tt_uploads_full_std,0.06913714386116132,0.06913714386116132,0.29191716766867065,1060
tt_likes_90d_pct_min,0.06886624726998272,0.06886624726998272,0.2952571810287241,1055
ig_followers_trend_efficiency_90d,0.06835559492348987,0.06835559492348987,0.218436873747495,1170
tt_followers_90d_pct_max,0.06744381211768702,0.06744381211768702,0.29325317301269205,1058
tt_uploads_release_vs_90d_max,0.06741435355684645,0.06741435355684645,0.2965931863727455,1053
ig_followers_stagnation_over_level_30d,0.0674083510437437,0.0674083510437437,0.2177688710754843,1171
yt_subs_burstiness_30d,0.06731437150559513,-0.06731437150559513,0.3807615230460922,927
yt_views_full_diff_mean,0.06698772113933517,-0.06698772113933517,0.3560454241816967,964
yt_views_365d_diff_mean,0.06698772113933517,-0.06698772113933517,0.3560454241816967,964
ig_followers_90d_std,0.06697015080307749,-0.06697015080307749,0.21710086840347362,1172
yt_subs_30d_slope,0.06696672591166035,-0.06696672591166035,0.3560454241816967,964
log_tt_likes_release_date,0.06684718106629317,0.06684718106629317,0.29191716766867065,1060
tt_uploads_180d_slope,0.06666409799842508,0.06666409799842508,0.29325317301269205,1058
tt_followers_90d_range,0.06649218404143462,0.06649218404143462,0.29191716766867065,1060
yt_subs_90d_abs_change,0.06607972994946609,-0.06607972994946609,0.35404141616566465,967
yt_subs_90d_range,0.06604474340821627,-0.06604474340821627,0.35404141616566465,967
tt_followers_90d_abs_change,0.06594333584178191,0.06594333584178191,0.29191716766867065,1060
ig_followers_180d_pct_max,0.06534407337200944,0.06534407337200944,0.2177688710754843,1171
tt_uploads_180d_std,0.06519635863256554,0.06519635863256554,0.29191716766867065,1060
tt_uploads_90d_pct_min,0.06501385422319987,0.06501385422319987,0.29792919171676685,1051
tt_followers_full_pct_std,0.06487775407631478,0.06487775407631478,0.29325317301269205,1058
tt_followers_365d_pct_std,0.06487775407631478,0.06487775407631478,0.29325317301269205,1058
yt_subs_30d_diff_mean,0.06470740072698893,-0.06470740072698893,0.3560454241816967,964
tt_followers_30d_pct_max,0.06467459480340568,0.06467459480340568,0.29325317301269205,1058
yt_views_180d_std,0.06441435396595503,-0.06441435396595503,0.35404141616566465,967
ig_followers_90d_range,0.0641626755261025,-0.0641626755261025,0.21710086840347362,1172
tt_likes_streak_balance_30d,0.06390741226524188,0.06390741226524188,0.29325317301269205,1058
ig_media_release_vs_180d_max,0.06336497211263072,0.06336497211263072,0.2177688710754843,1171
tt_likes_release_vs_90d_max,0.06323428501819561,0.06323428501819561,0.2939211756847027,1057
tt_uploads_90d_drawdown,0.06314473644917887,-0.06314473644917887,0.29792919171676685,1051
tt_followers_burstiness_30d,0.06308046296420057,0.06308046296420057,0.49498997995991983,756
yt_subs_90d_std,0.06276708879016253,-0.06276708879016253,0.35404141616566465,967
yt_subs_recency_cv_30_over_90,0.06276297530788369,-0.06276297530788369,0.3633934535738143,953
tt_uploads_30d_slope,0.06225342385363975,0.06225342385363975,0.29325317301269205,1058
yt_subs_trend_efficiency_90d,0.06166198262436986,-0.06166198262436986,0.3633934535738143,953
tt_likes_90d_drawdown,0.06161284156557606,-0.06161284156557606,0.2952571810287241,1055
ig_followers_90d_pct_max,0.06142596988895265,0.06142596988895265,0.2177688710754843,1171
Rock,0.06135654815954797,-0.06135654815954797,0.0,1497
Pop,0.06116455946200209,0.06116455946200209,0.0,1497
tt_uploads_30d_drawdown,0.06114211761956424,-0.06114211761956424,0.29926519706078825,1049
ig_media_post2w_cv,0.06075786097846904,-0.06075786097846904,0.218436873747495,1170
tt_uploads_30d_pct_min,0.0605998887215492,0.0605998887215492,0.29926519706078825,1049
ig_followers_365d_drawdown,0.06044604670769882,-0.06044604670769882,0.2177688710754843,1171
ig_followers_full_drawdown,0.06044604670769882,-0.06044604670769882,0.2177688710754843,1171
tt_followers_recency_cv_30_over_90,0.06029793056975003,-0.06029793056975003,0.3800935203740815,928
tt_likes_release_date_over_yt_views_release_date,0.060161576982355955,0.060161576982355955,0.458249832999332,811
Metal,0.06004832172296737,-0.06004832172296737,0.0,1497
yt_views_180d_abs_change,0.05988294240795945,-0.05988294240795945,0.35404141616566465,967
log_tt_likes_per_upload,0.059721845720816256,-0.059721845720816256,0.29191716766867065,1060
tt_followers_180d_pct_mean,0.05970275559740003,0.05970275559740003,0.29325317301269205,1058
tt_followers_90d_std,0.05942690019758414,0.05942690019758414,0.29191716766867065,1060
yt_subs_180d_std,0.05911012106818633,-0.05911012106818633,0.35404141616566465,967
tt_uploads_90d_abs_change,0.0589700076587385,0.0589700076587385,0.29191716766867065,1060
tt_followers_90d_pct_mean,0.05882808087533998,0.05882808087533998,0.29325317301269205,1058
ig_media_post2w_diff_max,0.058645522258759034,-0.058645522258759034,0.21710086840347362,1172
tt_followers_90d_diff_max,0.058345098941645385,0.058345098941645385,0.29325317301269205,1058
tt_followers_180d_range,0.05827053069167304,0.05827053069167304,0.29191716766867065,1060
tt_followers_30d_pct_mean,0.057966561623581166,0.057966561623581166,0.29325317301269205,1058
ig_media_180d_diff_max,0.05785837059214749,-0.05785837059214749,0.2177688710754843,1171
yt_views_180d_diff_mean,0.057224300289348246,-0.057224300289348246,0.3560454241816967,964
yt_views_post2w_diff_max,0.05710452442516396,-0.05710452442516396,0.3500334001336005,973
ig_media_post2w_diff_std,0.0569901848381619,-0.0569901848381619,0.21710086840347362,1172
tt_followers_full_pct_mean,0.0569353432050958,0.0569353432050958,0.29325317301269205,1058
tt_followers_365d_pct_mean,0.0569353432050958,0.0569353432050958,0.29325317301269205,1058
ig_media_post2w_range,0.0569021619437011,-0.0569021619437011,0.21576486305945225,1174
ig_media_180d_pct_mean,0.05658605480744436,-0.05658605480744436,0.218436873747495,1170
ig_media_full_diff_max,0.05616542863476338,-0.05616542863476338,0.2177688710754843,1171
ig_media_365d_diff_max,0.05616542863476338,-0.05616542863476338,0.2177688710754843,1171
tt_likes_burstiness_90d,0.056161098274114286,-0.056161098274114286,0.3440213760855043,982
Alternative,0.05615695588707195,0.05615695588707195,0.0,1497
ig_media_post2w_std,0.05588310272923763,-0.05588310272923763,0.21576486305945225,1174
ig_media_post2w_diff_min,0.055863625738202485,0.055863625738202485,0.21710086840347362,1172
yt_views_365d_drawdown,0.05574799274660623,0.05574799274660623,0.3560454241816967,964
yt_views_full_drawdown,0.05574799274660623,0.05574799274660623,0.3560454241816967,964
yt_views_full_pct_max,0.05405147750981888,-0.05405147750981888,0.3560454241816967,964
yt_views_365d_pct_max,0.05405147750981888,-0.05405147750981888,0.3560454241816967,964
ig_followers_30d_pct_max,0.05395716550410543,0.05395716550410543,0.2177688710754843,1171
tt_likes_30d_pos_streak,0.05371958115630651,0.05371958115630651,0.29325317301269205,1058
tt_followers_180d_drawdown,0.053705962739317666,0.053705962739317666,0.29325317301269205,1058
tt_followers_180d_abs_change,0.05361989246743431,0.05361989246743431,0.29191716766867065,1060
ig_followers_post2w_diff_min,0.05349527159325306,-0.05349527159325306,0.21710086840347362,1172
yt_subs_30d_pct_min,0.0529667746557472,0.0529667746557472,0.3560454241816967,964
tt_uploads_90d_diff_mean,0.052851771737588774,0.052851771737588774,0.29325317301269205,1058
yt_views_post2w_range,0.05256024932327578,-0.05256024932327578,0.3486973947895792,975
tt_followers_90d_drawdown,0.0522241266448802,0.0522241266448802,0.29325317301269205,1058
yt_views_180d_range,0.051993859841076275,-0.051993859841076275,0.35404141616566465,967
yt_views_365d_pct_std,0.051548195532065244,-0.051548195532065244,0.3560454241816967,964
yt_views_full_pct_std,0.051548195532065244,-0.051548195532065244,0.3560454241816967,964
tt_followers_recency_std_30_over_90,0.051546544197523136,-0.051546544197523136,0.3800935203740815,928
yt_subs_180d_pct_mean,0.05150104795529129,0.05150104795529129,0.3560454241816967,964
tt_followers_365d_nonpos_streak,0.051299824227634086,-0.051299824227634086,0.29325317301269205,1058
tt_followers_full_nonpos_streak,0.051299824227634086,-0.051299824227634086,0.29325317301269205,1058
tt_uploads_90d_slope,0.05126335594356495,0.05126335594356495,0.29325317301269205,1058
ig_followers_30d_std,0.051231112734237035,-0.051231112734237035,0.21710086840347362,1172
yt_subs_90d_pct_mean,0.05091124923958495,0.05091124923958495,0.3560454241816967,964
tt_uploads_post2w_drawdown,0.05086313717293751,-0.05086313717293751,0.3360053440213761,994
Traditional Country,0.05074736420524039,0.05074736420524039,0.0,1497
yt_subs_365d_pct_mean,0.050628964530931964,0.050628964530931964,0.3560454241816967,964
yt_subs_full_pct_mean,0.050628964530931964,0.050628964530931964,0.3560454241816967,964
tt_followers_180d_std,0.05049613950661133,0.05049613950661133,0.29191716766867065,1060
tt_uploads_365d_pct_min,0.050401892289734,0.050401892289734,0.2965931863727455,1053
tt_uploads_full_pct_min,0.050401892289734,0.050401892289734,0.2965931863727455,1053
ig_followers_full_pct_min,0.05022455667790416,0.05022455667790416,0.2177688710754843,1171
ig_followers_365d_pct_min,0.05022455667790416,0.05022455667790416,0.2177688710754843,1171
tt_followers_post2w_slope,0.05010447919923731,0.05010447919923731,0.3299933199732799,1003
tt_uploads_post2w_pct_min,0.05002480810373071,0.05002480810373071,0.3360053440213761,994
yt_subs_90d_pct_min,0.049997010076908086,0.049997010076908086,0.3560454241816967,964
tt_followers_full_pct_max,0.049902370660683995,0.049902370660683995,0.29325317301269205,1058
tt_followers_365d_pct_max,0.049902370660683995,0.049902370660683995,0.29325317301269205,1058
yt_views_180d_pos_streak,0.04956917507114386,0.04956917507114386,0.3560454241816967,964
tt_followers_180d_diff_max,0.049514474724718247,0.049514474724718247,0.29325317301269205,1058
yt_subs_90d_slope,0.049473614384001594,-0.049473614384001594,0.3560454241816967,964
yt_views_post2w_diff_std,0.04942377739694377,-0.04942377739694377,0.3500334001336005,973
House,0.04920385251515921,0.04920385251515921,0.0,1497
Bass,0.04920385251515921,0.04920385251515921,0.0,1497
yt_subs_30d_pct_mean,0.049181575969949466,0.049181575969949466,0.3560454241816967,964
yt_subs_90d_diff_mean,0.04910299534698219,-0.04910299534698219,0.3560454241816967,964
tt_likes_90d_pos_streak,0.04909979570441619,0.04909979570441619,0.29325317301269205,1058
ig_followers_180d_nonpos_streak,0.048954129974092354,-0.048954129974092354,0.2177688710754843,1171
yt_subs_180d_pct_std,0.0487984292113512,0.0487984292113512,0.3560454241816967,964
tt_followers_30d_pct_std,0.04877346980826716,0.04877346980826716,0.29325317301269205,1058
tt_followers_post2w_pct_mean,0.048721400568547034,0.048721400568547034,0.3299933199732799,1003
tt_followers_30d_pct_min,0.04846394568062234,0.04846394568062234,0.29325317301269205,1058
ig_followers_post2w_pos_streak,0.04840649680570657,0.04840649680570657,0.21710086840347362,1172
yt_subs_full_diff_mean,0.04812374460904118,-0.04812374460904118,0.3560454241816967,964
yt_subs_365d_diff_mean,0.04812374460904118,-0.04812374460904118,0.3560454241816967,964
tt_uploads_365d_drawdown,0.04809581560087493,-0.04809581560087493,0.2965931863727455,1053
tt_uploads_full_drawdown,0.04809581560087493,-0.04809581560087493,0.2965931863727455,1053
tt_likes_90d_nonpos_streak,0.04800594022503261,-0.04800594022503261,0.29325317301269205,1058
yt_subs_full_slope,0.04799077786172458,-0.04799077786172458,0.3560454241816967,964
yt_subs_365d_slope,0.04799077786172458,-0.04799077786172458,0.3560454241816967,964
yt_subs_30d_cv,0.04785598542098649,0.04785598542098649,0.3560454241816967,964
ig_media_full_std,0.04756022150845571,0.04756022150845571,0.21710086840347362,1172
ig_media_365d_std,0.04756022150845571,0.04756022150845571,0.21710086840347362,1172
yt_subs_180d_pct_min,0.04752555671007755,0.04752555671007755,0.3560454241816967,964
yt_views_post2w_std,0.04731801759994288,-0.04731801759994288,0.3486973947895792,975
yt_subs_recency_std_30_over_90,0.047224814947152916,-0.047224814947152916,0.3633934535738143,953
yt_views_release_date_over_yt_subs_release_date,0.047082749792641335,-0.047082749792641335,0.35404141616566465,967
yt_views_per_sub,0.047082749792641335,-0.047082749792641335,0.35404141616566465,967
ig_media_180d_diff_std,0.04645641164590235,-0.04645641164590235,0.2177688710754843,1171
yt_views_90d_slope,0.04641563666369177,-0.04641563666369177,0.3560454241816967,964
yt_subs_365d_pct_min,0.04617602286360744,0.04617602286360744,0.3560454241816967,964
yt_subs_full_pct_min,0.04617602286360744,0.04617602286360744,0.3560454241816967,964
tt_followers_90d_diff_std,0.045402154823098916,0.045402154823098916,0.29325317301269205,1058
ig_media_post2w_pos_streak,0.04488947543393361,0.04488947543393361,0.21710086840347362,1172
tt_likes_180d_pct_min,0.04472544914365901,0.04472544914365901,0.2952571810287241,1055
tt_followers_trend_efficiency_30d,0.04467872382738186,0.04467872382738186,0.4916499665998664,761
yt_views_full_pct_min,0.0445191110336404,-0.0445191110336404,0.3560454241816967,964
yt_views_365d_pct_min,0.0445191110336404,-0.0445191110336404,0.3560454241816967,964
yt_subs_180d_diff_mean,0.044454978733454775,-0.044454978733454775,0.3560454241816967,964
tt_uploads_30d_cv,0.044235116313061255,-0.044235116313061255,0.29926519706078825,1049
ig_followers_post2w_nonpos_streak,0.0438380866656406,-0.0438380866656406,0.21710086840347362,1172
yt_views_180d_pct_max,0.04380320217080521,-0.04380320217080521,0.3560454241816967,964
ig_media_full_pct_mean,0.043803156726698766,-0.043803156726698766,0.218436873747495,1170
ig_media_365d_pct_mean,0.043803156726698766,-0.043803156726698766,0.218436873747495,1170
ig_followers_release_vs_180d_max,0.04366654391530728,0.04366654391530728,0.21710086840347362,1172
ig_followers_30d_nonpos_streak,0.04366058068115659,-0.04366058068115659,0.2177688710754843,1171
tt_followers_post2w_abs_change,0.04361811532348056,0.04361811532348056,0.32531730126920505,1010
ig_media_180d_cv,0.04361647930291512,-0.04361647930291512,0.218436873747495,1170
yt_subs_full_pct_std,0.0435928770561063,0.0435928770561063,0.3560454241816967,964
yt_subs_365d_pct_std,0.0435928770561063,0.0435928770561063,0.3560454241816967,964
yt_views_30d_cv,0.04339942987017245,0.04339942987017245,0.3560454241816967,964
yt_views_30d_pct_min,0.0433593429224558,0.0433593429224558,0.3560454241816967,964
yt_views_180d_pct_std,0.043287337394567714,-0.043287337394567714,0.3560454241816967,964
ig_followers_365d_diff_std,0.04322950362740858,-0.04322950362740858,0.2177688710754843,1171
ig_followers_full_diff_std,0.04322950362740858,-0.04322950362740858,0.2177688710754843,1171
R&B/Soul,0.04307375211695355,0.04307375211695355,0.0,1497
tt_likes_180d_pos_streak,0.04282143990153253,0.04282143990153253,0.29325317301269205,1058
yt_views_30d_abs_change,0.042584703358046296,0.042584703358046296,0.35404141616566465,967
ig_media_180d_diff_min,0.042412233926956595,0.042412233926956595,0.2177688710754843,1171
ig_followers_180d_drawdown,0.04227447751304402,-0.04227447751304402,0.2177688710754843,1171
ig_followers_30d_pct_mean,0.04219953307984799,0.04219953307984799,0.2177688710754843,1171
ig_followers_90d_nonpos_streak,0.04216902340418059,-0.04216902340418059,0.2177688710754843,1171
tt_likes_streak_balance_90d,0.04211710946606167,0.04211710946606167,0.29325317301269205,1058
yt_subs_90d_pct_std,0.042093079010595995,0.042093079010595995,0.3560454241816967,964
yt_views_30d_diff_mean,0.042061359225529976,0.042061359225529976,0.3560454241816967,964
tt_followers_post2w_diff_mean,0.041835289787443816,0.041835289787443816,0.3299933199732799,1003
tt_followers_full_std,0.04177201811535454,0.04177201811535454,0.29191716766867065,1060
tt_followers_365d_std,0.04177201811535454,0.04177201811535454,0.29191716766867065,1060
yt_subs_post2w_slope,0.04165947294322322,0.04165947294322322,0.3500334001336005,973
ig_followers_90d_pct_mean,0.04152658267795744,0.04152658267795744,0.2177688710754843,1171
ig_followers_180d_pct_min,0.0413233734796767,0.0413233734796767,0.2177688710754843,1171
ig_followers_180d_pct_mean,0.041192897711263894,0.041192897711263894,0.2177688710754843,1171
tt_followers_180d_diff_std,0.041142777832934706,0.041142777832934706,0.29325317301269205,1058
tt_likes_release_vs_180d_max,0.041079450075820326,0.041079450075820326,0.2939211756847027,1057
ig_media_30d_slope,0.04106974610891356,0.04106974610891356,0.2177688710754843,1171
ig_followers_90d_pct_min,0.04106345693261559,0.04106345693261559,0.2177688710754843,1171
yt_subs_180d_slope,0.040833884978458634,-0.040833884978458634,0.3560454241816967,964
tt_followers_30d_diff_max,0.04047222629935454,0.04047222629935454,0.29325317301269205,1058
tt_likes_per_upload,0.04035681662468115,0.04035681662468115,0.29926519706078825,1049
tt_followers_90d_slope,0.04032463051919544,0.04032463051919544,0.29325317301269205,1058
Holiday,0.04028035204947814,-0.04028035204947814,0.0,1497
yt_subs_post2w_range,0.040106638130294976,0.040106638130294976,0.3486973947895792,975
yt_subs_post2w_abs_change,0.040106638130294976,0.040106638130294976,0.3486973947895792,975
yt_subs_30d_diff_min,0.040093967863931664,0.040093967863931664,0.3560454241816967,964
Hip-Hop,0.03976965074613572,-0.03976965074613572,0.0,1497
tt_uploads_stagnation_over_level_30d,0.03953720822945417,-0.03953720822945417,0.29926519706078825,1049
ig_followers_full_diff_min,0.039416960682630765,0.039416960682630765,0.2177688710754843,1171
ig_followers_365d_diff_min,0.039416960682630765,0.039416960682630765,0.2177688710754843,1171
ig_followers_full_diff_max,0.03936424602015366,-0.03936424602015366,0.2177688710754843,1171
ig_followers_365d_diff_max,0.03936424602015366,-0.03936424602015366,0.2177688710754843,1171
yt_views_365d_pct_mean,0.039342574195116546,-0.039342574195116546,0.3560454241816967,964
yt_views_full_pct_mean,0.039342574195116546,-0.039342574195116546,0.3560454241816967,964
ig_followers_recency_cv_30_over_90,0.039220137276785666,-0.039220137276785666,0.218436873747495,1170
tt_uploads_30d_abs_change,0.03893150715180106,0.03893150715180106,0.29191716766867065,1060
ig_media_post2w_abs_change,0.03883831292750457,-0.03883831292750457,0.21576486305945225,1174
yt_subs_post2w_diff_mean,0.03881392561081993,0.03881392561081993,0.3500334001336005,973
tt_likes_180d_cv,0.038756794453783716,0.038756794453783716,0.2952571810287241,1055
Alte,0.03856763878412283,0.03856763878412283,0.0,1497
yt_subs_post2w_std,0.03854292068775263,0.03854292068775263,0.3486973947895792,975
yt_subs_norm_abs_change_30d,0.03827161938339532,0.03827161938339532,0.35404141616566465,967
ig_followers_30d_pct_min,0.038201624721542586,0.038201624721542586,0.2177688710754843,1171
tt_likes_180d_drawdown,0.0376524297776422,-0.0376524297776422,0.2952571810287241,1055
tt_uploads_90d_std,0.03749706110923459,0.03749706110923459,0.29191716766867065,1060
tt_uploads_30d_diff_mean,0.03749301770893978,0.03749301770893978,0.29325317301269205,1058
ig_media_30d_diff_max,0.037431928184314886,0.037431928184314886,0.2177688710754843,1171
ig_media_post2w_diff_mean,0.03715644395066681,-0.03715644395066681,0.21710086840347362,1172
tt_followers_post2w_std,0.037036824780733085,0.037036824780733085,0.32531730126920505,1010
tt_uploads_post2w_pos_streak,0.03686549147073405,0.03686549147073405,0.3299933199732799,1003
Christian,0.03620772662977079,0.03620772662977079,0.0,1497
Worldwide,0.0360674496855534,0.0360674496855534,0.0,1497
Afro-fusion,0.0360674496855534,0.0360674496855534,0.0,1497
ig_media_post2w_last,0.036031129523536196,-0.036031129523536196,0.21576486305945225,1174
ig_media_recency_mean_30_over_180,0.03593988623349347,0.03593988623349347,0.2177688710754843,1171
tt_followers_post2w_pct_max,0.035923283853307564,-0.035923283853307564,0.3299933199732799,1003
yt_subs_30d_drawdown,0.03591351688114759,-0.03591351688114759,0.3560454241816967,964
yt_views_30d_diff_min,0.03591003260982471,0.03591003260982471,0.3560454241816967,964
yt_subs_90d_nonpos_streak,0.03570905455413105,-0.03570905455413105,0.3560454241816967,964
ig_media_post2w_max,0.0356771880691163,-0.0356771880691163,0.21576486305945225,1174
tt_uploads_90d_range,0.03557827072672518,0.03557827072672518,0.29191716766867065,1060
yt_views_180d_pct_mean,0.03546916819912001,-0.03546916819912001,0.3560454241816967,964
ig_media_180d_slope,0.03541316688908745,-0.03541316688908745,0.2177688710754843,1171
tt_followers_90d_diff_mean,0.03522366867030457,0.03522366867030457,0.29325317301269205,1058
ig_media_post2w_mean,0.03516143177466098,-0.03516143177466098,0.21576486305945225,1174
tt_likes_180d_std,0.03515266003213493,0.03515266003213493,0.29191716766867065,1060
ig_media_90d_min,0.03492980343149557,-0.03492980343149557,0.21710086840347362,1172
tt_followers_365d_abs_change,0.034801162454915935,0.034801162454915935,0.29191716766867065,1060
tt_followers_full_abs_change,0.034801162454915935,0.034801162454915935,0.29191716766867065,1060
ig_media_30d_min,0.0345429334449152,-0.0345429334449152,0.21710086840347362,1172
ig_media_post2w_pct_std,0.034186855378723874,-0.034186855378723874,0.218436873747495,1170
Disney,0.03418655212603315,0.03418655212603315,0.0,1497
Musicals,0.03418655212603315,0.03418655212603315,0.0,1497
ig_media_90d_mean,0.03412945913417287,-0.03412945913417287,0.21710086840347362,1172
tt_followers_full_range,0.03400193802925303,0.03400193802925303,0.29191716766867065,1060
tt_followers_365d_range,0.03400193802925303,0.03400193802925303,0.29191716766867065,1060
ig_followers_30d_diff_min,0.033900622328854435,-0.033900622328854435,0.2177688710754843,1171
tt_likes_trend_efficiency_90d,0.03376438453221944,0.03376438453221944,0.3413493653974616,986
ig_media_30d_mean,0.03305795960264588,-0.03305795960264588,0.21710086840347362,1172
ig_media_180d_range,0.033050820827037544,-0.033050820827037544,0.21710086840347362,1172
tt_followers_post2w_cv,0.033037353569918076,0.033037353569918076,0.3299933199732799,1003
ig_media_30d_max,0.03285522803456495,-0.03285522803456495,0.21710086840347362,1172
African,0.03274370589288264,0.03274370589288264,0.0,1497
tt_uploads_post2w_cv,0.03270246750078345,-0.03270246750078345,0.3360053440213761,994
tt_followers_90d_pct_min,0.032615947380448256,0.032615947380448256,0.29325317301269205,1058
Original Score,0.03259592268921091,0.03259592268921091,0.0,1497
Singer/Songwriter,0.03250436047445721,0.03250436047445721,0.0,1497
ig_media_180d_last,0.03247950972955796,-0.03247950972955796,0.21710086840347362,1172
ig_media_365d_last,0.03247950972955796,-0.03247950972955796,0.21710086840347362,1172
ig_media_full_last,0.03247950972955796,-0.03247950972955796,0.21710086840347362,1172
ig_media_90d_last,0.03247950972955796,-0.03247950972955796,0.21710086840347362,1172
ig_media_30d_last,0.03247950972955796,-0.03247950972955796,0.21710086840347362,1172
yt_views_30d_slope_x_yt_subs_30d_slope,0.03242761108313367,-0.03242761108313367,0.3560454241816967,964
tt_likes_30d_pct_min,0.03234505452881235,0.03234505452881235,0.2952571810287241,1055
yt_subs_30d_pct_std,0.03183577744727988,0.03183577744727988,0.3560454241816967,964
yt_subs_post2w_drawdown,0.03159234265368813,-0.03159234265368813,0.3500334001336005,973
tt_uploads_recency_mean_30_over_90,0.03156906460922906,0.03156906460922906,0.2965931863727455,1053
tt_uploads_release_vs_180d_max,0.03148643352333585,0.03148643352333585,0.2959251837007348,1054
ig_media_180d_mean,0.03143223480847272,-0.03143223480847272,0.21710086840347362,1172
ig_followers_burstiness_90d,0.031419234083272685,-0.031419234083272685,0.22044088176352705,1167
yt_views_release_vs_90d_max,0.03135854574424561,0.03135854574424561,0.35404141616566465,967
tt_uploads_trend_efficiency_90d,0.03134963912359125,0.03134963912359125,0.3847695390781563,921
ig_media_post2w_pct_max,0.03124399665790161,-0.03124399665790161,0.218436873747495,1170
ig_followers_90d_drawdown,0.03118458684087905,-0.03118458684087905,0.2177688710754843,1171
yt_views_30d_pct_std,0.0311191606381809,-0.0311191606381809,0.3560454241816967,964
tt_followers_post2w_range,0.031083518302794592,0.031083518302794592,0.32531730126920505,1010
yt_views_30d_pct_max,0.031064363831084327,-0.031064363831084327,0.3560454241816967,964
yt_views_180d_drawdown,0.0310197707380139,0.0310197707380139,0.3560454241816967,964
ig_media_full_slope,0.030981270129759503,-0.030981270129759503,0.2177688710754843,1171
ig_media_365d_slope,0.030981270129759503,-0.030981270129759503,0.2177688710754843,1171
tt_likes_trend_efficiency_30d,0.030964684485719467,0.030964684485719467,0.37808951235804944,931
tt_followers_365d_slope,0.03085707170420959,0.03085707170420959,0.29325317301269205,1058
tt_followers_full_slope,0.03085707170420959,0.03085707170420959,0.29325317301269205,1058
yt_views_90d_pct_max,0.030611030108791817,-0.030611030108791817,0.3560454241816967,964
yt_views_90d_pct_std,0.030521105341063524,-0.030521105341063524,0.3560454241816967,964
yt_views_90d_pct_change_over_tt_likes_90d_pct_change,0.030337489317386925,-0.030337489317386925,0.49365397461589844,758
ig_media_90d_max,0.030102951444185257,-0.030102951444185257,0.21710086840347362,1172
ig_followers_30d_range,0.030042438703393248,-0.030042438703393248,0.21710086840347362,1172
tt_followers_180d_slope,0.029930131628949374,0.029930131628949374,0.29325317301269205,1058
tt_followers_30d_diff_std,0.029635103415942436,0.029635103415942436,0.29325317301269205,1058
ig_followers_180d_diff_std,0.029495264810642446,-0.029495264810642446,0.2177688710754843,1171
tt_followers_180d_diff_mean,0.02907693600081759,0.02907693600081759,0.29325317301269205,1058
ig_media_30d_diff_std,0.0289838839133885,0.0289838839133885,0.2177688710754843,1171
ig_followers_full_pct_max,0.0289436076256696,-0.0289436076256696,0.2177688710754843,1171
ig_followers_365d_pct_max,0.0289436076256696,-0.0289436076256696,0.2177688710754843,1171
ig_followers_365d_pct_std,0.028940697450426066,-0.028940697450426066,0.2177688710754843,1171
ig_followers_full_pct_std,0.028940697450426066,-0.028940697450426066,0.2177688710754843,1171
yt_views_30d_pct_mean,0.02882444281779312,-0.02882444281779312,0.3560454241816967,964
entry_week_pos_x_tt_likes_per_follower,0.028749062506353194,0.028749062506353194,0.29191716766867065,1060
ig_followers_release_vs_90d_max,0.02872306825462539,0.02872306825462539,0.21710086840347362,1172
tt_followers_post2w_pct_std,0.028590154272051235,-0.028590154272051235,0.3299933199732799,1003
ig_media_30d_range,0.028482313454677218,0.028482313454677218,0.21710086840347362,1172
yt_subs_post2w_diff_std,0.028440397936744834,-0.028440397936744834,0.3500334001336005,973
tt_uploads_180d_diff_max,0.02830515449989053,0.02830515449989053,0.29325317301269205,1058
yt_views_30d_std,0.028290880021540746,-0.028290880021540746,0.35404141616566465,967
yt_views_90d_diff_max,0.028248967153620304,0.028248967153620304,0.3560454241816967,964
ig_media_365d_diff_std,0.02802441795665768,-0.02802441795665768,0.2177688710754843,1171
ig_media_full_diff_std,0.02802441795665768,-0.02802441795665768,0.2177688710754843,1171
yt_views_30d_drawdown,0.027946392876536545,-0.027946392876536545,0.3560454241816967,964
yt_views_post2w_pct_max,0.027881582539569565,0.027881582539569565,0.3500334001336005,973
tt_likes_post2w_pos_streak,0.02771317862064561,0.02771317862064561,0.3299933199732799,1003
tt_likes_burstiness_30d,0.027639864680359748,-0.027639864680359748,0.3807615230460922,927
ig_followers_180d_diff_max,0.027564069524496068,-0.027564069524496068,0.2177688710754843,1171
ig_media_post2w_slope,0.027517288715395112,-0.027517288715395112,0.21710086840347362,1172
ig_followers_90d_diff_std,0.027288359427046768,-0.027288359427046768,0.2177688710754843,1171
tt_uploads_post2w_slope,0.027278108415084996,0.027278108415084996,0.3299933199732799,1003
tt_followers_full_drawdown,0.027143179504621768,0.027143179504621768,0.29325317301269205,1058
tt_followers_365d_drawdown,0.027143179504621768,0.027143179504621768,0.29325317301269205,1058
yt_subs_post2w_diff_min,0.027118243156754627,0.027118243156754627,0.3500334001336005,973
ig_media_365d_mean,0.027041077905162882,-0.027041077905162882,0.21710086840347362,1172
ig_media_full_mean,0.027041077905162882,-0.027041077905162882,0.21710086840347362,1172
Reggae,0.026711105920393323,0.026711105920393323,0.0,1497
ig_media_post2w_min,0.026578066986345596,-0.026578066986345596,0.21576486305945225,1174
tt_uploads_trend_efficiency_30d,0.026575489089691748,0.026575489089691748,0.4395457581830327,839
ig_followers_90d_diff_max,0.026542921391278344,-0.026542921391278344,0.2177688710754843,1171
yt_views_post2w_diff_min,0.026225714498769596,0.026225714498769596,0.3500334001336005,973
ig_media_180d_max,0.026210648968488747,-0.026210648968488747,0.21710086840347362,1172
Indie Rock,0.02599546366508777,0.02599546366508777,0.0,1497
ig_followers_30d_drawdown,0.025892784760631064,0.025892784760631064,0.2177688710754843,1171
tt_uploads_post2w_diff_mean,0.025837088127147054,0.025837088127147054,0.3299933199732799,1003
Children’s Music,0.02581787249833772,0.02581787249833772,0.0,1497
ig_followers_180d_diff_min,0.025720476698112397,0.025720476698112397,0.2177688710754843,1171
tt_likes_365d_nonpos_streak,0.025614373442481776,-0.025614373442481776,0.29325317301269205,1058
tt_likes_full_nonpos_streak,0.025614373442481776,-0.025614373442481776,0.29325317301269205,1058
tt_uploads_90d_cv,0.025172362507230497,-0.025172362507230497,0.29792919171676685,1051
ig_followers_90d_diff_min,0.02516022953438183,0.02516022953438183,0.2177688710754843,1171
Electronic,0.025114789248478365,0.025114789248478365,0.0,1497
yt_views_release_vs_180d_max,0.024782285213197763,0.024782285213197763,0.35404141616566465,967
tt_followers_30d_abs_change,0.024722681435566555,0.024722681435566555,0.29191716766867065,1060
ig_media_norm_abs_change_30d,0.02471634552485875,0.02471634552485875,0.2177688710754843,1171
tt_likes_365d_range,0.024470097677462905,0.024470097677462905,0.29191716766867065,1060
tt_likes_full_range,0.024470097677462905,0.024470097677462905,0.29191716766867065,1060
Christmas,0.024334263540161848,-0.024334263540161848,0.0,1497
Christmas: Classic,0.024334263540161844,-0.024334263540161844,0.0,1497
Afro-Beat,0.024334263540161844,-0.024334263540161844,0.0,1497
Oldies,0.024334263540161844,-0.024334263540161844,0.0,1497
Jazz,0.02433426354016184,-0.02433426354016184,0.0,1497
College Rock,0.024334263540161816,-0.024334263540161816,0.0,1497
Grunge,0.024334263540161816,-0.024334263540161816,0.0,1497
ig_media_90d_pct_std,0.024310681600853774,-0.024310681600853774,0.218436873747495,1170
ig_media_30d_pct_std,0.02429641408966531,-0.02429641408966531,0.218436873747495,1170
ig_media_90d_cv,0.024288113306734985,-0.024288113306734985,0.218436873747495,1170
ig_media_30d_std,0.024276237977644374,0.024276237977644374,0.21710086840347362,1172
ig_followers_30d_diff_std,0.024116895223689594,0.024116895223689594,0.2177688710754843,1171
tt_followers_180d_diff_min,0.024108155108183454,-0.024108155108183454,0.29325317301269205,1058
tt_uploads_30d_diff_min,0.02404290469645707,0.02404290469645707,0.29325317301269205,1058
ig_media_burstiness_90d,0.024011154275279615,-0.024011154275279615,0.22979291917167669,1153
yt_views_stagnation_over_level_30d,0.02390165999260986,0.02390165999260986,0.3560454241816967,964
yt_views_90d_pct_mean,0.023873130147927437,-0.023873130147927437,0.3560454241816967,964
tt_uploads_burstiness_30d,0.02386133512215728,-0.02386133512215728,0.4415497661990648,836
yt_subs_full_drawdown,0.023808933246779414,0.023808933246779414,0.3560454241816967,964
yt_subs_365d_drawdown,0.023808933246779414,0.023808933246779414,0.3560454241816967,964
ig_media_365d_abs_change,0.023751678077413477,-0.023751678077413477,0.21710086840347362,1172
ig_media_full_abs_change,0.023751678077413477,-0.023751678077413477,0.21710086840347362,1172
tt_followers_365d_diff_mean,0.023633864900762566,0.023633864900762566,0.29325317301269205,1058
tt_followers_full_diff_mean,0.023633864900762566,0.023633864900762566,0.29325317301269205,1058
tt_likes_365d_std,0.023050011452225908,0.023050011452225908,0.29191716766867065,1060
tt_likes_full_std,0.023050011452225908,0.023050011452225908,0.29191716766867065,1060
tt_likes_30d_cv,0.022980052633426125,-0.022980052633426125,0.2952571810287241,1055
yt_views_recency_std_30_over_90,0.02292260541763852,0.02292260541763852,0.3573814295257181,962
yt_views_30d_slope,0.022878880762740212,0.022878880762740212,0.3560454241816967,964
tt_likes_90d_std,0.022793997813954858,0.022793997813954858,0.29191716766867065,1060
yt_views_30d_diff_max,0.022767628332939757,0.022767628332939757,0.3560454241816967,964
tt_followers_30d_diff_min,0.02274029588670774,0.02274029588670774,0.29325317301269205,1058
yt_subs_180d_diff_min,0.022686230046187382,-0.022686230046187382,0.3560454241816967,964
tt_followers_post2w_pct_min,0.022574259761496414,0.022574259761496414,0.3299933199732799,1003
yt_views_full_diff_max,0.022471709284252146,0.022471709284252146,0.3560454241816967,964
yt_views_365d_diff_max,0.022471709284252146,0.022471709284252146,0.3560454241816967,964
tt_uploads_30d_std,0.022342911375082163,-0.022342911375082163,0.29191716766867065,1060
tt_uploads_recency_mean_30_over_180,0.022224644568493514,0.022224644568493514,0.2959251837007348,1054
ig_media_30d_diff_min,0.022038734707067412,-0.022038734707067412,0.2177688710754843,1171
ig_followers_30d_diff_max,0.021999251774340374,0.021999251774340374,0.2177688710754843,1171
tt_followers_30d_range,0.021830660506619384,0.021830660506619384,0.29191716766867065,1060
tt_likes_full_pos_streak,0.021604997546221725,0.021604997546221725,0.29325317301269205,1058
tt_likes_365d_pos_streak,0.021604997546221725,0.021604997546221725,0.29325317301269205,1058
ig_media_30d_diff_mean,0.02142571525145236,0.02142571525145236,0.2177688710754843,1171
tt_likes_180d_range,0.021260040892538416,0.021260040892538416,0.29191716766867065,1060
tt_uploads_365d_diff_max,0.021201527020286857,0.021201527020286857,0.29325317301269205,1058
tt_uploads_full_diff_max,0.021201527020286857,0.021201527020286857,0.29325317301269205,1058
yt_views_90d_std,0.02106669764869683,-0.02106669764869683,0.35404141616566465,967
ig_followers_recency_std_30_over_90,0.02105673710112956,-0.02105673710112956,0.218436873747495,1170
tt_followers_30d_diff_mean,0.02081260633464568,0.02081260633464568,0.29325317301269205,1058
tt_likes_365d_pct_min,0.020695054379464638,0.020695054379464638,0.2952571810287241,1055
tt_likes_full_pct_min,0.020695054379464638,0.020695054379464638,0.2952571810287241,1055
ig_followers_trend_efficiency_30d,0.0205139899676507,0.0205139899676507,0.21977287909151635,1168
tt_followers_180d_pct_min,0.020119612107590862,0.020119612107590862,0.29325317301269205,1058
tt_likes_180d_nonpos_streak,0.020112385626806912,-0.020112385626806912,0.29325317301269205,1058
tt_likes_90d_abs_change,0.01993873889837014,0.01993873889837014,0.29191716766867065,1060
tt_followers_post2w_drawdown,0.01983646723448251,-0.01983646723448251,0.3299933199732799,1003
tt_likes_full_diff_mean,0.01980591821816097,-0.01980591821816097,0.29325317301269205,1058
tt_likes_365d_diff_mean,0.01980591821816097,-0.01980591821816097,0.29325317301269205,1058
yt_views_180d_diff_max,0.019454524524415488,0.019454524524415488,0.3560454241816967,964
tt_likes_norm_abs_change_30d,0.01937296153432924,-0.01937296153432924,0.2939211756847027,1057
ig_media_full_diff_min,0.019360784207669884,0.019360784207669884,0.2177688710754843,1171
ig_media_365d_diff_min,0.019360784207669884,0.019360784207669884,0.2177688710754843,1171
tt_likes_90d_cv,0.01912638184680021,-0.01912638184680021,0.2952571810287241,1055
ig_media_365d_pct_std,0.01898543377331284,-0.01898543377331284,0.218436873747495,1170
ig_media_full_pct_std,0.01898543377331284,-0.01898543377331284,0.218436873747495,1170
yt_views_post2w_pct_std,0.018943878659954626,0.018943878659954626,0.3500334001336005,973
yt_views_180d_pct_min,0.018872492888953204,-0.018872492888953204,0.3560454241816967,964
tt_uploads_180d_diff_min,0.01870840866396975,-0.01870840866396975,0.29325317301269205,1058
ig_media_180d_abs_change,0.018706104657705332,-0.018706104657705332,0.21710086840347362,1172
ig_media_post2w_pct_mean,0.018696603314332687,-0.018696603314332687,0.218436873747495,1170
tt_followers_burstiness_90d,0.01868915289531053,0.01868915289531053,0.3834335337341349,923
tt_likes_180d_abs_change,0.018488844253297464,0.018488844253297464,0.29191716766867065,1060
ig_followers_365d_pct_mean,0.01833719771885308,-0.01833719771885308,0.2177688710754843,1171
ig_followers_full_pct_mean,0.01833719771885308,-0.01833719771885308,0.2177688710754843,1171
ig_media_90d_diff_min,0.018241680398859046,-0.018241680398859046,0.2177688710754843,1171
yt_views_30d_diff_std,0.01822181015587905,-0.01822181015587905,0.3560454241816967,964
yt_subs_release_vs_90d_max,0.018031644947531834,0.018031644947531834,0.35404141616566465,967
Contemporary R&B,0.017884722215119327,0.017884722215119327,0.0,1497
ig_media_90d_range,0.017696742794697615,0.017696742794697615,0.21710086840347362,1172
ig_media_30d_abs_change,0.01764803935854831,0.01764803935854831,0.21710086840347362,1172
ig_media_90d_diff_std,0.01709120582542757,0.01709120582542757,0.2177688710754843,1171
ig_media_365d_diff_mean,0.016857891283383348,-0.016857891283383348,0.2177688710754843,1171
ig_media_full_diff_mean,0.016857891283383348,-0.016857891283383348,0.2177688710754843,1171
tt_likes_30d_min,0.016779341723643256,0.016779341723643256,0.29191716766867065,1060
Folk,0.016728150969783116,0.016728150969783116,0.0,1497
yt_views_post2w_pct_min,0.01672325849465839,0.01672325849465839,0.3500334001336005,973
tt_likes_full_last,0.016642401183162143,0.016642401183162143,0.29191716766867065,1060
tt_likes_90d_last,0.016642401183162143,0.016642401183162143,0.29191716766867065,1060
tt_likes_30d_last,0.016642401183162143,0.016642401183162143,0.29191716766867065,1060
tt_likes_180d_last,0.016642401183162143,0.016642401183162143,0.29191716766867065,1060
tt_likes_365d_last,0.016642401183162143,0.016642401183162143,0.29191716766867065,1060
tt_likes_30d_mean,0.016602687370955473,0.016602687370955473,0.29191716766867065,1060
tt_likes_365d_max,0.016476988421197818,0.016476988421197818,0.29191716766867065,1060
tt_likes_full_max,0.016476988421197818,0.016476988421197818,0.29191716766867065,1060
tt_followers_365d_diff_max,0.016446200281214372,0.016446200281214372,0.29325317301269205,1058
tt_followers_full_diff_max,0.016446200281214372,0.016446200281214372,0.29325317301269205,1058
tt_followers_365d_pct_min,0.0163929406616006,0.0163929406616006,0.29325317301269205,1058
tt_followers_full_pct_min,0.0163929406616006,0.0163929406616006,0.29325317301269205,1058
tt_likes_post2w_range,0.016374145538183962,-0.016374145538183962,0.32531730126920505,1010
tt_likes_180d_max,0.01637110284179229,0.01637110284179229,0.29191716766867065,1060
ig_media_30d_pct_mean,0.016342241965116428,0.016342241965116428,0.218436873747495,1170
tt_likes_30d_max,0.01631108516719968,0.01631108516719968,0.29191716766867065,1060
tt_followers_90d_diff_min,0.016200627372642416,-0.016200627372642416,0.29325317301269205,1058
tt_likes_90d_max,0.016174013382828555,0.016174013382828555,0.29191716766867065,1060
tt_likes_post2w_min,0.016030174438315663,0.016030174438315663,0.32531730126920505,1010
tt_uploads_post2w_abs_change,0.015879899631233037,0.015879899631233037,0.32531730126920505,1010
tt_likes_90d_mean,0.015680519368723667,0.015680519368723667,0.29191716766867065,1060
yt_views_30d_range,0.01567837713738081,-0.01567837713738081,0.35404141616566465,967
tt_likes_full_abs_change,0.015501438281256122,0.015501438281256122,0.29191716766867065,1060
tt_likes_365d_abs_change,0.015501438281256122,0.015501438281256122,0.29191716766867065,1060
tt_likes_full_mean,0.015300050699408364,0.015300050699408364,0.29191716766867065,1060
tt_likes_365d_mean,0.015300050699408364,0.015300050699408364,0.29191716766867065,1060
tt_likes_180d_mean,0.015289167573519676,0.015289167573519676,0.29191716766867065,1060
tt_followers_post2w_diff_min,0.015205158666545406,0.015205158666545406,0.3299933199732799,1003
Afrobeats,0.015120891392345044,0.015120891392345044,0.0,1497
Neo-Soul,0.015120891392345041,0.015120891392345041,0.0,1497
yt_subs_release_vs_180d_max,0.015087750830032297,0.015087750830032297,0.35404141616566465,967
yt_views_180d_diff_min,0.015039326809757924,-0.015039326809757924,0.3560454241816967,964
yt_subs_180d_nonpos_streak,0.01498278247112281,-0.01498278247112281,0.3560454241816967,964
ig_media_full_min,0.014805979834953704,-0.014805979834953704,0.21710086840347362,1172
ig_media_365d_min,0.014805979834953704,-0.014805979834953704,0.21710086840347362,1172
tt_likes_90d_range,0.014737787689010014,0.014737787689010014,0.29191716766867065,1060
tt_likes_90d_min,0.014700466223787923,0.014700466223787923,0.29191716766867065,1060
tt_uploads_norm_abs_change_90d,0.014621530429984477,0.014621530429984477,0.2965931863727455,1053
tt_likes_180d_diff_mean,0.01457710931123217,-0.01457710931123217,0.29325317301269205,1058
tt_likes_post2w_mean,0.014409416261229133,0.014409416261229133,0.32531730126920505,1010
yt_subs_post2w_diff_max,0.014322042581434607,-0.014322042581434607,0.3500334001336005,973
yt_subs_90d_drawdown,0.014308930107440842,-0.014308930107440842,0.3560454241816967,964
tt_likes_post2w_last,0.014283787797903678,0.014283787797903678,0.32531730126920505,1010
tt_likes_post2w_max,0.013953142017897163,0.013953142017897163,0.32531730126920505,1010
tt_likes_180d_min,0.013937556149990506,0.013937556149990506,0.29191716766867065,1060
yt_subs_180d_pct_max,0.01386170747126762,0.01386170747126762,0.3560454241816967,964
yt_views_365d_diff_min,0.013816294680717304,-0.013816294680717304,0.3560454241816967,964
yt_views_full_diff_min,0.013816294680717304,-0.013816294680717304,0.3560454241816967,964
ig_media_full_max,0.013748189124071698,-0.013748189124071698,0.21710086840347362,1172
ig_media_365d_max,0.013748189124071698,-0.013748189124071698,0.21710086840347362,1172
Hard Rock,0.013698049809125451,-0.013698049809125451,0.0,1497
Arena Rock,0.013698049809125451,-0.013698049809125451,0.0,1497
Hair Metal,0.013698049809125451,-0.013698049809125451,0.0,1497
tt_likes_365d_drawdown,0.013653111648926212,-0.013653111648926212,0.2952571810287241,1055
tt_likes_full_drawdown,0.013653111648926212,-0.013653111648926212,0.2952571810287241,1055
yt_views_90d_range,0.013504504086347966,-0.013504504086347966,0.35404141616566465,967
tt_uploads_30d_diff_std,0.013484130719386636,-0.013484130719386636,0.29325317301269205,1058
tt_followers_release_vs_90d_max,0.013408655621130715,0.013408655621130715,0.29191716766867065,1060
tt_uploads_180d_diff_std,0.013253240713427032,0.013253240713427032,0.29325317301269205,1058
tt_likes_post2w_diff_min,0.013230862388513705,0.013230862388513705,0.3299933199732799,1003
ig_media_90d_std,0.013025321322683,0.013025321322683,0.21710086840347362,1172
yt_subs_full_pct_max,0.0129377263609628,-0.0129377263609628,0.3560454241816967,964
yt_subs_365d_pct_max,0.0129377263609628,-0.0129377263609628,0.3560454241816967,964
tt_followers_30d_drawdown,0.012918121796950155,-0.012918121796950155,0.29325317301269205,1058
tt_likes_365d_min,0.012868635301756989,0.012868635301756989,0.29191716766867065,1060
tt_likes_full_min,0.012868635301756989,0.012868635301756989,0.29191716766867065,1060
ig_media_180d_diff_mean,0.012468015046557493,-0.012468015046557493,0.2177688710754843,1171
ig_media_90d_pct_max,0.01239344236360856,-0.01239344236360856,0.218436873747495,1170
tt_followers_trend_efficiency_90d,0.01229794540364294,0.01229794540364294,0.3800935203740815,928
yt_subs_release_date_over_ig_followers_release_date,0.012143270746998792,-0.012143270746998792,0.4255177020708083,860
Contemporary Latin,0.012031191400706348,0.012031191400706348,0.0,1497
yt_views_90d_pct_min,0.011999800768637976,0.011999800768637976,0.3560454241816967,964
ig_media_180d_std,0.011647624043896639,0.011647624043896639,0.21710086840347362,1172
Adult Alternative,0.011640000516099982,-0.011640000516099982,0.0,1497
Urbano latino,0.011557807660748123,0.011557807660748123,0.0,1497
tt_likes_30d_slope_over_tt_followers_30d_slope,0.011542570732123093,-0.011542570732123093,0.29325317301269205,1058
tt_likes_post2w_std,0.0114937068612188,-0.0114937068612188,0.32531730126920505,1010
tt_likes_post2w_diff_max,0.011285013657935838,-0.011285013657935838,0.3299933199732799,1003
ig_followers_30d_slope_over_tt_followers_30d_slope,0.011214972560398339,0.011214972560398339,0.3560454241816967,964
ig_media_30d_pct_max,0.011147297844663912,0.011147297844663912,0.218436873747495,1170
tt_likes_30d_drawdown,0.01109257814272383,-0.01109257814272383,0.2952571810287241,1055
tt_likes_365d_slope,0.010758969113393687,-0.010758969113393687,0.29325317301269205,1058
tt_likes_full_slope,0.010758969113393687,-0.010758969113393687,0.29325317301269205,1058
Soundtrack,0.010453125650064137,0.010453125650064137,0.0,1497
tt_likes_post2w_drawdown,0.009919831548755781,0.009919831548755781,0.33266533066132264,999
yt_views_full_diff_std,0.009838448902146225,-0.009838448902146225,0.3560454241816967,964
yt_views_365d_diff_std,0.009838448902146225,-0.009838448902146225,0.3560454241816967,964
tt_uploads_30d_range,0.009768874794039591,-0.009768874794039591,0.29191716766867065,1060
tt_uploads_norm_abs_change_30d,0.009690480092658757,-0.009690480092658757,0.29792919171676685,1051
ig_media_90d_diff_max,0.009679039919973069,0.009679039919973069,0.2177688710754843,1171
tt_followers_post2w_diff_std,0.009333740774143052,-0.009333740774143052,0.3299933199732799,1003
ig_media_180d_min,0.00913347529861349,-0.00913347529861349,0.21710086840347362,1172
tt_uploads_full_diff_min,0.00905219668722435,0.00905219668722435,0.29325317301269205,1058
tt_uploads_365d_diff_min,0.00905219668722435,0.00905219668722435,0.29325317301269205,1058
ig_followers_post2w_drawdown,0.008985633696403917,-0.008985633696403917,0.21710086840347362,1172
tt_uploads_365d_cv,0.008941912708079147,-0.008941912708079147,0.2965931863727455,1053
tt_uploads_full_cv,0.008941912708079147,-0.008941912708079147,0.2965931863727455,1053
tt_likes_post2w_pct_min,0.008667021799101464,-0.008667021799101464,0.33266533066132264,999
Dance,0.008545475413904812,0.008545475413904812,0.0,1497
tt_followers_stagnation_over_level_30d,0.00819814023418837,-0.00819814023418837,0.29325317301269205,1058
tt_likes_post2w_diff_std,0.0074739680563144254,-0.0074739680563144254,0.3299933199732799,1003
tt_uploads_90d_diff_std,0.007436277092182661,-0.007436277092182661,0.29325317301269205,1058
tt_followers_full_diff_std,0.007392598867635268,0.007392598867635268,0.29325317301269205,1058
tt_followers_365d_diff_std,0.007392598867635268,0.007392598867635268,0.29325317301269205,1058
ig_media_90d_pct_mean,0.007141267539337688,0.007141267539337688,0.218436873747495,1170
yt_views_trend_efficiency_90d,0.006727492871405067,0.006727492871405067,0.3573814295257181,962
yt_views_post2w_diff_mean,0.006693073532004158,-0.006693073532004158,0.3500334001336005,973
tt_followers_30d_slope,0.006686929184309166,-0.006686929184309166,0.29325317301269205,1058
tt_likes_post2w_slope,0.006513875338537545,-0.006513875338537545,0.3299933199732799,1003
tt_uploads_90d_diff_min,0.0064363764200264725,0.0064363764200264725,0.29325317301269205,1058
tt_uploads_post2w_diff_max,0.006388451932145332,0.006388451932145332,0.3299933199732799,1003
yt_subs_180d_drawdown,0.006325784510680177,0.006325784510680177,0.3560454241816967,964
tt_uploads_post2w_diff_min,0.006212092429737096,0.006212092429737096,0.3299933199732799,1003
ig_media_post2w_drawdown,0.006198915943464651,-0.006198915943464651,0.218436873747495,1170
yt_views_post2w_abs_change,0.006178210849529975,-0.006178210849529975,0.3486973947895792,975
yt_views_90d_diff_std,0.006155829847485264,0.006155829847485264,0.3560454241816967,964
Dirty South,0.006151536069727738,-0.006151536069727738,0.0,1497
ig_media_90d_slope,0.006002180689234823,0.006002180689234823,0.2177688710754843,1171
tt_followers_post2w_diff_max,0.005880278481311189,-0.005880278481311189,0.3299933199732799,1003
yt_subs_365d_nonpos_streak,0.005817065854151005,-0.005817065854151005,0.3560454241816967,964
yt_subs_full_nonpos_streak,0.005817065854151005,-0.005817065854151005,0.3560454241816967,964
tt_followers_365d_diff_min,0.005787523578154352,0.005787523578154352,0.29325317301269205,1058
tt_followers_full_diff_min,0.005787523578154352,0.005787523578154352,0.29325317301269205,1058
tt_uploads_180d_cv,0.005767439139718732,0.005767439139718732,0.2972611890447562,1052
yt_subs_90d_pct_max,0.005726591300461636,0.005726591300461636,0.3560454241816967,964
tt_likes_90d_diff_mean,0.005680512885954555,-0.005680512885954555,0.29325317301269205,1058
ig_media_365d_pct_max,0.005626542013327779,-0.005626542013327779,0.218436873747495,1170
ig_media_full_pct_max,0.005626542013327779,-0.005626542013327779,0.218436873747495,1170
tt_likes_post2w_diff_mean,0.0056052790252052705,0.0056052790252052705,0.3299933199732799,1003
tt_followers_post2w_last,0.005585539885128698,0.005585539885128698,0.32531730126920505,1010
yt_views_30d_slope_over_yt_subs_30d_slope,0.005552652374662653,0.005552652374662653,0.3560454241816967,964
tt_followers_full_max,0.005529842170888802,0.005529842170888802,0.29191716766867065,1060
tt_followers_365d_max,0.005529842170888802,0.005529842170888802,0.29191716766867065,1060
tt_followers_post2w_max,0.005519909410672297,0.005519909410672297,0.32531730126920505,1010
ig_media_post2w_pct_min,0.005369474749759556,0.005369474749759556,0.218436873747495,1170
tt_likes_90d_slope,0.005269587032415828,0.005269587032415828,0.29325317301269205,1058
tt_followers_180d_max,0.005253062175162211,0.005253062175162211,0.29191716766867065,1060
tt_followers_full_last,0.005240653538458891,0.005240653538458891,0.29191716766867065,1060
tt_followers_365d_last,0.005240653538458891,0.005240653538458891,0.29191716766867065,1060
tt_followers_90d_last,0.005240653538458891,0.005240653538458891,0.29191716766867065,1060
tt_followers_180d_last,0.005240653538458891,0.005240653538458891,0.29191716766867065,1060
tt_followers_30d_last,0.005240653538458891,0.005240653538458891,0.29191716766867065,1060
tt_followers_30d_max,0.0051983016964293315,0.0051983016964293315,0.29191716766867065,1060
tt_followers_90d_max,0.005192609969533769,0.005192609969533769,0.29191716766867065,1060
tt_uploads_post2w_range,0.004944368214124076,0.004944368214124076,0.32531730126920505,1010
tt_uploads_90d_diff_max,0.004842240684148268,0.004842240684148268,0.29325317301269205,1058
yt_subs_365d_diff_min,0.00474984737405904,-0.00474984737405904,0.3560454241816967,964
yt_subs_full_diff_min,0.00474984737405904,-0.00474984737405904,0.3560454241816967,964
tt_likes_365d_diff_min,0.004706784417894722,-0.004706784417894722,0.29325317301269205,1058
tt_likes_full_diff_min,0.004706784417894722,-0.004706784417894722,0.29325317301269205,1058
yt_views_90d_abs_change,0.0046755321096835015,0.0046755321096835015,0.35404141616566465,967
tt_likes_180d_slope,0.004663233037414924,-0.004663233037414924,0.29325317301269205,1058
tt_followers_30d_min,0.004488826320757718,0.004488826320757718,0.29191716766867065,1060
Britpop,0.004484677661308652,0.004484677661308652,0.0,1497
tt_likes_30d_diff_max,0.004359747894267409,-0.004359747894267409,0.29325317301269205,1058
tt_likes_365d_diff_max,0.004300571271399633,-0.004300571271399633,0.29325317301269205,1058
tt_likes_full_diff_max,0.004300571271399633,-0.004300571271399633,0.29325317301269205,1058
tt_followers_30d_mean,0.004277655766593909,0.004277655766593909,0.29191716766867065,1060
Indie Pop,0.004158934406125278,0.004158934406125278,0.0,1497
yt_views_trend_efficiency_30d,0.004100129444244883,0.004100129444244883,0.374749498997996,936
tt_likes_30d_diff_std,0.0036907087669796955,-0.0036907087669796955,0.29325317301269205,1058
yt_views_90d_diff_mean,0.003613199823040838,0.003613199823040838,0.3560454241816967,964
ig_media_90d_diff_mean,0.0036058097311725172,0.0036058097311725172,0.2177688710754843,1171
yt_subs_trend_efficiency_30d,0.0036009954996792373,-0.0036009954996792373,0.3800935203740815,928
tt_uploads_post2w_std,0.003534679799791905,0.003534679799791905,0.32531730126920505,1010
tt_likes_90d_diff_std,0.0034092509398920326,-0.0034092509398920326,0.29325317301269205,1058
yt_views_recency_cv_30_over_90,0.003327805814004008,0.003327805814004008,0.3573814295257181,962
tt_uploads_365d_pct_max,0.0033219582681792504,-0.0033219582681792504,0.2965931863727455,1053
tt_uploads_full_pct_max,0.0033219582681792504,-0.0033219582681792504,0.2965931863727455,1053
tt_likes_180d_diff_std,0.0032638889135482374,-0.0032638889135482374,0.29325317301269205,1058
yt_views_90d_diff_min,0.0032525059083091472,0.0032525059083091472,0.3560454241816967,964
yt_views_post2w_slope,0.003245313374435238,-0.003245313374435238,0.3500334001336005,973
yt_views_post2w_drawdown,0.003234278182558862,-0.003234278182558862,0.3500334001336005,973
tt_likes_180d_diff_min,0.00319148649250061,0.00319148649250061,0.29325317301269205,1058
tt_uploads_365d_pct_std,0.0031119474508960266,-0.0031119474508960266,0.2965931863727455,1053
tt_uploads_full_pct_std,0.0031119474508960266,-0.0031119474508960266,0.2965931863727455,1053
yt_subs_30d_pct_max,0.0030801971855823275,0.0030801971855823275,0.3560454241816967,964
tt_followers_post2w_mean,0.0030746246411330605,0.0030746246411330605,0.32531730126920505,1010
tt_likes_30d_range,0.0029527995416390746,-0.0029527995416390746,0.29191716766867065,1060
song_length,0.002919234599711981,0.002919234599711981,0.07214428857715431,1389
tt_uploads_365d_pct_mean,0.002872115533588243,-0.002872115533588243,0.2965931863727455,1053
tt_uploads_full_pct_mean,0.002872115533588243,-0.002872115533588243,0.2965931863727455,1053
tt_likes_post2w_cv,0.002855245463922738,-0.002855245463922738,0.33266533066132264,999
tt_uploads_30d_pct_std,0.002739174044008878,-0.002739174044008878,0.29926519706078825,1049
tt_uploads_90d_pct_std,0.002732954915582468,-0.002732954915582468,0.29792919171676685,1051
tt_uploads_180d_pct_mean,0.0027305709226181814,-0.0027305709226181814,0.2972611890447562,1052
tt_followers_full_min,0.0027182478267676977,-0.0027182478267676977,0.29191716766867065,1060
tt_followers_365d_min,0.0027182478267676977,-0.0027182478267676977,0.29191716766867065,1060
tt_likes_30d_diff_mean,0.0027061754941693143,-0.0027061754941693143,0.29325317301269205,1058
yt_views_90d_drawdown,0.0026451917631303656,0.0026451917631303656,0.3560454241816967,964
tt_followers_30d_std,0.0026233816288920757,-0.0026233816288920757,0.29191716766867065,1060
tt_uploads_30d_pct_max,0.002614216372617727,-0.002614216372617727,0.29926519706078825,1049
yt_views_burstiness_90d,0.0026112767990638898,-0.0026112767990638898,0.3580494321977288,961
tt_likes_30d_diff_min,0.002594505695235646,0.002594505695235646,0.29325317301269205,1058
tt_followers_90d_mean,0.002585091344789268,0.002585091344789268,0.29191716766867065,1060
ig_media_burstiness_30d,0.0025768094921271158,0.0025768094921271158,0.23446893787575152,1146
tt_uploads_90d_pct_max,0.002576499415541459,-0.002576499415541459,0.29792919171676685,1051
tt_uploads_180d_pct_max,0.0025713767303501664,-0.0025713767303501664,0.2972611890447562,1052
tt_uploads_90d_pct_mean,0.002430537390947988,-0.002430537390947988,0.29792919171676685,1051
tt_uploads_30d_pct_mean,0.002357574454523706,-0.002357574454523706,0.29926519706078825,1049
tt_uploads_180d_pct_std,0.002259067860207822,-0.002259067860207822,0.2972611890447562,1052
tt_uploads_post2w_pct_std,0.002237060428113959,-0.002237060428113959,0.3360053440213761,994
tt_likes_90d_diff_max,0.0022215359622833443,-0.0022215359622833443,0.29325317301269205,1058
ig_media_full_range,0.0022209565372022727,-0.0022209565372022727,0.21710086840347362,1172
ig_media_365d_range,0.0022209565372022727,-0.0022209565372022727,0.21710086840347362,1172
tt_likes_full_pct_max,0.002157117017161715,-0.002157117017161715,0.2952571810287241,1055
tt_likes_365d_pct_max,0.002157117017161715,-0.002157117017161715,0.2952571810287241,1055
tt_likes_90d_pct_std,0.002157108612467374,-0.002157108612467374,0.2952571810287241,1055
tt_likes_365d_pct_std,0.0021571079138092285,-0.0021571079138092285,0.2952571810287241,1055
tt_likes_full_pct_std,0.0021571079138092285,-0.0021571079138092285,0.2952571810287241,1055
tt_likes_30d_pct_std,0.002157107286490516,-0.002157107286490516,0.2952571810287241,1055
tt_likes_30d_pct_max,0.0021571056126066155,-0.0021571056126066155,0.2952571810287241,1055
tt_likes_90d_pct_max,0.0021570979321737026,-0.0021570979321737026,0.2952571810287241,1055
tt_likes_180d_pct_std,0.002157095605431962,-0.002157095605431962,0.2952571810287241,1055
tt_likes_180d_pct_max,0.0021570905782504956,-0.0021570905782504956,0.2952571810287241,1055
tt_likes_30d_pct_mean,0.0021570770860639753,-0.0021570770860639753,0.2952571810287241,1055
tt_likes_90d_pct_mean,0.0021570067597126495,-0.0021570067597126495,0.2952571810287241,1055
tt_likes_180d_pct_mean,0.0021568856290165766,-0.0021568856290165766,0.2952571810287241,1055
tt_likes_365d_pct_mean,0.002156704671555949,-0.002156704671555949,0.2952571810287241,1055
tt_likes_full_pct_mean,0.002156704671555949,-0.002156704671555949,0.2952571810287241,1055
tt_likes_post2w_pct_max,0.002148282769878783,-0.002148282769878783,0.33266533066132264,999
tt_likes_post2w_pct_mean,0.0021482754534770496,-0.0021482754534770496,0.33266533066132264,999
tt_likes_post2w_pct_std,0.0021482745383726762,-0.0021482745383726762,0.33266533066132264,999
tt_uploads_post2w_pct_max,0.002100287200885251,-0.002100287200885251,0.3360053440213761,994
ig_media_norm_abs_change_90d,0.0020946497026107405,0.0020946497026107405,0.2177688710754843,1171
tt_uploads_post2w_pct_mean,0.0020439980804978285,-0.0020439980804978285,0.3360053440213761,994
log_tt_followers_release_date,0.0019536005732664866,-0.0019536005732664866,0.29191716766867065,1060
tt_followers_180d_mean,0.0019107633277949728,0.0019107633277949728,0.29191716766867065,1060
tt_likes_180d_diff_max,0.001821750015087281,-0.001821750015087281,0.29325317301269205,1058
tt_likes_30d_abs_change,0.001744422988998538,0.001744422988998538,0.29191716766867065,1060
tt_uploads_full_diff_std,0.0016754661026336507,-0.0016754661026336507,0.29325317301269205,1058
tt_uploads_365d_diff_std,0.0016754661026336507,-0.0016754661026336507,0.29325317301269205,1058
tt_followers_180d_min,0.0016477156373170465,-0.0016477156373170465,0.29191716766867065,1060
tt_uploads_180d_drawdown,0.0016063713029597607,0.0016063713029597607,0.2972611890447562,1052
tt_likes_30d_slope,0.0014018911750662765,0.0014018911750662765,0.29325317301269205,1058
tt_likes_30d_std,0.001393581491599516,-0.001393581491599516,0.29191716766867065,1060
tt_uploads_post2w_diff_std,0.0013718140554454304,0.0013718140554454304,0.3299933199732799,1003
yt_views_burstiness_30d,0.0011998575668934338,0.0011998575668934338,0.3754175016700067,935
tt_likes_90d_diff_min,0.0011432492313907469,0.0011432492313907469,0.29325317301269205,1058
tt_likes_post2w_abs_change,0.0011101930877640321,-0.0011101930877640321,0.32531730126920505,1010
tt_uploads_180d_pct_min,0.0010721486209038312,0.0010721486209038312,0.2972611890447562,1052
ig_followers_burstiness_30d,0.0010521292713681649,-0.0010521292713681649,0.22177688710754842,1165
ig_media_90d_abs_change,0.0008745627488526,0.0008745627488526,0.21710086840347362,1172
tt_uploads_burstiness_90d,0.0008468535041631324,-0.0008468535041631324,0.3867735470941884,918
tt_followers_release_vs_180d_max,0.0008459830949442738,0.0008459830949442738,0.29191716766867065,1060
tt_likes_full_diff_std,0.0007685427431589308,-0.0007685427431589308,0.29325317301269205,1058
tt_likes_365d_diff_std,0.0007685427431589308,-0.0007685427431589308,0.29325317301269205,1058
tt_followers_365d_mean,0.0007210489665458859,0.0007210489665458859,0.29191716766867065,1060
tt_followers_full_mean,0.0007210489665458859,0.0007210489665458859,0.29191716766867065,1060
tt_likes_30d_slope_x_tt_followers_30d_slope,0.0006284399730907917,0.0006284399730907917,0.29325317301269205,1058
yt_views_180d_diff_std,0.0006160609716671629,0.0006160609716671629,0.3560454241816967,964
tt_uploads_30d_diff_max,0.0004734660518004928,0.0004734660518004928,0.29325317301269205,1058
tt_followers_post2w_min,0.0003862446583440354,0.0003862446583440354,0.32531730126920505,1010
tt_followers_90d_min,0.00031208154069484157,0.00031208154069484157,0.29191716766867065,1060
Pop Latino,0.00030616104404638,0.00030616104404638,0.0,1497
Contemporary Singer/Songwriter,0.0002980052553147853,-0.0002980052553147853,0.0,1497
yt_subs_90d_diff_min,6.923244698771045e-05,-6.923244698771045e-05,0.3560454241816967,964
