artist,ig_handle,tt_handle,yt_handle,has_ig,has_tt,has_yt,has_social_media
Lil Durk,lildurk,lildurk,@LilDurk,True,True,True,True
Vince Guaraldi Trio,vinceguaraldimusic,vinceguaraldi,@VinceGuaraldiMusic,True,True,True,True
Roddy Ricch,roddyricch,roddyricch,@RoddyRicch,True,True,True,True
Kelly Clarkson,kellyclarkson,kellyclarkson,@kellyclarkson,True,True,True,True
Acraze,acraze,acrazemusic,@ACRAZEOFFICIAL,True,True,True,True
Carolina Gaitan,lagaita,lagaitagaitan,@LaGaita,True,True,True,True
Jessica Darrow,jessdarrow_,jessdarrow_,@JessicaDarrowOfficial,True,True,True,True
V,thv,,,True,False,False,True
Muni Long,munilong,munilong,@MuniLong,True,True,True,True
Emmy Meli,emmymelimusic,emmymelimusic,@emmymelienergy,True,True,True,True
Ari Lennox,arilennox,arilennox,@arilennox,True,True,True,True
Dierks Bentley,dierksbentley,dierksbentley,@dierksbentley,True,True,True,True
Sam Hunt,samhuntmusic,samhuntmusic,@SamHunt,True,True,True,True
Stephanie Beatriz,stephaniebeatriz,stephaniebeatriz,,True,True,False,True
Diane Guerrero,dianexguerrero,,@DianeGuerrero,True,False,True,True
ERNEST,ernest,ernest,@ernest,True,True,True,True
Lauren Spencer-Smith,laurenspencersmith,laurenspencersmith,@laurenspencersmith,True,True,True,True
Sebastian Yatra,sebastianyatra,sebastianyatra,@SebastianYatra,True,True,True,True
Walker Hayes,walkerhayes,walkerhayesofficial,@WalkerHayes,True,True,True,True
Russell Dickerson,russelldickerson,russelldickersonofficial,@RussellDTV,True,True,True,True
Blake Shelton,blakeshelton,blakeshelton,@blakeshelton,True,True,True,True
YoungBoy Never Broke Again,nba_youngboy,nbayoungboy,@NbaYoungBoy,True,True,True,True
The Walters,thewalters_,thewaltersband,@TheWaltersBand,True,True,True,True
Carly Pearce,carlypearce,carlypearce,@CarlyPearceOfficial,True,True,True,True
Gunna,gunna,gunna,@GunnaOfficial,True,True,True,True
The Weeknd,theweeknd,theweeknd,@TheWeeknd,True,True,True,True
Maren Morris,marenmorris,marenmorris,@marenmorris,True,True,True,True
The Game,losangelesconfidential,losangelesconfidential,@TheGameVideo,True,True,True,True
Rod Wave,rodwave,rodwave,@RodWaveOfficial,True,True,True,True
Chris Brown,chrisbrownofficial,chrisbrownofficial,@ChrisBrownTV,True,True,True,True
Cole Swindell,coleswindell,coleswindellofficial,@ColeSwindell,True,True,True,True
Jason Aldean,jasonaldean,jasonaldeanmusic,@JasonAldean,True,True,True,True
JID,jidsv,jidsv,@jid6871,True,True,True,True
Charlie Puth,charlieputh,charlieputh,@charlieputh,True,True,True,True
Internet Money,internetmoneyrecords,internetmoney,@InternetMoneyRecords,True,True,True,True
Key Glock,keyglock,keyglockreal,@Gli5ock,True,True,True,True
Yung Bleu,bleuvandross,yungbleuvandross,@bleuvandross,True,True,True,True
Gucci Mane,laflare1017,icedaddy1017,@guccimane,True,True,True,True
The Chainsmokers,thechainsmokers,thechainsmokers,@THECHAINSMOKERS,True,True,True,True
Benny The Butcher,getbenny,bennythebutcher,@bennythebutcher9863,True,True,True,True
Fireboy DML,fireboydml,fireboydml,@fireboydml,True,True,True,True
Miranda Lambert,mirandalambert,mirandalambert,@mirandalambert,True,True,True,True
NLE Choppa,thegreatnle,nlethegreat1,@NLECHOPPA,True,True,True,True
XXXTENTACION,xxxtentacion,,@xxxtentacion,True,False,True,True
Em Beihold,embeihold,embeihold,@EmBeihold,True,True,True,True
Jaymes Young,jaymesyng,jaymesyoungofficial,@JaymesYoung,True,True,True,True
Tiesto,tiesto,tiesto,@tiesto,True,True,True,True
Megan Thee Stallion,theestallion,theestallion,@megantheestallion,True,True,True,True
Carlos Vives,carlosvives,carlosvives,@carlosvives,True,True,True,True
Nicki Minaj,nickiminaj,nickiminaj,@nickiminaj,True,True,True,True
King Von,kingvonfrmdao,kingvonfrmdao1,@kingvon8062,True,True,True,True
Juice WRLD,juicewrld999,juicewrld999,@JuiceWRLD,True,True,True,True
Tate McRae,tatemcrae,tatemcrae,@TateMcRae,True,True,True,True
YG,yg,yg,@YG-vj2kq,True,True,True,True
Machine Gun Kelly,machinegunkelly,mgk,@mgk,True,True,True,True
Red Hot Chili Peppers,chilipeppers,chilipeppers,@RedHotChiliPeppers,True,True,True,True
$NOT,snot,snot,@SNOT999,True,True,True,True
Queen Naija,queennaija,queennaija,@QueenNaija,True,True,True,True
Alesso,alesso,alesso,@alesso,True,True,True,True
Becky G,iambeckyg,iambeckyg,@beckyg,True,True,True,True
Ed Sheeran,teddysphotos,edsheeran,@EdSheeran,True,True,True,True
Future,,plutoouttahere,@officialfuturevideos,False,True,True,True
Fivio Foreign,fivioforeign_8fs,fivioforeign,@fivioforeign,True,True,True,True
Dove Cameron,dovecameron,dovecameron,@dove_cameron,True,True,True,True
Mary J. Blige,therealmaryjblige,maryjblige,@maryjbligemusic,True,True,True,True
Saweetie,saweetie,saweetie,@OfficialSaweetieMusic,True,True,True,True
Jung Kook,mnijungkook,jungkook,,True,True,False,True
Jack Harlow,jackharlow,missionaryjack,@JackHarlow,True,True,True,True
Yeat,yeat,,@yeatmusic3280,True,False,True,True
Jessie Murph,jessiemurphhh,jessiemurphhh,@JessieMurph,True,True,True,True
HARDY,hardy,hardy,@HARDYmusic,True,True,True,True
Tyga,tyga,tyga,@TygaTygaTV,True,True,True,True
Labrinth,labrinth,labrinth,@labrinth,True,True,True,True
Kodak Black,kodakblack,kodakblack,@KodakBlack,True,True,True,True
JNR CHOI,jnrchoi,jnrchoi,@JNRCHOI,True,True,True,True
Lil Shordie Scott,shordiescott,,@lilshordiescott,True,False,True,True
Camila Cabello,camila_cabello,camilacabello,@camilacabello,True,True,True,True
Russ,russ,russ,@russ,True,True,True,True
DaBaby,dababy,dababy,@dababy,True,True,True,True
Kevin Gates,iamkevingates,iamkevingates,@kevingatesTV,True,True,True,True
Nirvana,,,@nirvana,False,False,True,True
Imagine Dragons,imaginedragons,imaginedragons,@ImagineDragons,True,True,True,True
Coi Leray,coileray,coileray,@coileray,True,True,True,True
4*TOWN (From Disney And Pixar's Turning Red),,,,False,False,False,False
Carrie Underwood,carrieunderwood,carrieunderwood,@carrieunderwood,True,True,True,True
AnnenMayKantereit,annenmaykantereit,annenmaykantereit,@AnnenMayKantereit,True,True,True,True
Lucky Daye,iamluckydaye,luckydaye,@luckydaye9925,True,True,True,True
BoyWithUke,boywithuke,boywithuke,@boywithukeofficial,True,True,True,True
Yahritza Y Su Esencia,yahritzaysuesencia,yahritzaysuesencia,@YahritzaYSuEsencia,True,True,True,True
Daddy Yankee,daddyyankee,daddyyankee,@DaddyYankee,True,True,True,True
Anitta,anitta,anitta,@anitta,True,True,True,True
J Balvin,jbalvin,jbalvin,@jbalvin,True,True,True,True
Harry Styles,harrystyles,hshq,@HarryStyles,True,True,True,True
Lil Tjay,liltjay,liltjay,@liltjay,True,True,True,True
Shawn Mendes,shawnmendes,shawnmendes,@shawnmendes,True,True,True,True
Scotty McCreery,scottymccreery,scottymccreery,@smccreeryofficial,True,True,True,True
Parmalee,parmaleemusic,officialparmalee,@ParmaleeMusic,True,True,True,True
5 Seconds Of Summer,5sos,5sos,@5SOS,True,True,True,True
Rauw Alejandro,rauwalejandro,rauwalejandro,@RauwAlejandroTv,True,True,True,True
Lil Baby,lilbaby,lilbaby,@LilBabyATL,True,True,True,True
BIA,bia,bia,@BIABIAofficial,True,True,True,True
42 Dugg,42_dugggg,,@42duggmusic50,True,False,True,True
Chloe,chloebailey,chloebaileywashere,@chloebaileywashere,True,True,True,True
Pusha T,kingpush,pusha_t,@PUSHATgood,True,True,True,True
BRELAND,breland,breland,@Breland,True,True,True,True
Morgan Wallen,morganwallen,morganwallen,@morganwallen,True,True,True,True
Lizzo,lizzobeeating,lizzo,@Lizzo,True,True,True,True
Kay Flock,officialkayflocka,,@kayflock7152,True,False,True,True
6ix9ine,6ix9ine,6ix9ine,@6ix9ine,True,True,True,True
Kane Brown,kanebrown,kanebrown,@KaneBrown,True,True,True,True
Bailey Zimmerman,bailey.zimmerman,bailey.zimmerman,@BaileyZimmerman,True,True,True,True
The Kid LAROI,thekidlaroi,thekidlaroi,@TheKidLAROI,True,True,True,True
Karol G,karolg,karolg,@KarolG,True,True,True,True
Zach Bryan,zachlanebryan,zachlanebryan,@zachbryan1067,True,True,True,True
Southside,808mafiaboss,808mafiaboss,@808MafiaTV,True,True,True,True
Luke Combs,lukecombs,lukecombs,@lukecombs,True,True,True,True
Justin Bieber,lilbieber,justinbieber,@justinbieber,True,True,True,True
PSY,42psy42,42psy42,@officialpsy,True,True,True,True
Benson Boone,bensonboone,bensonboone,@BensonBoone,True,True,True,True
Sam Smith,samsmith,samsmith,@samsmith,True,True,True,True
Bad Bunny,badbunnypr,badbunny,@BadBunnyPR,True,True,True,True
Kendrick Lamar,kendricklamar,,@kendricklamar,True,False,True,True
Taylor Swift,taylorswift,taylorswift,@TaylorSwift,True,True,True,True
Lady Gaga,ladygaga,ladygaga,@LadyGaga,True,True,True,True
Nate Smith,natesmith,natesmithmusic,@natesmithmusic,True,True,True,True
Post Malone,postmalone,postmalone,@postmalone,True,True,True,True
Quavo,quavohuncho,quavohuncho,@quavohuncho5077,True,True,True,True
Ella Mai,ellamai,ellamai,@ellamai,True,True,True,True
Kanye West,kanyewest,ye,@kanyewest,True,True,True,True
SleazyWorld Go,sleazyworld_go,sleazyyworld_go,@sleazyworld_go,True,True,True,True
Moneybagg Yo,moneybaggyo,moneybaggyo,@MoneyBaggYoOfficial,True,True,True,True
Sleepy Hallow,_sleepyhallow_,sleepyhallowx3,@SleepyHallow,True,True,True,True
Calvin Harris,calvinharris,calvinharris,@CalvinHarris,True,True,True,True
Nicky Youre,nickyyoure,nickyyoure,@NickyYoure,True,True,True,True
Hitkidd,hitkidd,,@HitkiddWIDM,True,False,True,True
Keith Urban,keithurban,keithurban,@KeithUrban,True,True,True,True
Jon Pardi,jonpardi,jonpardi,@JonPardi,True,True,True,True
Tim McGraw,thetimmcgraw,timmcgraw,@timmcgraw,True,True,True,True
Stephen Sanchez,stephensanchezofficial,stephensanchezofficial,@stephensanchezofficial,True,True,True,True
Polo G,polo.capalot,pologofficial,@polog,True,True,True,True
Doja Cat,dojacat,dojacat,@dojacat,True,True,True,True
Shakira,shakira,shakira,@Shakira,True,True,True,True
Joji,sushitrash,joji,@joji,True,True,True,True
BTS,bts.bighitofficial,bts_official_bighit,@BTS,True,True,True,True
Pharrell Williams,pharrell,pharrell,@Pharrell,True,True,True,True
Halsey,iamhalsey,halsey,@halsey,True,True,True,True
OneRepublic,onerepublic,onerepublic,@OneRepublic,True,True,True,True
Tyler Hubbard,tylerhubbard,tylerhubbard,@TylerHubbardOfficial,True,True,True,True
Dylan Scott,dylanscottcountry,dylanscottcountry,@DylanScottCountry,True,True,True,True
Drake,champagnepapi,,@DrakeOfficial,True,False,True,True
Beyonce,beyonce,beyonce,@beyonce,True,True,True,True
Corey Kent,coreykent,coreykent,@CoreyKentofficial,True,True,True,True
Lil Nas X,lilnasx,lilnasx,@lilnasx,True,True,True,True
Eminem,eminem,eminem,@eminem,True,True,True,True
Cardi B,iamcardib,iamcardib,@cardib,True,True,True,True
Metallica,metallica,metallica,@metallica,True,True,True,True
Jelly Roll,jellyroll615,officialjellyroll,@JellyRoll,True,True,True,True
City Girls,citygirls,citygirls,@CityGirls,True,True,True,True
Ingrid Andress,ingridandress,ingridandress,@IngridAndress,True,True,True,True
Luke Bryan,lukebryan,lukebryan,@lukebryan,True,True,True,True
j-hope,uarmyhope,iamurhope,,True,True,False,True
Marshmello,marshmello,marshmello,@marshmello,True,True,True,True
Jake Owen,jakeowenofficial,jakeowen,@jakeowen,True,True,True,True
Sia,siamusic,sia,@sia,True,True,True,True
Steve Lacy,steve.lacy,steve.lacy,@stevelacy119,True,True,True,True
Brent Faiyaz,brentfaiyaz,brentfaiyaz,@thebrentfaiyaz,True,True,True,True
Yung Gravy,yunggravy,yunggravy,@yunggravy,True,True,True,True
Burna Boy,burnaboygram,burnaboyofficial,@BurnaBoy,True,True,True,True
Mitchell Tenpenny,m10penny,m10penny,@m10penny,True,True,True,True
Tems,temsbaby,temsbaby,@temsbaby,True,True,True,True
Chris Young,chrisyoungmusic,chrisyoungmusic,@ChrisYoung,True,True,True,True
Gabby Barrett,gabbybarrett_,gabbybarrettofficial,@gabbybarrett,True,True,True,True
Billie Eilish,billieeilish,billieeilish,@BillieEilish,True,True,True,True
John Rich,johnrichofficial,officialjohnrich_,@johnrichmusic,True,True,True,True
Justin Moore,justincolemoore,justinmoore,@justinmoore,True,True,True,True
Mac Miller,macmiller,,@macmiller,True,False,True,True
Bizarrap,bizarrap,bizarrap,@Bizarrap,True,True,True,True
NAV,nav,nav,@NAV,True,True,True,True
Jax,jax,jaxwritessongs,@jaxwritessongs,True,True,True,True
Nardo Wick,nardowick,nardowick,@NardoWick,True,True,True,True
DJ Khaled,djkhaled,djkhaled,@DJKhaledOfficial,True,True,True,True
benny blanco,itsbennyblanco,itsbennyblanco,@bennyblanco,True,True,True,True
Trippie Redd,trippieredd,trippieatplay,@trippieredd5093,True,True,True,True
Rosalia,rosalia.vt,rosalia,@rosalia,True,True,True,True
Jordan Davis,jordandavisofficial,jordandavismusic,@jordandavisofficial,True,True,True,True
BLACKPINK,blackpinkofficial,bp_tiktok,@BLACKPINK,True,True,True,True
Offset,offsetyrn,offsetyrn,@OFFSETYRN,True,True,True,True
Jackson Dean,thejacksondean,thejacksondean,@TheJacksonDean,True,True,True,True
Thomas Rhett,thomasrhettakins,thomasrhett,@thomasrhettmusic,True,True,True,True
Demi Lovato,ddlovato,ddlovato,@demilovato,True,True,True,True
Rosa Linn,rosalinnmusic,rosalinnmusic,@rosalinn,True,True,True,True
Lee Brice,leebrice,leebrice,@LeeBriceMusic,True,True,True,True
Manuel Turizo,manuelturizo,manuelturizoz,@ManuelTurizoMTZ,True,True,True,True
Elton John,eltonjohn,eltonjohn,@EltonJohn,True,True,True,True
JVKE,itsjvke,jvke,@JVKE,True,True,True,True
David Guetta,davidguetta,davidguetta,@davidguetta,True,True,True,True
d4vd,d4vddd,d4vdd,@d4vd,True,True,True,True
Rema,heisrema,badboyrema,@heisrema,True,True,True,True
Armani White,armaniblanco,armaniblanco,@ArmaniWhite,True,True,True,True
Romeo Santos,romeosantos,romeosantos,@romeo,True,True,True,True
Ghost,thebandghost,thebandghost,@thebandGhost,True,True,True,True
Omar Apollo,omar.apollo,omar.apollo,@OmarApollo,True,True,True,True
Little Big Town,littlebigtown,littlebigtown,@littlebigtown,True,True,True,True
EST Gee,est.gee,est.gee,@ESTGee,True,True,True,True
GloRilla,glorillapimp,glorilla03,@theofficialGloRilla,True,True,True,True
Zac Brown Band,zacbrownband,zacbrownband,@zacbrownband,True,True,True,True
AJR,ajrbrothers,ajrbrothers,@ajr,True,True,True,True
Grupo Frontera,grupofrontera,grupofrontera,@GrupoFronteraOficial,True,True,True,True
Jimmie Allen,jimmieallen,jimmieallenmusic,@jimmieallen,True,True,True,True
Megan Moroney,megmoroney,megmoroney,@meganmoroney,True,True,True,True
Diddy,diddy,diddy,@diddy,True,True,True,True
Lewis Capaldi,lewiscapaldi,lewiscapaldi,@LewisCapaldi,True,True,True,True
Lil Yachty,lilyachty,lilyachty,@lilyachty,True,True,True,True
Blink-182,blink182,blink182,@blink182,True,True,True,True
Lil Uzi Vert,liluzivert,liluzivert,@LILUZIVERT,True,True,True,True
Meghan Trainor,meghantrainor,meghantrainor,@MeghanTrainor,True,True,True,True
Oliver Tree,olivertree,olivertree,@OliverTree,True,True,True,True
Rihanna,badgalriri,rihanna,@rihanna,True,True,True,True
SZA,sza,sza,@sza,True,True,True,True
Jin,jin,,,True,False,False,True
21 Savage,21savage,21savage,@21savage,True,True,True,True
Selena Gomez,selenagomez,selenagomez,@selenagomez,True,True,True,True
Lainey Wilson,laineywilson,laineywilson,@LaineyWilson,True,True,True,True
Metro Boomin,metroboomin,metroboomin,@metroboomin,True,True,True,True
Arcangel,arcangel,arcangel,@Arcangel,True,True,True,True
RM,rkive,,,True,False,False,True
RAYE,raye,raye,@RAYEofficial,True,True,True,True
A Boogie Wit da Hoodie,aboogievsartist,artisthbtl,@ABoogieWitdaHoodie,True,True,True,True
Pentatonix,ptxofficial,pentatonix,@PTXofficial,True,True,True,True
Nengo Flow,nengoflowofficial,nengoflow.official,@nengoflow,True,True,True,True
Carin Leon,carinleonoficial,carinleonoficial,@carinleonoficial,True,True,True,True
Fuerza Regida,fuerzaregida,fuerzaregida,@FUERZAREGIDA,True,True,True,True
Parker McCollum,parkermccollum,parkermccollum,@ParkerMcCollum,True,True,True,True
Tory Lanez,torylanez,torylanez,@torylanez,True,True,True,True
Hotel Ugly,hotelugly,hotel_ugly,@HotelUgly,True,True,True,True
NewJeans,newjeans_official,newjeans_official,@NewJeans_official,True,True,True,True
Brett Young,brettyoungmusic,brettyoungmusic,@BrettYoungMusic,True,True,True,True
Miley Cyrus,mileycyrus,mileycyrus,@MileyCyrus,True,True,True,True
Sabrina Carpenter,sabrinacarpenter,sabrinacarpenter,@sabrinacarpenter,True,True,True,True
TAEYANG,__youngbae__,taeyang,@TAEYANG_OFFICIAL,True,True,True,True
Cody Johnson,codyjohnson,cojonation,@CodyJohnson,True,True,True,True
Mac DeMarco,macsrecordlabel,,@macdemarco,True,False,True,True
Kali Uchis,kaliuchis,kaliuchis,@KALIUCHIS,True,True,True,True
Ice Spice,icespice,icespicee,@IceSpice,True,True,True,True
TWICE,twicetagram,twice_tiktok_official,@TWICE,True,True,True,True
Gabito Ballesteros,gabitoballesteros,gabitoballesteros,@gabitoballesteros_,True,True,True,True
Finesse2Tymes,1finesse2tymes,1finesse2tymes1,@finesse2tymes1,True,True,True,True
ThxSoMch,thxsomch,thxsomch,@thxsomchh,True,True,True,True
Junior H,juniorh,,@JuniorH_Oficial,True,False,True,True
Ozuna,ozuna,ozuna,@Ozuna,True,True,True,True
P!nk,pink,pinkofficial,@PinkVideoVault,True,True,True,True
PinkPantheress,pinkpantheress,pinkpantheress,@Pinkpantheress,True,True,True,True
Peso Pluma,pesopluma,therealpesopluma,@pesopluma_oficial,True,True,True,True
Falling In Reverse,fallinginreverse,fallinginreverse,,True,True,False,True
Yandel,yandel,yandel,@yandel,True,True,True,True
Linkin Park,linkinpark,linkinpark,@LinkinPark,True,True,True,True
Superstar Pride,superstarpride,superstarpride,@SuperstarPrideTV,True,True,True,True
NF,nfrealmusic,nfrealmusic,@NFrealmusic,True,True,True,True
Toosii,toosii,toosii,@Toosii2x,True,True,True,True
Niall Horan,niallhoran,niallhoran,@NiallHoran,True,True,True,True
Lizzy McAlpine,lizzymcalpine,lizzymcalpine,@LizzyMcAlpine,True,True,True,True
Latto,latto,latto777,@Latto777,True,True,True,True
Lil Wayne,liltunechi,lilwayne,@lilwayne,True,True,True,True
Don Toliver,dontoliver,dontolivermusic,@dontolivermusic,True,True,True,True
Eslabon Armado,eslabonarmadooficial,eslabonarmadooficial,@EslabonArmado,True,True,True,True
Jimin,j.m,,,True,False,False,True
Hozier,hozier,hozierofficial,@hozier,True,True,True,True
Yng Lvcas,yng_lvcas,ynglvcas,@Yng_lvcas,True,True,True,True
Chino Pacas,chinito_pacas,chinito_pacass,@ChinoPacas_,True,True,True,True
Eladio Carrion,eladiocarrion,eladiocarrioneldelah,@EladioCarrion,True,True,True,True
Coco Jones,cocojones,cocojones,@cocojones,True,True,True,True
Melanie Martinez,littlebodybigheart,littlebodybigheart,@MelanieMartinez,True,True,True,True
Fifty Fifty,we_fiftyfifty,we_fiftyfifty,@WE_FIFTYFIFTY,True,True,True,True
Lola Brooke,lola.brooke,lolabrooke5,@LolaBrooke718,True,True,True,True
"Tyler, The Creator",feliciathegoat,,@TylerTheCreator,True,False,True,True
Old Dominion,olddominionmusic,olddominionband,@OldDominionMusic,True,True,True,True
Kanii,kanii_o,kanii_o,@Kaniio,True,True,True,True
Jack Black,jackblack,jackblack,,True,True,False,True
David Kushner,david.kushner,davidkushner,@david.kushner,True,True,True,True
Grupo Marca Registrada,grupomarcaregistrada1,grupomarcaregistrada,@GrupoMarcaRegistrada,True,True,True,True
Kim Petras,kimpetras,kimpetras,@kimpetras,True,True,True,True
Agust D,agustd,,,True,False,False,True
Jonas Brothers,jonasbrothers,jonasbrothers,@JonasBrothers,True,True,True,True
Libianca,iamlibianca,iamlibianca,@IAMLIBIANCA,True,True,True,True
Kali,kaliii,kaliyaashley,@kaliii,True,True,True,True
Anuel AA,anuel,anuel,@AnuelAA,True,True,True,True
Lil Mabu,lilmabu,lilmabu,@LilMabu,True,True,True,True
Doechii,doechii,iamdoechii_,@IamdoechiiTV,True,True,True,True
Hailey Whitters,haileywhitters,haileywhitters,@HaileyWhittersMusic,True,True,True,True
Lana Del Rey,honeymoon,lanadelrey,@LanaDelRey,True,True,True,True
Summer Walker,summerwalker,summerwalker,@summerwalker,True,True,True,True
Dan + Shay,danandshay,danandshay,@DanAndShay,True,True,True,True
Dua Lipa,dualipa,dualipaofficial,@dualipa,True,True,True,True
Sexyy Red,sexyyred,sexyyred314,@SexyyRed,True,True,True,True
Young Nudy,youngnudy,pde_youngnudy,@YoungNudy,True,True,True,True
Noah Kahan,noahkahanmusic,noahkahanmusic,@NoahKahan,True,True,True,True
El Alfa,elalfaeljefe,elalfaeljeferd,@ElAlfaElJefeTV,True,True,True,True
Baby Keem,keem,,@babykeem,True,False,True,True
Feid,feid,ferxxo444,@Feid,True,True,True,True
Young Thug,thuggerthugger1,thuggerthugger1,@youngthug,True,True,True,True
Olivia Rodrigo,oliviarodrigo,livbedumb,@OliviaRodrigo,True,True,True,True
Tainy,tainy,tainy,@tainy,True,True,True,True
Fall Out Boy,falloutboy,falloutboy,@falloutboy,True,True,True,True
FendiDa Rappa,fendidarappa_,fendi.darappa,@Fendi.DaRappa,True,True,True,True
Myke Towers,myketowers,myketowersmtyk,@MykeTowers,True,True,True,True
Troye Sivan,troyesivan,troyesivan,@troyesivan,True,True,True,True
Ryan Castro,ryancastrro,elcantantedelghetto,@elcantantedelghetto,True,True,True,True
Rylo Rodriguez,rylorodriguez,rylorodriguez,@rylorodriguez676,True,True,True,True
That Mexican OT,thatmexicanot,thatmexicanot,@thatmexicanot,True,True,True,True
Travis Scott,travisscott,travisscott,@TravisScottXX,True,True,True,True
Chris Stapleton,chrisstapleton,chrisstapleton,@chrisstapleton,True,True,True,True
Diplo,diplo,diplo,@Diplo,True,True,True,True
Charli xcx,charli_xcx,charlixcx,@officialcharlixcx,True,True,True,True
Ryan Gosling,,,,False,False,False,False
Tyler Childers,timmytychilders,timmytychildersmusic,@tylerchilders,True,True,True,True
Ivan Cornejo,ivancornejoo,ivancornejooo,@ivancornejoofficial,True,True,True,True
Usher,usher,usher,@Usher,True,True,True,True
Oliver Anthony Music,oliver_anthony_music_,oliveranthonymusic,@oliveranthonymusic,True,True,True,True
Warren Zeiders,warrenzeiders,warrenzeiders,@WarrenZeiders,True,True,True,True
Dominic Fike,dominicfike,,@dominicfike,True,False,True,True
Teddy Swims,teddyswims,teddyswims,@TeddySwims,True,True,True,True
Victoria Monet,victoriamonet,victoriamonet,@victoriamonet,True,True,True,True
Calle 24,calle24.oficial,calle24.oficial,@Calle24,True,True,True,True
Timbaland,timbaland,timbaland,@Timbaland,True,True,True,True
Kenya Grace,kenyagrace,kenyagracebaby,@kenyagracebaby,True,True,True,True
Paul Russell,paulrussell,paulrussellmusic,@paulrussellmusic,True,True,True,True
Lil Tecca,liltecca,lil.tecca,@LilTecca,True,True,True,True
Mitski,mitskileaks,mitskileaks,@mitskileaks,True,True,True,True
Maluma,maluma,maluma,@Maluma_Official,True,True,True,True
*NSYNC,nsync,nsync,@OfficialNSYNC,True,True,True,True
Tyla,tyla,hernametyla,@Tylaofficial,True,True,True,True
Rick Ross,richforever,,@rickrossmmgempire,True,False,True,True
Dustin Lynch,dustinlynch,dustinlynch,@DustinLynch,True,True,True,True
The Citizens of Halloween,,,,False,False,False,False
The Beatles,thebeatles,thebeatles,@TheBeatles,True,True,True,True
Stray Kids,realstraykids,jypestraykids,@StrayKids,True,True,True,True
Riley Green,rileyduckman,rileyduckman,@RileyGreenMusic,True,True,True,True
310babii,310babii,310.babii,@310babii,True,True,True,True
Andre 3000,andre3000,andre3000,@Andre-vc3pz,True,True,True,True
BigXthaPlug,bigxthaplug,bigxthaplug_,@bigxthaplug,True,True,True,True
Xavi,xavioficial,xaviiiofficial,@Xavi_Official,True,True,True,True
Flo Milli,flomillishit,flomillishit,@FloMilli,True,True,True,True
George Birge,georgebirge,georgebirgeofficial,@georgebirge,True,True,True,True
The Red Clay Strays,redclaystrays,theredclaystrays,@RedClayStrays,True,True,True,True
Cher,cher,cher,@cher,True,True,True,True
Jackson 5,thejacksons,,@thejacksonslegacy,True,False,True,True
Perry Como,,,@PerryComo,False,False,True,True
Chayce Beckham,chaycebeckhammusic,chaycebeckhammusic,@ChayceBeckhamMusic,True,True,True,True
Sophie Ellis-Bextor,sophieellisbextor,sophieebtiktok,@sophieebofficial,True,True,True,True
4Batz,4batz,4batz,@4Batz,True,True,True,True
Dylan Gossett,dylangossett,dylangossett,@DylanGossettMusic,True,True,True,True
Fridayy,fridayy,fridayy,@fridayyofficial,True,True,True,True
Tee Grizzley,teegrizzley,tee_grizzley,@TeeGrizzley,True,True,True,True
Ariana Grande,arianagrande,arianagrande,@ArianaGrande,True,True,True,True
Oscar Ortiz,oscarortizoficial,oscarortiz1.0,@oscarortizYT,True,True,True,True
Tom MacDonald,hangovergang,hangovergang,@TomMacDonaldOfficial,True,True,True,True
Justin Timberlake,justintimberlake,justintimberlake,@JustinTimberlake,True,True,True,True
YG Marley,ygmarley,ygmarley8,@YGMarley,True,True,True,True
Good Neighbours,wearegoodneighbours,wearegoodneighbours,@wearegoodneighbours,True,True,True,True
Rich Amiri,richamiri,richamirii,@RichAmiri,True,True,True,True
Conner Smith,connersmithmusic,connersmith,@ConnerSmith,True,True,True,True
Christian Nodal,nodal,nodal,@ChristianNodal,True,True,True,True
Chris Janson,thechrisjanson,thechrisjanson,@TheChrisJanson,True,True,True,True
Billy Joel,billyjoel,billyjoel,@billyjoel,True,True,True,True
BossMan Dlow,bossman_dlow,bossmandlow,@bossmandlow,True,True,True,True
Michael Marcagi,michaelmarcagimusic,michaelmarcagimusic,@MichaelMarcagiMusic,True,True,True,True
Bryson Tiller,brysontiller,brysontiller,@BrysonTiller,True,True,True,True
Djo,djotime,djo_time,@djomusic887,True,True,True,True
Tucker Wetmore,tuckerwetmore,tuckerwetmore,@TuckerWetmore,True,True,True,True
LE SSERAFIM,le_sserafim,le_sserafim,@LESSERAFIM_official,True,True,True,True
Twenty One Pilots,twentyonepilots,twentyonepilots,@twentyonepilots,True,True,True,True
Dasha,dashamusic,dasha,@dashamusicofficial,True,True,True,True
Kacey Musgraves,spaceykacey,kaceymusgraves,@KaceyMusgraves,True,True,True,True
Bryan Martin,bryanmartinmusic,bryanmartinmusic,@BryanMartinMusic,True,True,True,True
FloyyMenor,floyymenor,floyymenorys,@FloyyMenor,True,True,True,True
Artemas,artemas___,artemasaltalt,@artemas___,True,True,True,True
Joyner Lucas,joynerlucas,joynerlucas,@JoynerLucasOfficial,True,True,True,True
J. Cole,realcoleworld,,@jcole,True,False,True,True
Bakar,bakarrrr,bakarrr,@bakar1166,True,True,True,True
Chappell Roan,chappellroan,chappellroan,@ChappellRoan,True,True,True,True
ILLIT,illit_official,illit_official,@ILLIT_official,True,True,True,True
Shaboozey,shaboozey,shaboozey,@Shaboozey,True,True,True,True
Lay Bankz,laybankz,thelaybankz,@laybankz,True,True,True,True
Ken Carson,kencarson,kencarson,@kencarson,True,True,True,True
$uicideboy$,suicideboys,suicideboys,@suicideboys-G59,True,True,True,True
Tommy Richman,tommyrichmann,tommyrichman,@tommyrichman,True,True,True,True
JT,thegirljt,thegirljtworld,@THEGIRLJTWORLD,True,True,True,True
Mark Ambor,markambor,markambor,@markambor,True,True,True,True
Luis R Conriquez,luisrconriquezoficial,luisrconriquezoficial,@LuisRConrriquezOficial,True,True,True,True
Kenny Chesney,kennychesney,kennychesney,@KennyChesney,True,True,True,True
Myles Smith,mylessmithuk,mylessmithuk,@MylesSmithT,True,True,True,True
Koe Wetzel,koe_wetzel,koe_wetzel,@KoeWetzel,True,True,True,True
Shoreline Mafia,shorelinemafia,shorelinedothatshit,@ShorelineMafia,True,True,True,True
Central Cee,centralcee,centralcee,@CentralCee,True,True,True,True
Cris Mj,cris_emejota,crismjofficial1,@cris_emejota,True,True,True,True
Kehlani,kehlani,kehlani,@kehlani,True,True,True,True
Ashley Cooke,theashleycooke,theashleycooke,@AshleyCooke,True,True,True,True
Tinashe,tinashenow,tinashe,@tinashenow,True,True,True,True
Gracie Abrams,gracieabrams,tehegracietehe,@GracieAbrams,True,True,True,True
Ella Langley,ellalangleymusic,ellalangleymusic1,@ellalangleymusic,True,True,True,True
Mustard,mustard,mustard,@mustard,True,True,True,True
Jordan Adetunji,jordanadetunji,jordanadetunji,@JordanAdetunji,True,True,True,True
Coldplay,coldplay,coldplay,@coldplay,True,True,True,True
Kelsea Ballerini,kelseaballerini,kelseaballerini,@KelseaBallerini,True,True,True,True
LISA,lalalalisa_m,lalalalisa_m,@lalalalisa_m,True,True,True,True
Childish Gambino,childishgambino,donaldglover,@childishgambino,True,True,True,True
Katy Perry,katyperry,katyperry,@KatyPerry,True,True,True,True
Real Boston Richey,realbostonrichey,realbostonrichey,@realbostonrichey_,True,True,True,True
Sevdaliza,sevdaliza,sevdaliza,@Sevdaliza,True,True,True,True
Hanumankind,hanumankind,hanumankind.otw,@Hanumankind,True,True,True,True
Royel Otis,royelotis,royelotis,@royelotis,True,True,True,True
A$AP Rocky,asaprocky,asaprocky,@ASAPROCKYUPTOWN,True,True,True,True
Richy Mitch And The Coal Miners,rmcmband,rmcmband,@rmcmband,True,True,True,True
Drew Baldridge,drewbaldridgemusic,drewbaldridgemusic,@DrewBaldridgeMusic,True,True,True,True
Gigi Perez,gigi4perez,gigi4perez,@gigi4perez,True,True,True,True
Chase Matthew,iamchasematthew,iamchasematthew,@iamChaseMatthew,True,True,True,True
Tito Double P,titodoublep,titodoublep,@TitoDoubleP,True,True,True,True
Addison Rae,addisonraee,addisonre,@AddisonRae,True,True,True,True
Surf Curse,surfcurse,surfcurseofficial,@surfcurse,True,True,True,True
Playboi Carti,playboicarti,playboicarti,@playboicarti,True,True,True,True
Zach Top,zachtop,zachtop,@zachtop,True,True,True,True
Alex Warren,alexwarren,alexwarren,@AlexWarren,True,True,True,True
The Marias,themarias,themarias,@TheMarias,True,True,True,True
Odetari,odetari,odetari,@odetari,True,True,True,True
KSI,ksi,ksi,@KSI,True,True,True,True
JENNIE,jennierubyjane,jennierubyjane,@jennierubyjane,True,True,True,True
ROSE,roses_are_rosie,roses_are_rosie,@roses_are_rosie,True,True,True,True
Oscar Maydon,oscar_maydonn,oscar_maydonnn,@Oscar_Maydon,True,True,True,True
Brandon Lake,brandonlake,brandonlakemusic,@brandonlakeofficial,True,True,True,True
Loe Shimmy,loeshimmy,loeshimmy,@loeshimmy,True,True,True,True
Brooks & Dunn,brooksanddunn,brooksanddunn,@BrooksandDunn,True,True,True,True
Cynthia Erivo,cynthiaerivo,cynthiaerivo,@CynthiaErivo,True,True,True,True
Jonathan Bailey,jbayleaf,,,True,False,False,True
Stromae,stromae,stromae,@stromae,True,True,True,True
Laufey,laufey,laufey,@laufey,True,True,True,True
Lola Young,lolayounggg,lolayounggg,@LolaYounggg,True,True,True,True
Sam Barber,sambarber_music,sambarber_music,@sambarber9852,True,True,True,True
Michael Buble,michaelbuble,michaelbuble,@michaelbuble,True,True,True,True
Darlene Love,darlenelovesings,,@DarleneLove,True,False,True,True
Gwen Stefani,gwenstefani,gwenstefani,@gwenstefani,True,True,True,True
Kesha,kesha,kesha,@kesha,True,True,True,True
Neton Vega,net0n__,net0n__,@NetonVega,True,True,True,True
Dylan Marlowe,dylanmarlowemusic,dylanmarlowemusic,@dylanmarlowemusic,True,True,True,True
Ty Myers,tywmyers,tymyers,@tywmyers,True,True,True,True
Gelo,gelo,gelo,@GeloMusicOfficial,True,True,True,True
CHRYSTAL,chrystal.archives,chrystal.archives,@chrystal_,True,True,True,True
Imogen Heap,imogenheap,imogenheap,@imogenheap,True,True,True,True
Leon Thomas,leonthomas,leonthomas,@leonthomasmusic,True,True,True,True
Giveon,giveon,giveon,@Giveon,True,True,True,True
PARTYNEXTDOOR,partynextdoor,partynextdoor,@PARTYOMO,True,True,True,True
Pimmie,ayopimmie,ayopimmie,@ayopimmie,True,True,True,True
Bhad Bhabie,bhadbhabie,bhadbhabie,@bhadbhabie,True,True,True,True
Aleman,mxalemanmx,mxalemanmx,,True,True,False,True
Sleep Token,sleep_token,sleep_token,@Sleep-Token,True,True,True,True
John Morgan,johnmorgan95,johnmorganmusic,@JohnMorgan95,True,True,True,True
Ravyn Lenae,ravynlenae,ravynlenae,@RavynLenae,True,True,True,True
sombr,sombr,sombr,@somb.r,True,True,True,True
LOCASH,locash,locashmusic,@LOCASH,True,True,True,True
Malcolm Todd,malcolmtodd,malcolmtodddd,@malcolm_todd,True,True,True,True
Eric Church,ericchurchmusic,ericchurch,@ericchurch,True,True,True,True
Forrest Frank,hiforrest,hiforrestt,@hiforrest,True,True,True,True
PLUTO,plutonotdabratt,plutonotdaabraat,@plutonotthebratt,True,True,True,True
Hudson Westbrook,hudsonwestbrook,hudsonwestbrookmusic,@hudsonwestbrook,True,True,True,True
Lorde,lorde,lorde,@Lorde,True,True,True,True
Chuckyy,chuckywackemm,chuckywackem,@chuckywackem,True,True,True,True
Mariah the Scientist,mariahthescientist,mariahthescientist,@mariahthescientistofficial,True,True,True,True
Maroon 5,maroon5,maroon5,@Maroon5,True,True,True,True
KATSEYE,katseyeworld,katseyeworld,@katseyeworld,True,True,True,True
wifiskeleton,wifiskeleton,_wifiskeleton,,True,True,False,True
MOLIY,moliymusic,moliymusic,@MOLIY,True,True,True,True
Max McNown,maxmcnown,maxmcnown,@maxmcnown,True,True,True,True
Mariah Carey,mariahcarey,mariahcarey,@MariahCarey,True,True,True,True
ATEEZ,ateez_official_,ateez_official_,@ATEEZofficial,True,True,True,True
Josh Ross,joshrossmusic,joshrossmusic,@musicjoshross,True,True,True,True
Saja Boys,saja_wolfpack,,,True,False,False,True
HUNTR/X,,,,False,False,False,False
Rumi,,,,False,False,False,False
BabyChiefDoit,babychiefdoit,babychiefdoit,@BabyChiefDoitt,True,True,True,True
G Herbo,nolimitherbo,gherbo,@gherbo,True,True,True,True
JEONGYEON,jy_piece,,,True,False,False,True
Disco Lines,discolines,discolines,@discolines,True,True,True,True
Clipse,clipse,clipse,@Clipse,True,True,True,True
Ozzy Osbourne,ozzyosbourne,,@ozzyosbourne,True,False,True,True
Dareyes de La Sierra,dareydls,dareydls,@DareyesDeLaSierra,True,True,True,True
Pierce the Veil,piercetheveil,piercetheveil,@piercetheveil,True,True,True,True
